,wasserstein_1d,done,training_iteration,trial_id,date,timestamp,time_this_iter_s,time_total_s,pid,hostname,node_ip,time_since_restore,iterations_since_restore,config/custom/name,config/custom/zone,config/custom/train_window,config/custom/valid_window,config/custom/t_size,config/custom/batch_size,config/custom/steps,config/custom/patience,config/custom/swa_step_start,config/custom/steps_per_print,config/gan/initial_noise_size,config/gan/noise_size,config/gan/hidden_size,config/gan/mlp_size,config/gan/num_layers,config/gan/generator_lr,config/gan/discriminator_lr,config/gan/init_mult1,config/gan/init_mult2,config/gan/weight_decay,logdir
0,-1077.789306640625,True,15,24b3e2db,2024-03-12_19-15-58,1710267358,15.401732683181763,228.8691725730896,50431,hpc-c11-node22.unitn.it,192.168.115.155,228.8691725730896,15,SUD_v2,SUD,"('2015-01', '2020-12')","('2021-01', '2021-09')",7,16,200,1000,2500,5,5,3,16,16,1,0.0002,0.001,3,0.5,0.01,24b3e2db
1,-902.3610696231617,True,1,902028c1,2024-03-12_19-12-34,1710267154,16.742382049560547,16.742382049560547,50633,hpc-c11-node22.unitn.it,192.168.115.155,16.742382049560547,1,SUD_v2,SUD,"('2015-01', '2020-12')","('2021-01', '2021-09')",7,16,200,1000,2500,5,5,3,16,16,1,1.604927168232011e-05,0.000213941891235378,3,0.5,0.01,902028c1
2,-1000.787935144761,True,4,07a11f33,2024-03-12_19-13-45,1710267225,18.84167504310608,67.71407341957092,50714,hpc-c11-node22.unitn.it,192.168.115.155,67.71407341957092,4,SUD_v2,SUD,"('2015-01', '2020-12')","('2021-01', '2021-09')",7,16,200,1000,2500,5,5,3,16,16,1,0.0009467919626217047,0.0013474756207819633,3,0.5,0.01,07a11f33
3,-3681534.632352941,True,15,12896da5,2024-03-12_19-16-23,1710267383,13.457434177398682,217.91345953941345,50848,hpc-c11-node22.unitn.it,192.168.115.155,217.91345953941345,15,SUD_v2,SUD,"('2015-01', '2020-12')","('2021-01', '2021-09')",7,16,200,1000,2500,5,5,3,16,16,1,0.00013286715307772362,0.08516063001166609,3,0.5,0.01,12896da5
4,-943.4658741670496,True,1,74ab5eea,2024-03-12_19-13-20,1710267200,18.913925886154175,18.913925886154175,50929,hpc-c11-node22.unitn.it,192.168.115.155,18.913925886154175,1,SUD_v2,SUD,"('2015-01', '2020-12')","('2021-01', '2021-09')",7,16,200,1000,2500,5,5,3,16,16,1,0.00025136806531495345,0.0008637091396311233,3,0.5,0.01,74ab5eea
5,-1107.0810044232537,True,4,f07b3c6e,2024-03-12_19-14-04,1710267244,12.61891770362854,53.661843061447144,51013,hpc-c11-node22.unitn.it,192.168.115.155,53.661843061447144,4,SUD_v2,SUD,"('2015-01', '2020-12')","('2021-01', '2021-09')",7,16,200,1000,2500,5,5,3,16,16,1,0.00012241954356915355,0.006621113893563605,3,0.5,0.01,f07b3c6e
6,-892.3809958065258,True,1,6ae83558,2024-03-12_19-13-39,1710267219,13.960659265518188,13.960659265518188,51119,hpc-c11-node22.unitn.it,192.168.115.155,13.960659265518188,1,SUD_v2,SUD,"('2015-01', '2020-12')","('2021-01', '2021-09')",7,16,200,1000,2500,5,5,3,16,16,1,0.001200897952276594,0.00010014547858611182,3,0.5,0.01,6ae83558
7,-1244.3683938419117,True,4,c37f08d9,2024-03-12_19-14-53,1710267293,18.019437074661255,66.99243569374084,51206,hpc-c11-node22.unitn.it,192.168.115.155,66.99243569374084,4,SUD_v2,SUD,"('2015-01', '2020-12')","('2021-01', '2021-09')",7,16,200,1000,2500,5,5,3,16,16,1,0.00014720540208332394,0.01831365394751927,3,0.5,0.01,c37f08d9
8,-986.2486967198989,True,1,86542877,2024-03-12_19-14-16,1710267256,20.603934288024902,20.603934288024902,51295,hpc-c11-node22.unitn.it,192.168.115.155,20.603934288024902,1,SUD_v2,SUD,"('2015-01', '2020-12')","('2021-01', '2021-09')",7,16,200,1000,2500,5,5,3,16,16,1,0.0025515995418636758,0.0046228781466464185,3,0.5,0.01,86542877
9,-1172.710761575138,True,4,627c1612,2024-03-12_19-15-15,1710267315,15.269851207733154,66.2960147857666,51377,hpc-c11-node22.unitn.it,192.168.115.155,66.2960147857666,4,SUD_v2,SUD,"('2015-01', '2020-12')","('2021-01', '2021-09')",7,16,200,1000,2500,5,5,3,16,16,1,0.002784110631010093,0.039457119999875834,3,0.5,0.01,627c1612
10,-977.0348977481617,True,1,f361696c,2024-03-12_19-14-44,1710267284,21.209630727767944,21.209630727767944,51464,hpc-c11-node22.unitn.it,192.168.115.155,21.209630727767944,1,SUD_v2,SUD,"('2015-01', '2020-12')","('2021-01', '2021-09')",7,16,200,1000,2500,5,5,3,16,16,1,0.0004496560541991577,0.0021745457060244645,3,0.5,0.01,f361696c
11,-1008.4606395048254,True,1,86be9876,2024-03-12_19-15-00,1710267300,20.369982957839966,20.369982957839966,51549,hpc-c11-node22.unitn.it,192.168.115.155,20.369982957839966,1,SUD_v2,SUD,"('2015-01', '2020-12')","('2021-01', '2021-09')",7,16,200,1000,2500,5,5,3,16,16,1,0.0010579784577128871,0.006378988976138803,3,0.5,0.01,86be9876
12,-949.0286147173713,True,1,ec714a3e,2024-03-12_19-15-10,1710267310,17.073591709136963,17.073591709136963,51633,hpc-c11-node22.unitn.it,192.168.115.155,17.073591709136963,1,SUD_v2,SUD,"('2015-01', '2020-12')","('2021-01', '2021-09')",7,16,200,1000,2500,5,5,3,16,16,1,9.174837179793356e-05,0.001238583758474965,3,0.5,0.01,ec714a3e
13,-1004.0748829561121,True,1,863da396,2024-03-12_19-15-25,1710267325,14.261213779449463,14.261213779449463,51746,hpc-c11-node22.unitn.it,192.168.115.155,14.261213779449463,1,SUD_v2,SUD,"('2015-01', '2020-12')","('2021-01', '2021-09')",7,16,200,1000,2500,5,5,3,16,16,1,0.0002667374605961199,0.0034180152362378482,3,0.5,0.01,863da396
14,-996.048386517693,True,1,1b84489d,2024-03-12_19-15-33,1710267333,14.271776676177979,14.271776676177979,51836,hpc-c11-node22.unitn.it,192.168.115.155,14.271776676177979,1,SUD_v2,SUD,"('2015-01', '2020-12')","('2021-01', '2021-09')",7,16,200,1000,2500,5,5,3,16,16,1,0.0031318269553415354,0.009431403221848544,3,0.5,0.01,1b84489d
15,-7257.457950367647,True,15,042ea162,2024-03-12_19-19-17,1710267557,15.04876708984375,229.31888675689697,51921,hpc-c11-node22.unitn.it,192.168.115.155,229.31888675689697,15,SUD_v2,SUD,"('2015-01', '2020-12')","('2021-01', '2021-09')",7,16,200,1000,2500,5,5,3,16,16,1,0.0010351070760466169,0.05113916035223339,3,0.5,0.01,042ea162
16,-37796491.294117644,True,15,82769f1b,2024-03-12_19-19-27,1710267567,12.907122135162354,227.99853587150574,52006,hpc-c11-node22.unitn.it,192.168.115.155,227.99853587150574,15,SUD_v2,SUD,"('2015-01', '2020-12')","('2021-01', '2021-09')",7,16,200,1000,2500,5,5,3,16,16,1,2.6108594282965776e-05,0.08691986407405221,3,0.5,0.01,82769f1b
17,-2224.8237232881434,True,4,588c69f3,2024-03-12_19-16-52,1710267412,15.521251678466797,62.880924701690674,52092,hpc-c11-node22.unitn.it,192.168.115.155,62.880924701690674,4,SUD_v2,SUD,"('2015-01', '2020-12')","('2021-01', '2021-09')",7,16,200,1000,2500,5,5,3,16,16,1,2.088819252123718e-05,0.05741798960934468,3,0.5,0.01,588c69f3
18,-15499.584443933823,True,15,2e1d81d8,2024-03-12_19-19-38,1710267578,12.902202129364014,214.2857460975647,52175,hpc-c11-node22.unitn.it,192.168.115.155,214.2857460975647,15,SUD_v2,SUD,"('2015-01', '2020-12')","('2021-01', '2021-09')",7,16,200,1000,2500,5,5,3,16,16,1,0.0006674617253463297,0.0993105093091317,3,0.5,0.01,2e1d81d8
19,-961.6023128733915,True,1,1715c0e1,2024-03-12_19-16-40,1710267400,14.463706254959106,14.463706254959106,52261,hpc-c11-node22.unitn.it,192.168.115.155,14.463706254959106,1,SUD_v2,SUD,"('2015-01', '2020-12')","('2021-01', '2021-09')",7,16,200,1000,2500,5,5,3,16,16,1,0.0008191247421606575,0.0013317847485387624,3,0.5,0.01,1715c0e1
20,-1058.4586397058824,True,1,c584ac8e,2024-03-12_19-16-59,1710267419,15.76766300201416,15.76766300201416,52348,hpc-c11-node22.unitn.it,192.168.115.155,15.76766300201416,1,SUD_v2,SUD,"('2015-01', '2020-12')","('2021-01', '2021-09')",7,16,200,1000,2500,5,5,3,16,16,1,4.963063889211609e-05,0.019541143872754237,3,0.5,0.01,c584ac8e
21,-1074.371129653033,True,1,8ab7ff39,2024-03-12_19-17-14,1710267434,15.750241041183472,15.750241041183472,52434,hpc-c11-node22.unitn.it,192.168.115.155,15.750241041183472,1,SUD_v2,SUD,"('2015-01', '2020-12')","('2021-01', '2021-09')",7,16,200,1000,2500,5,5,3,16,16,1,7.610514016826707e-05,0.023309908021051037,3,0.5,0.01,8ab7ff39
22,-2475.409553079044,True,4,b605d5a1,2024-03-12_19-18-18,1710267498,15.197880268096924,69.9050133228302,52519,hpc-c11-node22.unitn.it,192.168.115.155,69.9050133228302,4,SUD_v2,SUD,"('2015-01', '2020-12')","('2021-01', '2021-09')",7,16,200,1000,2500,5,5,3,16,16,1,1.0133321936026803e-05,0.0617346741846231,3,0.5,0.01,b605d5a1
23,-1618.8313706341912,True,4,855fb075,2024-03-12_19-18-32,1710267512,27.21937084197998,73.46875762939453,52606,hpc-c11-node22.unitn.it,192.168.115.155,73.46875762939453,4,SUD_v2,SUD,"('2015-01', '2020-12')","('2021-01', '2021-09')",7,16,200,1000,2500,5,5,3,16,16,1,3.665283641127937e-05,0.03655457473464577,3,0.5,0.01,855fb075
24,-817.5240909352023,True,1,c48e8424,2024-03-12_19-17-48,1710267468,15.619068622589111,15.619068622589111,52692,hpc-c11-node22.unitn.it,192.168.115.155,15.619068622589111,1,SUD_v2,SUD,"('2015-01', '2020-12')","('2021-01', '2021-09')",7,16,200,1000,2500,5,5,3,16,16,1,0.008758055367443675,0.00041225312064382117,3,0.5,0.01,c48e8424
25,-1048.1399464326746,True,1,f3e1c759,2024-03-12_19-18-04,1710267484,15.064027786254883,15.064027786254883,52775,hpc-c11-node22.unitn.it,192.168.115.155,15.064027786254883,1,SUD_v2,SUD,"('2015-01', '2020-12')","('2021-01', '2021-09')",7,16,200,1000,2500,5,5,3,16,16,1,1.3777653195782674e-05,0.011520807860402143,3,0.5,0.01,f3e1c759
26,-27571913.411764707,True,15,a70a1cef,2024-03-12_19-21-54,1710267714,13.321510791778564,228.40682554244995,52863,hpc-c11-node22.unitn.it,192.168.115.155,228.40682554244995,15,SUD_v2,SUD,"('2015-01', '2020-12')","('2021-01', '2021-09')",7,16,200,1000,2500,5,5,3,16,16,1,2.83182767593874e-05,0.09997670139113046,3,0.5,0.01,a70a1cef
27,-1071.7808263442096,True,1,66ac7e54,2024-03-12_19-18-43,1710267523,18.957513093948364,18.957513093948364,52949,hpc-c11-node22.unitn.it,192.168.115.155,18.957513093948364,1,SUD_v2,SUD,"('2015-01', '2020-12')","('2021-01', '2021-09')",7,16,200,1000,2500,5,5,3,16,16,1,5.6682444278904204e-05,0.030831603936808658,3,0.5,0.01,66ac7e54
28,-934.9670840992648,True,1,77127524,2024-03-12_19-18-59,1710267539,17.49543285369873,17.49543285369873,53035,hpc-c11-node22.unitn.it,192.168.115.155,17.49543285369873,1,SUD_v2,SUD,"('2015-01', '2020-12')","('2021-01', '2021-09')",7,16,200,1000,2500,5,5,3,16,16,1,0.009612080027253583,0.06597136130068232,3,0.5,0.01,77127524
29,-1044.4917171702666,True,1,b6c2d8b3,2024-03-12_19-19-27,1710267567,26.98544931411743,26.98544931411743,53119,hpc-c11-node22.unitn.it,192.168.115.155,26.98544931411743,1,SUD_v2,SUD,"('2015-01', '2020-12')","('2021-01', '2021-09')",7,16,200,1000,2500,5,5,3,16,16,1,0.00038377648765405294,0.013426884754351286,3,0.5,0.01,b6c2d8b3
30,-1544236035373.1765,True,15,e3d9bd07,2024-03-12_19-22-46,1710267766,13.809513330459595,216.5528702735901,53209,hpc-c11-node22.unitn.it,192.168.115.155,216.5528702735901,15,SUD_v2,SUD,"('2015-01', '2020-12')","('2021-01', '2021-09')",7,16,200,1000,2500,5,5,3,16,16,1,1.2031853141413659e-05,0.0975360645124355,3,0.5,0.01,e3d9bd07
31,-931.07225485409,True,1,1ef0a3ef,2024-03-12_19-19-50,1710267590,13.99709963798523,13.99709963798523,53290,hpc-c11-node22.unitn.it,192.168.115.155,13.99709963798523,1,SUD_v2,SUD,"('2015-01', '2020-12')","('2021-01', '2021-09')",7,16,200,1000,2500,5,5,3,16,16,1,1.048830593604451e-05,0.0004998134893206997,3,0.5,0.01,1ef0a3ef
32,-1080.4784545898438,True,1,5f3e5a72,2024-03-12_19-19-57,1710267597,13.068733930587769,13.068733930587769,53383,hpc-c11-node22.unitn.it,192.168.115.155,13.068733930587769,1,SUD_v2,SUD,"('2015-01', '2020-12')","('2021-01', '2021-09')",7,16,200,1000,2500,5,5,3,16,16,1,0.00016823829129413543,0.030125356222520848,3,0.5,0.01,5f3e5a72
33,-908.9053021599265,True,1,e010daf4,2024-03-12_19-20-06,1710267606,13.287792205810547,13.287792205810547,53468,hpc-c11-node22.unitn.it,192.168.115.155,13.287792205810547,1,SUD_v2,SUD,"('2015-01', '2020-12')","('2021-01', '2021-09')",7,16,200,1000,2500,5,5,3,16,16,1,2.2341926160861296e-05,0.00020954241808322357,3,0.5,0.01,e010daf4
34,-985.5946439855239,True,1,2c4fe7ca,2024-03-12_19-20-17,1710267617,15.635220766067505,15.635220766067505,53553,hpc-c11-node22.unitn.it,192.168.115.155,15.635220766067505,1,SUD_v2,SUD,"('2015-01', '2020-12')","('2021-01', '2021-09')",7,16,200,1000,2500,5,5,3,16,16,1,8.649823945310093e-05,0.0022847778607086675,3,0.5,0.01,2c4fe7ca
35,-3282.955279181985,True,4,b654269e,2024-03-12_19-21-06,1710267666,13.828560829162598,54.75855779647827,53645,hpc-c11-node22.unitn.it,192.168.115.155,54.75855779647827,4,SUD_v2,SUD,"('2015-01', '2020-12')","('2021-01', '2021-09')",7,16,200,1000,2500,5,5,3,16,16,1,3.8888742833408335e-05,0.08356883908963815,3,0.5,0.01,b654269e
36,-884.6566233915441,True,1,ffbb6fc1,2024-03-12_19-20-36,1710267636,15.815332412719727,15.815332412719727,53731,hpc-c11-node22.unitn.it,192.168.115.155,15.815332412719727,1,SUD_v2,SUD,"('2015-01', '2020-12')","('2021-01', '2021-09')",7,16,200,1000,2500,5,5,3,16,16,1,0.00012770320154200355,0.00012751591183940566,3,0.5,0.01,ffbb6fc1
37,-1050.0350126378676,True,1,0b3c8125,2024-03-12_19-20-42,1710267642,14.557130336761475,14.557130336761475,53816,hpc-c11-node22.unitn.it,192.168.115.155,14.557130336761475,1,SUD_v2,SUD,"('2015-01', '2020-12')","('2021-01', '2021-09')",7,16,200,1000,2500,5,5,3,16,16,1,0.00020446818049113023,0.008069847262267574,3,0.5,0.01,0b3c8125
38,-1069.8468735638787,True,1,e429050d,2024-03-12_19-20-55,1710267655,14.5218985080719,14.5218985080719,53900,hpc-c11-node22.unitn.it,192.168.115.155,14.5218985080719,1,SUD_v2,SUD,"('2015-01', '2020-12')","('2021-01', '2021-09')",7,16,200,1000,2500,5,5,3,16,16,1,1.750352489150834e-05,0.015204483422918596,3,0.5,0.01,e429050d
39,-931.3081880457261,True,1,74f05920,2024-03-12_19-21-06,1710267666,16.12664246559143,16.12664246559143,53986,hpc-c11-node22.unitn.it,192.168.115.155,16.12664246559143,1,SUD_v2,SUD,"('2015-01', '2020-12')","('2021-01', '2021-09')",7,16,200,1000,2500,5,5,3,16,16,1,0.0018531248341625403,0.0006577393128703167,3,0.5,0.01,74f05920
40,-1078.9069860121783,True,1,ff680063,2024-03-12_19-21-18,1710267678,16.289238214492798,16.289238214492798,54072,hpc-c11-node22.unitn.it,192.168.115.155,16.289238214492798,1,SUD_v2,SUD,"('2015-01', '2020-12')","('2021-01', '2021-09')",7,16,200,1000,2500,5,5,3,16,16,1,0.00048159161658000663,0.045281663343129996,3,0.5,0.01,ff680063
41,-1019.0338996438419,True,1,0cb024f1,2024-03-12_19-21-25,1710267685,13.615544080734253,13.615544080734253,54158,hpc-c11-node22.unitn.it,192.168.115.155,13.615544080734253,1,SUD_v2,SUD,"('2015-01', '2020-12')","('2021-01', '2021-09')",7,16,200,1000,2500,5,5,3,16,16,1,6.262142232014809e-05,0.004859651792502622,3,0.5,0.01,0cb024f1
42,-1071.7357213637408,True,1,7e39233c,2024-03-12_19-21-33,1710267693,13.101539611816406,13.101539611816406,54249,hpc-c11-node22.unitn.it,192.168.115.155,13.101539611816406,1,SUD_v2,SUD,"('2015-01', '2020-12')","('2021-01', '2021-09')",7,16,200,1000,2500,5,5,3,16,16,1,3.1177056091959273e-05,0.02311363058383877,3,0.5,0.01,7e39233c
43,-993.7243077895221,True,1,25e6b23b,2024-03-12_19-21-43,1710267703,15.117053508758545,15.117053508758545,54336,hpc-c11-node22.unitn.it,192.168.115.155,15.117053508758545,1,SUD_v2,SUD,"('2015-01', '2020-12')","('2021-01', '2021-09')",7,16,200,1000,2500,5,5,3,16,16,1,0.00010725412010265341,0.001998327460514267,3,0.5,0.01,25e6b23b
44,-1051.415189855239,True,1,22148619,2024-03-12_19-21-51,1710267711,15.676703691482544,15.676703691482544,54422,hpc-c11-node22.unitn.it,192.168.115.155,15.676703691482544,1,SUD_v2,SUD,"('2015-01', '2020-12')","('2021-01', '2021-09')",7,16,200,1000,2500,5,5,3,16,16,1,0.004773849585751516,0.07730260758265084,3,0.5,0.01,22148619
45,-1022.7447402056525,True,1,eb3f4afd,2024-03-12_19-22-04,1710267724,14.881627321243286,14.881627321243286,54508,hpc-c11-node22.unitn.it,192.168.115.155,14.881627321243286,1,SUD_v2,SUD,"('2015-01', '2020-12')","('2021-01', '2021-09')",7,16,200,1000,2500,5,5,3,16,16,1,0.000213893947901783,0.003995679918415758,3,0.5,0.01,eb3f4afd
46,-1013.4708682789523,True,1,d5835fb2,2024-03-12_19-22-10,1710267730,13.0212881565094,13.0212881565094,56862,hpc-c11-node22.unitn.it,192.168.115.155,13.0212881565094,1,SUD_v2,SUD,"('2015-01', '2020-12')","('2021-01', '2021-09')",7,16,200,1000,2500,5,5,3,16,16,1,0.00028580006560727564,0.005834206585712378,3,0.5,0.01,d5835fb2
47,-1043.9269193761488,True,1,a863e7d4,2024-03-12_19-22-18,1710267738,12.388046026229858,12.388046026229858,56951,hpc-c11-node22.unitn.it,192.168.115.155,12.388046026229858,1,SUD_v2,SUD,"('2015-01', '2020-12')","('2021-01', '2021-09')",7,16,200,1000,2500,5,5,3,16,16,1,2.4184821618455187e-05,0.009460914688625843,3,0.5,0.01,a863e7d4
48,-1457.173526539522,True,4,cd64dce6,2024-03-12_19-23-20,1710267800,21.26717472076416,67.73031377792358,57036,hpc-c11-node22.unitn.it,192.168.115.155,67.73031377792358,4,SUD_v2,SUD,"('2015-01', '2020-12')","('2021-01', '2021-09')",7,16,200,1000,2500,5,5,3,16,16,1,2.9997251469496144e-05,0.027804416559240066,3,0.5,0.01,cd64dce6
49,-1835.3932818244484,True,4,ea519d5b,2024-03-12_19-23-13,1710267793,13.99814486503601,54.25791072845459,57121,hpc-c11-node22.unitn.it,192.168.115.155,54.25791072845459,4,SUD_v2,SUD,"('2015-01', '2020-12')","('2021-01', '2021-09')",7,16,200,1000,2500,5,5,3,16,16,1,4.565635300248029e-05,0.044475156956256166,3,0.5,0.01,ea519d5b
50,-991.8295718922335,True,1,502cf802,2024-03-12_19-22-46,1710267766,14.835803985595703,14.835803985595703,57207,hpc-c11-node22.unitn.it,192.168.115.155,14.835803985595703,1,SUD_v2,SUD,"('2015-01', '2020-12')","('2021-01', '2021-09')",7,16,200,1000,2500,5,5,3,16,16,1,7.519724287139542e-05,0.002941764907118687,3,0.5,0.01,502cf802
51,-1206.3057861328125,True,4,7c20bcc8,2024-03-12_19-23-42,1710267822,14.568601608276367,59.55755829811096,57290,hpc-c11-node22.unitn.it,192.168.115.155,59.55755829811096,4,SUD_v2,SUD,"('2015-01', '2020-12')","('2021-01', '2021-09')",7,16,200,1000,2500,5,5,3,16,16,1,1.6597779350268488e-05,0.016622566207406504,3,0.5,0.01,7c20bcc8
52,-2143.962517233456,True,4,efa1af2f,2024-03-12_19-24-00,1710267840,14.0915048122406,67.14353513717651,57372,hpc-c11-node22.unitn.it,192.168.115.155,67.14353513717651,4,SUD_v2,SUD,"('2015-01', '2020-12')","('2021-01', '2021-09')",7,16,200,1000,2500,5,5,3,16,16,1,0.0016927447248048415,0.09988833642823543,3,0.5,0.01,efa1af2f
53,-3050.733082490809,True,4,fc8def9c,2024-03-12_19-23-56,1710267836,13.040119886398315,55.71804332733154,57463,hpc-c11-node22.unitn.it,192.168.115.155,55.71804332733154,4,SUD_v2,SUD,"('2015-01', '2020-12')","('2021-01', '2021-09')",7,16,200,1000,2500,5,5,3,16,16,1,1.284906174829359e-05,0.07132574574991098,3,0.5,0.01,fc8def9c
54,-1102.048084932215,True,1,933fb486,2024-03-12_19-23-31,1710267811,22.24256730079651,22.24256730079651,57547,hpc-c11-node22.unitn.it,192.168.115.155,22.24256730079651,1,SUD_v2,SUD,"('2015-01', '2020-12')","('2021-01', '2021-09')",7,16,200,1000,2500,5,5,3,16,16,1,0.000632412086511775,0.05285077095180709,3,0.5,0.01,933fb486
55,-1073.5747501148896,True,1,6e163fcc,2024-03-12_19-23-42,1710267822,16.154470682144165,16.154470682144165,57629,hpc-c11-node22.unitn.it,192.168.115.155,16.154470682144165,1,SUD_v2,SUD,"('2015-01', '2020-12')","('2021-01', '2021-09')",7,16,200,1000,2500,5,5,3,16,16,1,1.1142844644351856e-05,0.021325750211700748,3,0.5,0.01,6e163fcc
56,-966.7761661305148,True,1,ca28768a,2024-03-12_19-23-51,1710267831,14.18507695198059,14.18507695198059,57720,hpc-c11-node22.unitn.it,192.168.115.155,14.18507695198059,1,SUD_v2,SUD,"('2015-01', '2020-12')","('2021-01', '2021-09')",7,16,200,1000,2500,5,5,3,16,16,1,1.4268466532833437e-05,0.0009127896243167767,3,0.5,0.01,ca28768a
57,-1477.1041977826287,True,4,5e419eb7,2024-03-12_19-24-38,1710267878,12.613636016845703,50.65229535102844,57805,hpc-c11-node22.unitn.it,192.168.115.155,50.65229535102844,4,SUD_v2,SUD,"('2015-01', '2020-12')","('2021-01', '2021-09')",7,16,200,1000,2500,5,5,3,16,16,1,1.8149886952499217e-05,0.03893168664327608,3,0.5,0.01,5e419eb7
58,-951.6965367934283,True,1,98e5704c,2024-03-12_19-24-10,1710267850,13.433314085006714,13.433314085006714,57893,hpc-c11-node22.unitn.it,192.168.115.155,13.433314085006714,1,SUD_v2,SUD,"('2015-01', '2020-12')","('2021-01', '2021-09')",7,16,200,1000,2500,5,5,3,16,16,1,0.006709823318712943,0.010980309951713264,3,0.5,0.01,98e5704c
59,-891.6672435087316,True,1,e08ff6b7,2024-03-12_19-24-18,1710267858,13.610404968261719,13.610404968261719,57982,hpc-c11-node22.unitn.it,192.168.115.155,13.610404968261719,1,SUD_v2,SUD,"('2015-01', '2020-12')","('2021-01', '2021-09')",7,16,200,1000,2500,5,5,3,16,16,1,0.00015406354699904233,0.0002321643235812902,3,0.5,0.01,e08ff6b7
60,-1030.8412080652574,True,1,4429f82e,2024-03-12_19-24-28,1710267868,15.835639953613281,15.835639953613281,58070,hpc-c11-node22.unitn.it,192.168.115.155,15.835639953613281,1,SUD_v2,SUD,"('2015-01', '2020-12')","('2021-01', '2021-09')",7,16,200,1000,2500,5,5,3,16,16,1,4.0939151724163055e-05,0.006820019235292348,3,0.5,0.01,4429f82e
61,-1633381.1617647058,True,15,9a2c9557,2024-03-12_19-28-39,1710268119,19.39930033683777,259.55193877220154,58155,hpc-c11-node22.unitn.it,192.168.115.155,259.55193877220154,15,SUD_v2,SUD,"('2015-01', '2020-12')","('2021-01', '2021-09')",7,16,200,1000,2500,5,5,3,16,16,1,0.00010475522073788605,0.0954253681158248,3,0.5,0.01,9a2c9557
62,-978.8315393784467,True,1,c0e140d5,2024-03-12_19-24-45,1710267885,15.564196109771729,15.564196109771729,58240,hpc-c11-node22.unitn.it,192.168.115.155,15.564196109771729,1,SUD_v2,SUD,"('2015-01', '2020-12')","('2021-01', '2021-09')",7,16,200,1000,2500,5,5,3,16,16,1,6.078726547960392e-05,0.0018655666623370337,3,0.5,0.01,c0e140d5
63,-937.1958833582261,True,1,8462efc4,2024-03-12_19-24-50,1710267890,12.843876838684082,12.843876838684082,58325,hpc-c11-node22.unitn.it,192.168.115.155,12.843876838684082,1,SUD_v2,SUD,"('2015-01', '2020-12')","('2021-01', '2021-09')",7,16,200,1000,2500,5,5,3,16,16,1,2.233909334572768e-05,0.00115907999761369,3,0.5,0.01,8462efc4
64,-1092.888474408318,True,1,0a646dda,2024-03-12_19-25-02,1710267902,13.115197896957397,13.115197896957397,58407,hpc-c11-node22.unitn.it,192.168.115.155,13.115197896957397,1,SUD_v2,SUD,"('2015-01', '2020-12')","('2021-01', '2021-09')",7,16,200,1000,2500,5,5,3,16,16,1,0.00038526430944342245,0.033040813985304965,3,0.5,0.01,0a646dda
65,-2407.746266084559,True,4,e087e938,2024-03-12_19-25-52,1710267952,14.431098937988281,55.0788414478302,58495,hpc-c11-node22.unitn.it,192.168.115.155,55.0788414478302,4,SUD_v2,SUD,"('2015-01', '2020-12')","('2021-01', '2021-09')",7,16,200,1000,2500,5,5,3,16,16,1,3.354180529576545e-05,0.05898353897164027,3,0.5,0.01,e087e938
66,-40622772.0,True,15,143c61d2,2024-03-12_19-28-47,1710268127,15.416692018508911,221.68015456199646,58580,hpc-c11-node22.unitn.it,192.168.115.155,221.68015456199646,15,SUD_v2,SUD,"('2015-01', '2020-12')","('2021-01', '2021-09')",7,16,200,1000,2500,5,5,3,16,16,1,2.4785903819078384e-05,0.09978604622313984,3,0.5,0.01,143c61d2
67,-3342.842356962316,True,4,bd2d3a60,2024-03-12_19-26-07,1710267967,12.334582328796387,53.4505774974823,58666,hpc-c11-node22.unitn.it,192.168.115.155,53.4505774974823,4,SUD_v2,SUD,"('2015-01', '2020-12')","('2021-01', '2021-09')",7,16,200,1000,2500,5,5,3,16,16,1,1.1246970396141115e-05,0.07921908376767949,3,0.5,0.01,bd2d3a60
68,-1115.7410745059742,True,1,314c4073,2024-03-12_19-25-42,1710267942,16.872477531433105,16.872477531433105,58748,hpc-c11-node22.unitn.it,192.168.115.155,16.872477531433105,1,SUD_v2,SUD,"('2015-01', '2020-12')","('2021-01', '2021-09')",7,16,200,1000,2500,5,5,3,16,16,1,2.6502758964421822e-05,0.044253844050786056,3,0.5,0.01,314c4073
69,-1069.7529907226562,True,1,837a6614,2024-03-12_19-25-55,1710267955,19.088866710662842,19.088866710662842,58830,hpc-c11-node22.unitn.it,192.168.115.155,19.088866710662842,1,SUD_v2,SUD,"('2015-01', '2020-12')","('2021-01', '2021-09')",7,16,200,1000,2500,5,5,3,16,16,1,5.156941506403421e-05,0.026328502137184105,3,0.5,0.01,837a6614
70,-2334.072531307445,True,4,5cd1ad77,2024-03-12_19-27-03,1710268023,13.65113377571106,67.73160195350647,58912,hpc-c11-node22.unitn.it,192.168.115.155,67.73160195350647,4,SUD_v2,SUD,"('2015-01', '2020-12')","('2021-01', '2021-09')",7,16,200,1000,2500,5,5,3,16,16,1,1.8140856782480106e-05,0.06121614885576598,3,0.5,0.01,5cd1ad77
71,-1067.0985717773438,True,1,07aed367,2024-03-12_19-26-20,1710267980,14.625303268432617,14.625303268432617,59004,hpc-c11-node22.unitn.it,192.168.115.155,14.625303268432617,1,SUD_v2,SUD,"('2015-01', '2020-12')","('2021-01', '2021-09')",7,16,200,1000,2500,5,5,3,16,16,1,7.929997684342146e-05,0.01945924796155902,3,0.5,0.01,07aed367
72,-1051.736037310432,True,1,37cd1bdf,2024-03-12_19-26-40,1710268000,22.26969337463379,22.26969337463379,59085,hpc-c11-node22.unitn.it,192.168.115.155,22.26969337463379,1,SUD_v2,SUD,"('2015-01', '2020-12')","('2021-01', '2021-09')",7,16,200,1000,2500,5,5,3,16,16,1,6.629465567926053e-05,0.013759339496613097,3,0.5,0.01,37cd1bdf
73,-88583250.8235294,True,15,b40b1cb4,2024-03-12_19-30-22,1710268222,15.220698118209839,229.5610749721527,59170,hpc-c11-node22.unitn.it,192.168.115.155,229.5610749721527,15,SUD_v2,SUD,"('2015-01', '2020-12')","('2021-01', '2021-09')",7,16,200,1000,2500,5,5,3,16,16,1,1.2453067065205934e-05,0.09896342173469462,3,0.5,0.01,b40b1cb4
74,-1104.3790355009191,True,1,cc20f095,2024-03-12_19-27-02,1710268022,17.819732666015625,17.819732666015625,59258,hpc-c11-node22.unitn.it,192.168.115.155,17.819732666015625,1,SUD_v2,SUD,"('2015-01', '2020-12')","('2021-01', '2021-09')",7,16,200,1000,2500,5,5,3,16,16,1,1.025246756892121e-05,0.0520767620973127,3,0.5,0.01,cc20f095
75,-1087.5442145852483,True,1,87358e8f,2024-03-12_19-27-28,1710268048,24.83599853515625,24.83599853515625,59343,hpc-c11-node22.unitn.it,192.168.115.155,24.83599853515625,1,SUD_v2,SUD,"('2015-01', '2020-12')","('2021-01', '2021-09')",7,16,200,1000,2500,5,5,3,16,16,1,1.5330294149423607e-05,0.03453855566382532,3,0.5,0.01,87358e8f
76,-2681.265208524816,True,4,d56a77c6,2024-03-12_19-28-52,1710268132,25.524726629257202,93.92627048492432,59431,hpc-c11-node22.unitn.it,192.168.115.155,93.92627048492432,4,SUD_v2,SUD,"('2015-01', '2020-12')","('2021-01', '2021-09')",7,16,200,1000,2500,5,5,3,16,16,1,4.335001565144214e-05,0.06909405372533575,3,0.5,0.01,d56a77c6
77,-900.5638858570773,True,1,ce527834,2024-03-12_19-27-58,1710268078,27.523340225219727,27.523340225219727,59516,hpc-c11-node22.unitn.it,192.168.115.155,27.523340225219727,1,SUD_v2,SUD,"('2015-01', '2020-12')","('2021-01', '2021-09')",7,16,200,1000,2500,5,5,3,16,16,1,2.6637387814125095e-05,0.00010359778234062504,3,0.5,0.01,ce527834
78,-2989.206126493566,True,4,d1cb2dc4,2024-03-12_19-29-12,1710268152,17.49931263923645,87.0092453956604,59602,hpc-c11-node22.unitn.it,192.168.115.155,87.0092453956604,4,SUD_v2,SUD,"('2015-01', '2020-12')","('2021-01', '2021-09')",7,16,200,1000,2500,5,5,3,16,16,1,0.00017387950452295005,0.08535440208553234,3,0.5,0.01,d1cb2dc4
79,-1072.6220379997703,True,1,4fc949bb,2024-03-12_19-28-34,1710268114,37.26027703285217,37.26027703285217,59684,hpc-c11-node22.unitn.it,192.168.115.155,37.26027703285217,1,SUD_v2,SUD,"('2015-01', '2020-12')","('2021-01', '2021-09')",7,16,200,1000,2500,5,5,3,16,16,1,1.9738469186162886e-05,0.025395014820367028,3,0.5,0.01,4fc949bb
80,-928.1484913545496,True,1,c010abb6,2024-03-12_19-28-43,1710268123,30.63892102241516,30.63892102241516,59766,hpc-c11-node22.unitn.it,192.168.115.155,30.63892102241516,1,SUD_v2,SUD,"('2015-01', '2020-12')","('2021-01', '2021-09')",7,16,200,1000,2500,5,5,3,16,16,1,0.00022979464298637624,0.0006884835316386531,3,0.5,0.01,c010abb6
81,-921.982037712546,True,1,ba5d0345,2024-03-12_19-28-44,1710268124,19.865636825561523,19.865636825561523,59851,hpc-c11-node22.unitn.it,192.168.115.155,19.865636825561523,1,SUD_v2,SUD,"('2015-01', '2020-12')","('2021-01', '2021-09')",7,16,200,1000,2500,5,5,3,16,16,1,0.00010029890675302741,0.00033588005272994036,3,0.5,0.01,ba5d0345
82,-1005.0792595358456,True,1,25e4ff9e,2024-03-12_19-28-58,1710268138,17.78089189529419,17.78089189529419,59933,hpc-c11-node22.unitn.it,192.168.115.155,17.78089189529419,1,SUD_v2,SUD,"('2015-01', '2020-12')","('2021-01', '2021-09')",7,16,200,1000,2500,5,5,3,16,16,1,0.00012290909648364086,0.008301666757889174,3,0.5,0.01,25e4ff9e
83,-957.7044821346508,True,1,ce93dace,2024-03-12_19-29-07,1710268147,12.901639461517334,12.901639461517334,60021,hpc-c11-node22.unitn.it,192.168.115.155,12.901639461517334,1,SUD_v2,SUD,"('2015-01', '2020-12')","('2021-01', '2021-09')",7,16,200,1000,2500,5,5,3,16,16,1,3.7610767214168336e-05,0.001608516395859558,3,0.5,0.01,ce93dace
84,-1001.3553933536305,True,1,f3b52918,2024-03-12_19-29-18,1710268158,14.268192768096924,14.268192768096924,60116,hpc-c11-node22.unitn.it,192.168.115.155,14.268192768096924,1,SUD_v2,SUD,"('2015-01', '2020-12')","('2021-01', '2021-09')",7,16,200,1000,2500,5,5,3,16,16,1,0.003687160926515317,0.017179372407760678,3,0.5,0.01,f3b52918
85,-982.2097778320312,True,1,c60d116c,2024-03-12_19-29-30,1710268170,14.969920873641968,14.969920873641968,60201,hpc-c11-node22.unitn.it,192.168.115.155,14.969920873641968,1,SUD_v2,SUD,"('2015-01', '2020-12')","('2021-01', '2021-09')",7,16,200,1000,2500,5,5,3,16,16,1,0.0013139931612058237,0.002885644005824603,3,0.5,0.01,c60d116c
86,-1858.4444005629596,True,4,b7fe9ded,2024-03-12_19-30-18,1710268218,13.64709758758545,55.07064127922058,60290,hpc-c11-node22.unitn.it,192.168.115.155,55.07064127922058,4,SUD_v2,SUD,"('2015-01', '2020-12')","('2021-01', '2021-09')",7,16,200,1000,2500,5,5,3,16,16,1,3.2874717103969126e-05,0.04432034728498519,3,0.5,0.01,b7fe9ded
87,-1048.2157485064338,True,1,00bf7245,2024-03-12_19-29-48,1710268188,16.2276611328125,16.2276611328125,60375,hpc-c11-node22.unitn.it,192.168.115.155,16.2276611328125,1,SUD_v2,SUD,"('2015-01', '2020-12')","('2021-01', '2021-09')",7,16,200,1000,2500,5,5,3,16,16,1,2.297865754848313e-05,0.011123703218461152,3,0.5,0.01,00bf7245
88,-1632.9555017807904,True,4,446d130d,2024-03-12_19-30-42,1710268242,14.316874980926514,60.20589900016785,60460,hpc-c11-node22.unitn.it,192.168.115.155,60.20589900016785,4,SUD_v2,SUD,"('2015-01', '2020-12')","('2021-01', '2021-09')",7,16,200,1000,2500,5,5,3,16,16,1,5.136765119077554e-05,0.038727825971028765,3,0.5,0.01,446d130d
89,-1004.5233226102941,True,1,0e7edefb,2024-03-12_19-30-06,1710268206,14.158685445785522,14.158685445785522,60542,hpc-c11-node22.unitn.it,192.168.115.155,14.158685445785522,1,SUD_v2,SUD,"('2015-01', '2020-12')","('2021-01', '2021-09')",7,16,200,1000,2500,5,5,3,16,16,1,6.985837264389975e-05,0.005406494178895087,3,0.5,0.01,0e7edefb
90,99966.7325367647,True,15,7ebc048e,2024-03-12_19-33-29,1710268409,12.661734342575073,207.02625441551208,60628,hpc-c11-node22.unitn.it,192.168.115.155,207.02625441551208,15,SUD_v2,SUD,"('2015-01', '2020-12')","('2021-01', '2021-09')",7,16,200,1000,2500,5,5,3,16,16,1,0.00031773017805192353,0.09023394186535726,3,0.5,0.01,7ebc048e
91,-1103.189313103171,True,1,c0e007ea,2024-03-12_19-30-27,1710268227,16.48762607574463,16.48762607574463,60720,hpc-c11-node22.unitn.it,192.168.115.155,16.48762607574463,1,SUD_v2,SUD,"('2015-01', '2020-12')","('2021-01', '2021-09')",7,16,200,1000,2500,5,5,3,16,16,1,0.0005634817633553061,0.030724231363817404,3,0.5,0.01,c0e007ea
92,-3168.866282743566,True,4,e58e2035,2024-03-12_19-31-24,1710268284,15.796425104141235,60.053147077560425,60807,hpc-c11-node22.unitn.it,192.168.115.155,60.053147077560425,4,SUD_v2,SUD,"('2015-01', '2020-12')","('2021-01', '2021-09')",7,16,200,1000,2500,5,5,3,16,16,1,1.4408935208694108e-05,0.07215169636756744,3,0.5,0.01,e58e2035
93,-1001.793306238511,True,1,820dd9d3,2024-03-12_19-30-48,1710268248,12.748126983642578,12.748126983642578,60896,hpc-c11-node22.unitn.it,192.168.115.155,12.748126983642578,1,SUD_v2,SUD,"('2015-01', '2020-12')","('2021-01', '2021-09')",7,16,200,1000,2500,5,5,3,16,16,1,1.2451011558248253e-05,0.003940164227334607,3,0.5,0.01,820dd9d3
94,-1052.1885411879596,True,1,8d18ca09,2024-03-12_19-30-59,1710268259,14.091596126556396,14.091596126556396,60982,hpc-c11-node22.unitn.it,192.168.115.155,14.091596126556396,1,SUD_v2,SUD,"('2015-01', '2020-12')","('2021-01', '2021-09')",7,16,200,1000,2500,5,5,3,16,16,1,1.2361460015611684e-05,0.022356150725409935,3,0.5,0.01,8d18ca09
95,-1114.2244873046875,True,1,684beac7,2024-03-12_19-31-08,1710268268,13.976057052612305,13.976057052612305,61068,hpc-c11-node22.unitn.it,192.168.115.155,13.976057052612305,1,SUD_v2,SUD,"('2015-01', '2020-12')","('2021-01', '2021-09')",7,16,200,1000,2500,5,5,3,16,16,1,0.0007514047669145959,0.053675077768922975,3,0.5,0.01,684beac7
96,-18365364.70588235,True,15,f139c688,2024-03-12_19-34-52,1710268492,14.13653016090393,228.62394857406616,61154,hpc-c11-node22.unitn.it,192.168.115.155,228.62394857406616,15,SUD_v2,SUD,"('2015-01', '2020-12')","('2021-01', '2021-09')",7,16,200,1000,2500,5,5,3,16,16,1,2.1614293072590925e-05,0.09772180150615675,3,0.5,0.01,f139c688
97,-1065.7694486730238,True,1,9939d6d7,2024-03-12_19-31-25,1710268285,14.19997501373291,14.19997501373291,61240,hpc-c11-node22.unitn.it,192.168.115.155,14.19997501373291,1,SUD_v2,SUD,"('2015-01', '2020-12')","('2021-01', '2021-09')",7,16,200,1000,2500,5,5,3,16,16,1,1.7044639627516827e-05,0.014203875334929188,3,0.5,0.01,9939d6d7
98,-2141.558859432445,True,4,ccaabdbe,2024-03-12_19-32-17,1710268337,13.773910999298096,56.721378564834595,61325,hpc-c11-node22.unitn.it,192.168.115.155,56.721378564834595,4,SUD_v2,SUD,"('2015-01', '2020-12')","('2021-01', '2021-09')",7,16,200,1000,2500,5,5,3,16,16,1,0.00013901858332478797,0.0645146954191255,3,0.5,0.01,ccaabdbe
99,-1119.5485014073988,True,1,84a42af4,2024-03-12_19-31-46,1710268306,14.21174693107605,14.21174693107605,61408,hpc-c11-node22.unitn.it,192.168.115.155,14.21174693107605,1,SUD_v2,SUD,"('2015-01', '2020-12')","('2021-01', '2021-09')",7,16,200,1000,2500,5,5,3,16,16,1,1.0417580861684312e-05,0.04857446522117192,3,0.5,0.01,84a42af4
100,-1055.2167932846967,True,1,150c3c47,2024-03-12_19-31-55,1710268315,15.493054866790771,15.493054866790771,61497,hpc-c11-node22.unitn.it,192.168.115.155,15.493054866790771,1,SUD_v2,SUD,"('2015-01', '2020-12')","('2021-01', '2021-09')",7,16,200,1000,2500,5,5,3,16,16,1,8.935202258261531e-05,0.012535701435220294,3,0.5,0.01,150c3c47
101,-897.7606667911305,True,1,a7c82e2e,2024-03-12_19-32-09,1710268329,15.263386964797974,15.263386964797974,61581,hpc-c11-node22.unitn.it,192.168.115.155,15.263386964797974,1,SUD_v2,SUD,"('2015-01', '2020-12')","('2021-01', '2021-09')",7,16,200,1000,2500,5,5,3,16,16,1,1.9479182955094635e-05,0.00016456078607377867,3,0.5,0.01,a7c82e2e
102,-1001.1996818991269,True,1,80c7627d,2024-03-12_19-32-21,1710268341,17.588329792022705,17.588329792022705,61667,hpc-c11-node22.unitn.it,192.168.115.155,17.588329792022705,1,SUD_v2,SUD,"('2015-01', '2020-12')","('2021-01', '2021-09')",7,16,200,1000,2500,5,5,3,16,16,1,3.032237680992592e-05,0.007156882275638167,3,0.5,0.01,80c7627d
103,-1111.2086756089154,True,1,bb990233,2024-03-12_19-32-29,1710268349,14.563544750213623,14.563544750213623,61752,hpc-c11-node22.unitn.it,192.168.115.155,14.563544750213623,1,SUD_v2,SUD,"('2015-01', '2020-12')","('2021-01', '2021-09')",7,16,200,1000,2500,5,5,3,16,16,1,5.776988124620075e-05,0.02820123634114121,3,0.5,0.01,bb990233
104,-1094.4304701861213,True,1,8183777a,2024-03-12_19-32-36,1710268356,12.485764741897583,12.485764741897583,61839,hpc-c11-node22.unitn.it,192.168.115.155,12.485764741897583,1,SUD_v2,SUD,"('2015-01', '2020-12')","('2021-01', '2021-09')",7,16,200,1000,2500,5,5,3,16,16,1,2.5515418486616666e-05,0.036277260804611494,3,0.5,0.01,8183777a
105,-1050.5141745174633,True,1,bbf000d0,2024-03-12_19-32-46,1710268366,14.275062561035156,14.275062561035156,61928,hpc-c11-node22.unitn.it,192.168.115.155,14.275062561035156,1,SUD_v2,SUD,"('2015-01', '2020-12')","('2021-01', '2021-09')",7,16,200,1000,2500,5,5,3,16,16,1,4.4593514606035984e-05,0.01903911219915302,3,0.5,0.01,bbf000d0
106,-3100.4231962316176,True,4,a7bc55a5,2024-03-12_19-33-53,1710268433,14.305765867233276,73.77052927017212,62014,hpc-c11-node22.unitn.it,192.168.115.155,73.77052927017212,4,SUD_v2,SUD,"('2015-01', '2020-12')","('2021-01', '2021-09')",7,16,200,1000,2500,5,5,3,16,16,1,1.5312377101533222e-05,0.07794433599740551,3,0.5,0.01,a7bc55a5
107,-1117.2610509535846,True,1,c9f6a636,2024-03-12_19-33-14,1710268394,22.77816891670227,22.77816891670227,62107,hpc-c11-node22.unitn.it,192.168.115.155,22.77816891670227,1,SUD_v2,SUD,"('2015-01', '2020-12')","('2021-01', '2021-09')",7,16,200,1000,2500,5,5,3,16,16,1,3.5382487043861345e-05,0.05771604282296793,3,0.5,0.01,c9f6a636
108,-1069.457566205193,True,1,fd20e6f0,2024-03-12_19-33-31,1710268411,20.91647243499756,20.91647243499756,62193,hpc-c11-node22.unitn.it,192.168.115.155,20.91647243499756,1,SUD_v2,SUD,"('2015-01', '2020-12')","('2021-01', '2021-09')",7,16,200,1000,2500,5,5,3,16,16,1,0.00017387520045357974,0.023260411670435705,3,0.5,0.01,fd20e6f0
109,-1073.5882496553309,True,1,e9444dc2,2024-03-12_19-33-32,1710268412,14.128347873687744,14.128347873687744,62275,hpc-c11-node22.unitn.it,192.168.115.155,14.128347873687744,1,SUD_v2,SUD,"('2015-01', '2020-12')","('2021-01', '2021-09')",7,16,200,1000,2500,5,5,3,16,16,1,1.2612922107321815e-05,0.015852714919655588,3,0.5,0.01,e9444dc2
110,-1066.405621696921,True,1,d72b1846,2024-03-12_19-33-46,1710268426,13.319013118743896,13.319013118743896,62361,hpc-c11-node22.unitn.it,192.168.115.155,13.319013118743896,1,SUD_v2,SUD,"('2015-01', '2020-12')","('2021-01', '2021-09')",7,16,200,1000,2500,5,5,3,16,16,1,1.0355496576507958e-05,0.009264077338211586,3,0.5,0.01,d72b1846
111,-12148.028018727022,True,15,fcc7f30c,2024-03-12_19-37-09,1710268629,13.373476028442383,207.79674434661865,62453,hpc-c11-node22.unitn.it,192.168.115.155,207.79674434661865,15,SUD_v2,SUD,"('2015-01', '2020-12')","('2021-01', '2021-09')",7,16,200,1000,2500,5,5,3,16,16,1,0.0009991037325572448,0.09981538653620275,3,0.5,0.01,fcc7f30c
112,-1105.6912518669578,True,1,44e51446,2024-03-12_19-34-03,1710268443,13.608911991119385,13.608911991119385,62534,hpc-c11-node22.unitn.it,192.168.115.155,13.608911991119385,1,SUD_v2,SUD,"('2015-01', '2020-12')","('2021-01', '2021-09')",7,16,200,1000,2500,5,5,3,16,16,1,0.00011191396728043222,0.03947022661396646,3,0.5,0.01,44e51446
113,-957.5097584443934,True,1,ce88d04a,2024-03-12_19-34-14,1710268454,15.458465814590454,15.458465814590454,62620,hpc-c11-node22.unitn.it,192.168.115.155,15.458465814590454,1,SUD_v2,SUD,"('2015-01', '2020-12')","('2021-01', '2021-09')",7,16,200,1000,2500,5,5,3,16,16,1,0.0018909549598906286,0.0010794692525014815,3,0.5,0.01,ce88d04a
114,-853.7696856330423,True,1,0f8eb225,2024-03-12_19-34-20,1710268460,13.265329837799072,13.265329837799072,62706,hpc-c11-node22.unitn.it,192.168.115.155,13.265329837799072,1,SUD_v2,SUD,"('2015-01', '2020-12')","('2021-01', '2021-09')",7,16,200,1000,2500,5,5,3,16,16,1,0.007893781470900606,0.0003651203951070315,3,0.5,0.01,0f8eb225
115,-926.215425379136,True,1,8159b5aa,2024-03-12_19-34-33,1710268473,14.804577589035034,14.804577589035034,62793,hpc-c11-node22.unitn.it,192.168.115.155,14.804577589035034,1,SUD_v2,SUD,"('2015-01', '2020-12')","('2021-01', '2021-09')",7,16,200,1000,2500,5,5,3,16,16,1,2.8116371826948025e-05,0.0005289674750156516,3,0.5,0.01,8159b5aa
116,-1002.6748764935662,True,1,76f7fa90,2024-03-12_19-34-46,1710268486,15.245378255844116,15.245378255844116,62879,hpc-c11-node22.unitn.it,192.168.115.155,15.245378255844116,1,SUD_v2,SUD,"('2015-01', '2020-12')","('2021-01', '2021-09')",7,16,200,1000,2500,5,5,3,16,16,1,8.355335259908627e-05,0.0025916843194400247,3,0.5,0.01,76f7fa90
117,-10572.51286764706,True,15,25546014,2024-03-12_19-38-27,1710268707,13.236812353134155,226.6390676498413,62965,hpc-c11-node22.unitn.it,192.168.115.155,226.6390676498413,15,SUD_v2,SUD,"('2015-01', '2020-12')","('2021-01', '2021-09')",7,16,200,1000,2500,5,5,3,16,16,1,0.0003202523223004942,0.0859922526749151,3,0.5,0.01,25546014
118,-1809.946683995864,True,4,e44dc429,2024-03-12_19-35-53,1710268553,15.264749765396118,61.8784294128418,63050,hpc-c11-node22.unitn.it,192.168.115.155,61.8784294128418,4,SUD_v2,SUD,"('2015-01', '2020-12')","('2021-01', '2021-09')",7,16,200,1000,2500,5,5,3,16,16,1,4.8904679619852675e-05,0.06635246314706594,3,0.5,0.01,e44dc429
119,-1738.9778693704045,True,4,a90e5601,2024-03-12_19-36-00,1710268560,14.256945133209229,60.59762001037598,63136,hpc-c11-node22.unitn.it,192.168.115.155,60.59762001037598,4,SUD_v2,SUD,"('2015-01', '2020-12')","('2021-01', '2021-09')",7,16,200,1000,2500,5,5,3,16,16,1,1.62882818459855e-05,0.04214073907902041,3,0.5,0.01,a90e5601
120,-1088.511033002068,True,1,db1bdbba,2024-03-12_19-35-25,1710268525,13.97203254699707,13.97203254699707,63222,hpc-c11-node22.unitn.it,192.168.115.155,13.97203254699707,1,SUD_v2,SUD,"('2015-01', '2020-12')","('2021-01', '2021-09')",7,16,200,1000,2500,5,5,3,16,16,1,2.0057867211083273e-05,0.03162666552735824,3,0.5,0.01,db1bdbba
121,-867.745512120864,True,1,10f81abd,2024-03-12_19-35-41,1710268541,15.223214387893677,15.223214387893677,63305,hpc-c11-node22.unitn.it,192.168.115.155,15.223214387893677,1,SUD_v2,SUD,"('2015-01', '2020-12')","('2021-01', '2021-09')",7,16,200,1000,2500,5,5,3,16,16,1,0.005078126824732451,0.0015623986048401218,3,0.5,0.01,10f81abd
122,-1065.1251220703125,True,1,f7edfecd,2024-03-12_19-35-57,1710268557,17.796716690063477,17.796716690063477,63391,hpc-c11-node22.unitn.it,192.168.115.155,17.796716690063477,1,SUD_v2,SUD,"('2015-01', '2020-12')","('2021-01', '2021-09')",7,16,200,1000,2500,5,5,3,16,16,1,3.9901144615677055e-05,0.020431788531360424,3,0.5,0.01,f7edfecd
123,-1027.3584594726562,True,1,6db1b7b3,2024-03-12_19-36-07,1710268567,15.62444281578064,15.62444281578064,63472,hpc-c11-node22.unitn.it,192.168.115.155,15.62444281578064,1,SUD_v2,SUD,"('2015-01', '2020-12')","('2021-01', '2021-09')",7,16,200,1000,2500,5,5,3,16,16,1,1.3753725222780436e-05,0.003537407134297178,3,0.5,0.01,6db1b7b3
124,-926.21436623966,True,1,22e47f4a,2024-03-12_19-36-20,1710268580,15.145113945007324,15.145113945007324,63564,hpc-c11-node22.unitn.it,192.168.115.155,15.145113945007324,1,SUD_v2,SUD,"('2015-01', '2020-12')","('2021-01', '2021-09')",7,16,200,1000,2500,5,5,3,16,16,1,0.00043660087826080917,0.0002476722003963785,3,0.5,0.01,22e47f4a
125,-226572.8474264706,True,15,49ea9af0,2024-03-12_19-39-56,1710268796,12.908340215682983,221.0967197418213,63686,hpc-c11-node22.unitn.it,192.168.115.155,221.0967197418213,15,SUD_v2,SUD,"('2015-01', '2020-12')","('2021-01', '2021-09')",7,16,200,1000,2500,5,5,3,16,16,1,0.00026240235028998816,0.09905594344215403,3,0.5,0.01,49ea9af0
126,-1092.6355267693016,True,1,92bc26a5,2024-03-12_19-36-39,1710268599,14.363075733184814,14.363075733184814,63773,hpc-c11-node22.unitn.it,192.168.115.155,14.363075733184814,1,SUD_v2,SUD,"('2015-01', '2020-12')","('2021-01', '2021-09')",7,16,200,1000,2500,5,5,3,16,16,1,2.3904616112234117e-05,0.024971802721269656,3,0.5,0.01,92bc26a5
127,-939.2385971966912,True,1,cf337cca,2024-03-12_19-36-50,1710268610,15.823770523071289,15.823770523071289,63860,hpc-c11-node22.unitn.it,192.168.115.155,15.823770523071289,1,SUD_v2,SUD,"('2015-01', '2020-12')","('2021-01', '2021-09')",7,16,200,1000,2500,5,5,3,16,16,1,3.4531585648593184e-05,0.0007899853913262542,3,0.5,0.01,cf337cca
128,-1013.7805750229779,True,1,f9259c3d,2024-03-12_19-37-01,1710268621,16.25920581817627,16.25920581817627,63944,hpc-c11-node22.unitn.it,192.168.115.155,16.25920581817627,1,SUD_v2,SUD,"('2015-01', '2020-12')","('2021-01', '2021-09')",7,16,200,1000,2500,5,5,3,16,16,1,1.1677377388668125e-05,0.004607140248626207,3,0.5,0.01,f9259c3d
129,-1014.3301140280331,True,1,a4d3e52f,2024-03-12_19-37-11,1710268631,15.143095016479492,15.143095016479492,64031,hpc-c11-node22.unitn.it,192.168.115.155,15.143095016479492,1,SUD_v2,SUD,"('2015-01', '2020-12')","('2021-01', '2021-09')",7,16,200,1000,2500,5,5,3,16,16,1,0.0012381689219297903,0.010498940641515932,3,0.5,0.01,a4d3e52f
130,-2025.8012838924633,True,4,fdfd15fa,2024-03-12_19-38-12,1710268692,19.180540084838867,65.38481426239014,64120,hpc-c11-node22.unitn.it,192.168.115.155,65.38481426239014,4,SUD_v2,SUD,"('2015-01', '2020-12')","('2021-01', '2021-09')",7,16,200,1000,2500,5,5,3,16,16,1,7.230859682210377e-05,0.05066919097766309,3,0.5,0.01,fdfd15fa
131,-1011.8074520335477,True,1,471eb3db,2024-03-12_19-37-28,1710268648,13.127451181411743,13.127451181411743,64205,hpc-c11-node22.unitn.it,192.168.115.155,13.127451181411743,1,SUD_v2,SUD,"('2015-01', '2020-12')","('2021-01', '2021-09')",7,16,200,1000,2500,5,5,3,16,16,1,1.0051086668755932e-05,0.008027373214183293,3,0.5,0.01,471eb3db
132,-1107.1810446346508,True,1,4c62f819,2024-03-12_19-37-47,1710268667,17.758615493774414,17.758615493774414,64295,hpc-c11-node22.unitn.it,192.168.115.155,17.758615493774414,1,SUD_v2,SUD,"('2015-01', '2020-12')","('2021-01', '2021-09')",7,16,200,1000,2500,5,5,3,16,16,1,0.0026097269932632053,0.07906407191531986,3,0.5,0.01,4c62f819
133,-1020.5223460477941,True,1,cc9e3052,2024-03-12_19-37-55,1710268675,18.946187734603882,18.946187734603882,64381,hpc-c11-node22.unitn.it,192.168.115.155,18.946187734603882,1,SUD_v2,SUD,"('2015-01', '2020-12')","('2021-01', '2021-09')",7,16,200,1000,2500,5,5,3,16,16,1,9.572528932508351e-05,0.005858841355804924,3,0.5,0.01,cc9e3052
134,-1691.258092543658,True,4,b1ae9209,2024-03-12_19-38-48,1710268728,13.562253952026367,59.410165548324585,64463,hpc-c11-node22.unitn.it,192.168.115.155,59.410165548324585,4,SUD_v2,SUD,"('2015-01', '2020-12')","('2021-01', '2021-09')",7,16,200,1000,2500,5,5,3,16,16,1,5.729597412314378e-05,0.05870975751065039,3,0.5,0.01,b1ae9209
135,-1119.6527315027574,True,1,120a1544,2024-03-12_19-38-15,1710268695,14.805735111236572,14.805735111236572,64549,hpc-c11-node22.unitn.it,192.168.115.155,14.805735111236572,1,SUD_v2,SUD,"('2015-01', '2020-12')","('2021-01', '2021-09')",7,16,200,1000,2500,5,5,3,16,16,1,1.865064618871914e-05,0.033732238800266275,3,0.5,0.01,120a1544
136,-1047.3508049460017,True,1,a72fbc1f,2024-03-12_19-38-31,1710268711,15.893235445022583,15.893235445022583,64640,hpc-c11-node22.unitn.it,192.168.115.155,15.893235445022583,1,SUD_v2,SUD,"('2015-01', '2020-12')","('2021-01', '2021-09')",7,16,200,1000,2500,5,5,3,16,16,1,0.0001950288683367734,0.01737623514411987,3,0.5,0.01,a72fbc1f
137,-1101.6541496725642,True,1,2d379bc1,2024-03-12_19-38-40,1710268720,15.903971910476685,15.903971910476685,64732,hpc-c11-node22.unitn.it,192.168.115.155,15.903971910476685,1,SUD_v2,SUD,"('2015-01', '2020-12')","('2021-01', '2021-09')",7,16,200,1000,2500,5,5,3,16,16,1,0.0005326690381205883,0.027746123394372806,3,0.5,0.01,2d379bc1
138,-2451.939661362592,True,4,eabc1069,2024-03-12_19-39-33,1710268773,14.049975156784058,55.96319127082825,64814,hpc-c11-node22.unitn.it,192.168.115.155,55.96319127082825,4,SUD_v2,SUD,"('2015-01', '2020-12')","('2021-01', '2021-09')",7,16,200,1000,2500,5,5,3,16,16,1,0.00014340847220270235,0.07411719785188498,3,0.5,0.01,eabc1069
139,-1957.9257381663604,True,4,0265a4fc,2024-03-12_19-39-45,1710268785,13.151365756988525,58.629945516586304,64905,hpc-c11-node22.unitn.it,192.168.115.155,58.629945516586304,4,SUD_v2,SUD,"('2015-01', '2020-12')","('2021-01', '2021-09')",7,16,200,1000,2500,5,5,3,16,16,1,2.3077656542621148e-05,0.047628220895998656,3,0.5,0.01,0265a4fc
140,-1053.6530151367188,True,1,5e618db2,2024-03-12_19-39-08,1710268748,13.25947642326355,13.25947642326355,64993,hpc-c11-node22.unitn.it,192.168.115.155,13.25947642326355,1,SUD_v2,SUD,"('2015-01', '2020-12')","('2021-01', '2021-09')",7,16,200,1000,2500,5,5,3,16,16,1,1.3331186066609665e-05,0.012999525094477563,3,0.5,0.01,5e618db2
141,-2552.0451803768383,True,4,14df55f1,2024-03-12_19-40-12,1710268812,19.2383074760437,66.69979333877563,65078,hpc-c11-node22.unitn.it,192.168.115.155,66.69979333877563,4,SUD_v2,SUD,"('2015-01', '2020-12')","('2021-01', '2021-09')",7,16,200,1000,2500,5,5,3,16,16,1,3.050761153715424e-05,0.06445074173595783,3,0.5,0.01,14df55f1
142,30665888.0,True,15,3d7fa372,2024-03-12_19-43-52,1710269032,16.420960664749146,276.01012897491455,65160,hpc-c11-node22.unitn.it,192.168.115.155,276.01012897491455,15,SUD_v2,SUD,"('2015-01', '2020-12')","('2021-01', '2021-09')",7,16,200,1000,2500,5,5,3,16,16,1,1.4699093951025546e-05,0.09682419051561583,3,0.5,0.01,3d7fa372
143,-892.3814230526195,True,1,e70178fc,2024-03-12_19-39-48,1710268788,15.085519313812256,15.085519313812256,65245,hpc-c11-node22.unitn.it,192.168.115.155,15.085519313812256,1,SUD_v2,SUD,"('2015-01', '2020-12')","('2021-01', '2021-09')",7,16,200,1000,2500,5,5,3,16,16,1,0.0001191115772022,0.00010929706706261182,3,0.5,0.01,e70178fc
144,-1059.559383616728,True,1,58150b9e,2024-03-12_19-40-12,1710268812,18.514504194259644,18.514504194259644,65333,hpc-c11-node22.unitn.it,192.168.115.155,18.514504194259644,1,SUD_v2,SUD,"('2015-01', '2020-12')","('2021-01', '2021-09')",7,16,200,1000,2500,5,5,3,16,16,1,5.2241706357521915e-05,0.037848742700442806,3,0.5,0.01,58150b9e
145,10565486.470588235,True,15,9d841079,2024-03-12_19-43-35,1710269015,14.38956594467163,215.20729041099548,65421,hpc-c11-node22.unitn.it,192.168.115.155,215.20729041099548,15,SUD_v2,SUD,"('2015-01', '2020-12')","('2021-01', '2021-09')",7,16,200,1000,2500,5,5,3,16,16,1,4.1344011054805755e-05,0.090734492666416,3,0.5,0.01,9d841079
146,-1102.7050134995404,True,1,3f71be11,2024-03-12_19-40-26,1710268826,12.98777437210083,12.98777437210083,65506,hpc-c11-node22.unitn.it,192.168.115.155,12.98777437210083,1,SUD_v2,SUD,"('2015-01', '2020-12')","('2021-01', '2021-09')",7,16,200,1000,2500,5,5,3,16,16,1,2.6086371986296933e-05,0.05421494817548092,3,0.5,0.01,3f71be11
147,-2816.23539464614,True,4,8085f8fa,2024-03-12_19-41-18,1710268878,13.852888584136963,57.33744144439697,65601,hpc-c11-node22.unitn.it,192.168.115.155,57.33744144439697,4,SUD_v2,SUD,"('2015-01', '2020-12')","('2021-01', '2021-09')",7,16,200,1000,2500,5,5,3,16,16,1,2.089794959346285e-05,0.07090677629143236,3,0.5,0.01,8085f8fa
148,-1109.4795460420496,True,1,f093f8d1,2024-03-12_19-40-44,1710268844,14.995302677154541,14.995302677154541,65682,hpc-c11-node22.unitn.it,192.168.115.155,14.995302677154541,1,SUD_v2,SUD,"('2015-01', '2020-12')","('2021-01', '2021-09')",7,16,200,1000,2500,5,5,3,16,16,1,2.8875266537037186e-05,0.04681772571752362,3,0.5,0.01,f093f8d1
149,-25469539.76470588,True,15,249345f2,2024-03-12_19-44-35,1710269075,13.43713665008545,237.17110562324524,65768,hpc-c11-node22.unitn.it,192.168.115.155,237.17110562324524,15,SUD_v2,SUD,"('2015-01', '2020-12')","('2021-01', '2021-09')",7,16,200,1000,2500,5,5,3,16,16,1,1.1030784893403812e-05,0.08105920548819327,3,0.5,0.01,249345f2
150,-2403.99949017693,True,4,76dde114,2024-03-12_19-42-11,1710268931,20.654626607894897,80.0603346824646,65853,hpc-c11-node22.unitn.it,192.168.115.155,80.0603346824646,4,SUD_v2,SUD,"('2015-01', '2020-12')","('2021-01', '2021-09')",7,16,200,1000,2500,5,5,3,16,16,1,1.653267573018728e-05,0.05970535242670975,3,0.5,0.01,76dde114
151,-1495.5535314223346,True,4,2a9e9738,2024-03-12_19-42-17,1710268937,17.52951979637146,68.3326952457428,65939,hpc-c11-node22.unitn.it,192.168.115.155,68.3326952457428,4,SUD_v2,SUD,"('2015-01', '2020-12')","('2021-01', '2021-09')",7,16,200,1000,2500,5,5,3,16,16,1,1.0076286088681836e-05,0.030006424934287065,3,0.5,0.01,2a9e9738
152,-5175761.529411765,True,15,cc3bfb83,2024-03-12_19-46-00,1710269160,15.647289276123047,272.46085810661316,66023,hpc-c11-node22.unitn.it,192.168.115.155,272.46085810661316,15,SUD_v2,SUD,"('2015-01', '2020-12')","('2021-01', '2021-09')",7,16,200,1000,2500,5,5,3,16,16,1,4.562842834172652e-05,0.08665542935720463,3,0.5,0.01,cc3bfb83
153,-1116.1239911247703,True,1,9dda1bc0,2024-03-12_19-42-02,1710268922,20.0209379196167,20.0209379196167,66107,hpc-c11-node22.unitn.it,192.168.115.155,20.0209379196167,1,SUD_v2,SUD,"('2015-01', '2020-12')","('2021-01', '2021-09')",7,16,200,1000,2500,5,5,3,16,16,1,3.731078598653059e-05,0.041765956909117205,3,0.5,0.01,9dda1bc0
154,-1102.7212308995863,True,1,d6270cea,2024-03-12_19-42-22,1710268942,15.424021005630493,15.424021005630493,66190,hpc-c11-node22.unitn.it,192.168.115.155,15.424021005630493,1,SUD_v2,SUD,"('2015-01', '2020-12')","('2021-01', '2021-09')",7,16,200,1000,2500,5,5,3,16,16,1,1.7375394177245856e-05,0.03595786080260458,3,0.5,0.01,d6270cea
155,-2723.807918772978,True,4,62ddae6d,2024-03-12_19-43-45,1710269025,20.116233825683594,84.20789980888367,66277,hpc-c11-node22.unitn.it,192.168.115.155,84.20789980888367,4,SUD_v2,SUD,"('2015-01', '2020-12')","('2021-01', '2021-09')",7,16,200,1000,2500,5,5,3,16,16,1,7.616854555981795e-05,0.06900131113169192,3,0.5,0.01,62ddae6d
156,-1089.1148214901195,True,1,e462422e,2024-03-12_19-43-15,1710268995,31.069186210632324,31.069186210632324,66365,hpc-c11-node22.unitn.it,192.168.115.155,31.069186210632324,1,SUD_v2,SUD,"('2015-01', '2020-12')","('2021-01', '2021-09')",7,16,200,1000,2500,5,5,3,16,16,1,1.2255853437355188e-05,0.02279054821961168,3,0.5,0.01,e462422e
157,-1040.7964298023896,True,1,b6fd23a5,2024-03-12_19-43-16,1710268996,14.37796950340271,14.37796950340271,66452,hpc-c11-node22.unitn.it,192.168.115.155,14.37796950340271,1,SUD_v2,SUD,"('2015-01', '2020-12')","('2021-01', '2021-09')",7,16,200,1000,2500,5,5,3,16,16,1,6.391088653536769e-05,0.015323992167899581,3,0.5,0.01,b6fd23a5
158,-1110.5818732766545,True,1,11d62f82,2024-03-12_19-43-34,1710269014,15.885028600692749,15.885028600692749,66535,hpc-c11-node22.unitn.it,192.168.115.155,15.885028600692749,1,SUD_v2,SUD,"('2015-01', '2020-12')","('2021-01', '2021-09')",7,16,200,1000,2500,5,5,3,16,16,1,2.003922193133676e-05,0.05164543921373804,3,0.5,0.01,11d62f82
159,-1046.0333287856158,True,1,c415d3f7,2024-03-12_19-43-53,1710269033,16.8695547580719,16.8695547580719,66669,hpc-c11-node22.unitn.it,192.168.115.155,16.8695547580719,1,SUD_v2,SUD,"('2015-01', '2020-12')","('2021-01', '2021-09')",7,16,200,1000,2500,5,5,3,16,16,1,1.4836559048937541e-05,0.019734933781746525,3,0.5,0.01,c415d3f7
160,-3497.225212545956,True,4,c8061b47,2024-03-12_19-45-05,1710269105,30.569911241531372,76.50133633613586,66758,hpc-c11-node22.unitn.it,192.168.115.155,76.50133633613586,4,SUD_v2,SUD,"('2015-01', '2020-12')","('2021-01', '2021-09')",7,16,200,1000,2500,5,5,3,16,16,1,0.0008454580093893745,0.09998516344653072,3,0.5,0.01,c8061b47
161,-40928725.88235294,True,15,adde0965,2024-03-12_19-47-30,1710269250,13.10583209991455,212.87430691719055,66843,hpc-c11-node22.unitn.it,192.168.115.155,212.87430691719055,15,SUD_v2,SUD,"('2015-01', '2020-12')","('2021-01', '2021-09')",7,16,200,1000,2500,5,5,3,16,16,1,2.618385125062051e-05,0.08062470678165296,3,0.5,0.01,adde0965
162,-1117.8330221737133,True,1,af1f6b49,2024-03-12_19-44-19,1710269059,14.551734209060669,14.551734209060669,66932,hpc-c11-node22.unitn.it,192.168.115.155,14.551734209060669,1,SUD_v2,SUD,"('2015-01', '2020-12')","('2021-01', '2021-09')",7,16,200,1000,2500,5,5,3,16,16,1,3.620482446042903e-05,0.027344896239133266,3,0.5,0.01,af1f6b49
163,-1625853.8823529412,True,15,75e98bb0,2024-03-12_19-48-22,1710269302,22.62091302871704,241.34890174865723,67016,hpc-c11-node22.unitn.it,192.168.115.155,241.34890174865723,15,SUD_v2,SUD,"('2015-01', '2020-12')","('2021-01', '2021-09')",7,16,200,1000,2500,5,5,3,16,16,1,3.252602129834966e-05,0.09910871943078843,3,0.5,0.01,75e98bb0
164,-1823.921968347886,True,4,74b19bf6,2024-03-12_19-45-39,1710269139,16.678412437438965,61.00063467025757,67104,hpc-c11-node22.unitn.it,192.168.115.155,61.00063467025757,4,SUD_v2,SUD,"('2015-01', '2020-12')","('2021-01', '2021-09')",7,16,200,1000,2500,5,5,3,16,16,1,2.2131119615350372e-05,0.043556407913535024,3,0.5,0.01,74b19bf6
165,-890.0899873621323,True,1,6fac9836,2024-03-12_19-45-04,1710269104,14.812741756439209,14.812741756439209,67189,hpc-c11-node22.unitn.it,192.168.115.155,14.812741756439209,1,SUD_v2,SUD,"('2015-01', '2020-12')","('2021-01', '2021-09')",7,16,200,1000,2500,5,5,3,16,16,1,5.465976655191022e-05,0.00016812299172164677,3,0.5,0.01,6fac9836
166,-1063.4401819565717,True,1,a2a4cfed,2024-03-12_19-45-22,1710269122,14.92413854598999,14.92413854598999,67270,hpc-c11-node22.unitn.it,192.168.115.155,14.92413854598999,1,SUD_v2,SUD,"('2015-01', '2020-12')","('2021-01', '2021-09')",7,16,200,1000,2500,5,5,3,16,16,1,0.0014994708946856122,0.031386225176925,3,0.5,0.01,a2a4cfed
167,-2373.4713350183824,True,4,871a0fa2,2024-03-12_19-46-28,1710269188,14.598161220550537,62.837037563323975,67359,hpc-c11-node22.unitn.it,192.168.115.155,62.837037563323975,4,SUD_v2,SUD,"('2015-01', '2020-12')","('2021-01', '2021-09')",7,16,200,1000,2500,5,5,3,16,16,1,1.1925232107358602e-05,0.05930603471928624,3,0.5,0.01,871a0fa2
168,-972.6424632352941,True,1,0da1da4c,2024-03-12_19-45-57,1710269157,16.624677658081055,16.624677658081055,67444,hpc-c11-node22.unitn.it,192.168.115.155,16.624677658081055,1,SUD_v2,SUD,"('2015-01', '2020-12')","('2021-01', '2021-09')",7,16,200,1000,2500,5,5,3,16,16,1,8.784566033018033e-05,0.0013822272993405502,3,0.5,0.01,0da1da4c
169,-982.4384622012867,True,1,ddef75a3,2024-03-12_19-46-10,1710269170,15.199429273605347,15.199429273605347,67530,hpc-c11-node22.unitn.it,192.168.115.155,15.199429273605347,1,SUD_v2,SUD,"('2015-01', '2020-12')","('2021-01', '2021-09')",7,16,200,1000,2500,5,5,3,16,16,1,4.806470267527349e-05,0.0022621111563812524,3,0.5,0.01,ddef75a3
170,-2913.1396627987133,True,4,6d984fb6,2024-03-12_19-47-00,1710269220,13.226727485656738,56.68290138244629,67612,hpc-c11-node22.unitn.it,192.168.115.155,56.68290138244629,4,SUD_v2,SUD,"('2015-01', '2020-12')","('2021-01', '2021-09')",7,16,200,1000,2500,5,5,3,16,16,1,6.66588137486537e-05,0.06850185750942968,3,0.5,0.01,6d984fb6
171,-3231.905388327206,True,4,afefcb5b,2024-03-12_19-47-14,1710269234,14.132556915283203,58.206915616989136,67701,hpc-c11-node22.unitn.it,192.168.115.155,58.206915616989136,4,SUD_v2,SUD,"('2015-01', '2020-12')","('2021-01', '2021-09')",7,16,200,1000,2500,5,5,3,16,16,1,1.794458345291511e-05,0.08666991103512718,3,0.5,0.01,afefcb5b
172,-1077.2006871840533,True,1,d6caa746,2024-03-12_19-46-47,1710269207,14.813403606414795,14.813403606414795,67789,hpc-c11-node22.unitn.it,192.168.115.155,14.813403606414795,1,SUD_v2,SUD,"('2015-01', '2020-12')","('2021-01', '2021-09')",7,16,200,1000,2500,5,5,3,16,16,1,1.014485970692042e-05,0.02489890850079724,3,0.5,0.01,d6caa746
173,-1005.6379717658548,True,1,0f07817a,2024-03-12_19-47-06,1710269226,14.35961103439331,14.35961103439331,67875,hpc-c11-node22.unitn.it,192.168.115.155,14.35961103439331,1,SUD_v2,SUD,"('2015-01', '2020-12')","('2021-01', '2021-09')",7,16,200,1000,2500,5,5,3,16,16,1,0.0021550447164069134,0.009370780326427514,3,0.5,0.01,0f07817a
174,-1000.7283073874081,True,1,2e2191e3,2024-03-12_19-47-21,1710269241,15.72838282585144,15.72838282585144,67982,hpc-c11-node22.unitn.it,192.168.115.155,15.72838282585144,1,SUD_v2,SUD,"('2015-01', '2020-12')","('2021-01', '2021-09')",7,16,200,1000,2500,5,5,3,16,16,1,0.0034527740861228597,0.011668808004079174,3,0.5,0.01,2e2191e3
175,-914.1361012178309,True,1,8440bbad,2024-03-12_19-47-30,1710269250,13.676733255386353,13.676733255386353,68067,hpc-c11-node22.unitn.it,192.168.115.155,13.676733255386353,1,SUD_v2,SUD,"('2015-01', '2020-12')","('2021-01', '2021-09')",7,16,200,1000,2500,5,5,3,16,16,1,0.0002366037693054575,0.0004982107832915282,3,0.5,0.01,8440bbad
176,-1131.1495361328125,True,1,7df98af1,2024-03-12_19-47-39,1710269259,13.764285326004028,13.764285326004028,68156,hpc-c11-node22.unitn.it,192.168.115.155,13.764285326004028,1,SUD_v2,SUD,"('2015-01', '2020-12')","('2021-01', '2021-09')",7,16,200,1000,2500,5,5,3,16,16,1,1.3878101733920668e-05,0.03499628840967927,3,0.5,0.01,7df98af1
177,-1908.7581643497242,True,4,576d8189,2024-03-12_19-48-30,1710269310,16.336952924728394,56.076289892196655,68242,hpc-c11-node22.unitn.it,192.168.115.155,56.076289892196655,4,SUD_v2,SUD,"('2015-01', '2020-12')","('2021-01', '2021-09')",7,16,200,1000,2500,5,5,3,16,16,1,3.0730332265407434e-05,0.050140672090807296,3,0.5,0.01,576d8189
178,-2944.7488080193016,True,4,48bcaf8c,2024-03-12_19-48-42,1710269322,14.44968867301941,61.03644037246704,68330,hpc-c11-node22.unitn.it,192.168.115.155,61.03644037246704,4,SUD_v2,SUD,"('2015-01', '2020-12')","('2021-01', '2021-09')",7,16,200,1000,2500,5,5,3,16,16,1,2.411043324412535e-05,0.08012784403548975,3,0.5,0.01,48bcaf8c
179,-1042.0449075137867,True,1,76753e4e,2024-03-12_19-48-14,1710269294,20.590821027755737,20.590821027755737,68415,hpc-c11-node22.unitn.it,192.168.115.155,20.590821027755737,1,SUD_v2,SUD,"('2015-01', '2020-12')","('2021-01', '2021-09')",7,16,200,1000,2500,5,5,3,16,16,1,1.001971837732404e-05,0.01705640288110911,3,0.5,0.01,76753e4e
180,-1766.5733068129596,True,4,c2227776,2024-03-12_19-48-56,1710269336,13.321048259735107,54.44962978363037,68497,hpc-c11-node22.unitn.it,192.168.115.155,54.44962978363037,4,SUD_v2,SUD,"('2015-01', '2020-12')","('2021-01', '2021-09')",7,16,200,1000,2500,5,5,3,16,16,1,2.5768359937727638e-05,0.04272856855967927,3,0.5,0.01,c2227776
181,-1127.1125560087316,True,1,1ad8ccce,2024-03-12_19-48-28,1710269308,15.594968318939209,15.594968318939209,68579,hpc-c11-node22.unitn.it,192.168.115.155,15.594968318939209,1,SUD_v2,SUD,"('2015-01', '2020-12')","('2021-01', '2021-09')",7,16,200,1000,2500,5,5,3,16,16,1,0.00035939241601641895,0.06295875647523838,3,0.5,0.01,1ad8ccce
182,-2706288.161764706,True,15,0e750c36,2024-03-12_19-52-10,1710269530,13.568498849868774,224.48131656646729,68661,hpc-c11-node22.unitn.it,192.168.115.155,224.48131656646729,15,SUD_v2,SUD,"('2015-01', '2020-12')","('2021-01', '2021-09')",7,16,200,1000,2500,5,5,3,16,16,1,9.956172519956783e-05,0.09929945838188205,3,0.5,0.01,0e750c36
183,-928.7170230641085,True,1,f56cb0ed,2024-03-12_19-48-52,1710269332,17.14371085166931,17.14371085166931,68750,hpc-c11-node22.unitn.it,192.168.115.155,17.14371085166931,1,SUD_v2,SUD,"('2015-01', '2020-12')","('2021-01', '2021-09')",7,16,200,1000,2500,5,5,3,16,16,1,1.589568619008468e-05,0.0003045463083475661,3,0.5,0.01,f56cb0ed
184,-1117.5412059110754,True,1,fb2acfbe,2024-03-12_19-48-59,1710269339,15.183948755264282,15.183948755264282,68840,hpc-c11-node22.unitn.it,192.168.115.155,15.183948755264282,1,SUD_v2,SUD,"('2015-01', '2020-12')","('2021-01', '2021-09')",7,16,200,1000,2500,5,5,3,16,16,1,0.00015446426462854013,0.07533343103808986,3,0.5,0.01,fb2acfbe
185,-1655.8632884306066,True,4,992416ce,2024-03-12_19-49-51,1710269391,17.77267289161682,59.50021314620972,68926,hpc-c11-node22.unitn.it,192.168.115.155,59.50021314620972,4,SUD_v2,SUD,"('2015-01', '2020-12')","('2021-01', '2021-09')",7,16,200,1000,2500,5,5,3,16,16,1,4.045204601985647e-05,0.057580516834553855,3,0.5,0.01,992416ce
186,-1007.8855770335477,True,1,62ed9202,2024-03-12_19-49-14,1710269354,13.188507080078125,13.188507080078125,69007,hpc-c11-node22.unitn.it,192.168.115.155,13.188507080078125,1,SUD_v2,SUD,"('2015-01', '2020-12')","('2021-01', '2021-09')",7,16,200,1000,2500,5,5,3,16,16,1,1.9588848932567438e-05,0.0043833228566748025,3,0.5,0.01,62ed9202
187,-1039.8357005399816,True,1,08a314e6,2024-03-12_19-49-22,1710269362,13.44575810432434,13.44575810432434,69099,hpc-c11-node22.unitn.it,192.168.115.155,13.44575810432434,1,SUD_v2,SUD,"('2015-01', '2020-12')","('2021-01', '2021-09')",7,16,200,1000,2500,5,5,3,16,16,1,0.00020508275443431795,0.00724215044484919,3,0.5,0.01,08a314e6
188,-1028.7748484892004,True,1,713ff862,2024-03-12_19-49-31,1710269371,13.378715753555298,13.378715753555298,69182,hpc-c11-node22.unitn.it,192.168.115.155,13.378715753555298,1,SUD_v2,SUD,"('2015-01', '2020-12')","('2021-01', '2021-09')",7,16,200,1000,2500,5,5,3,16,16,1,5.921946611782466e-05,0.005367088386354369,3,0.5,0.01,713ff862
189,-1068.9578031652113,True,1,72655429,2024-03-12_19-49-39,1710269379,14.389137744903564,14.389137744903564,69269,hpc-c11-node22.unitn.it,192.168.115.155,14.389137744903564,1,SUD_v2,SUD,"('2015-01', '2020-12')","('2021-01', '2021-09')",7,16,200,1000,2500,5,5,3,16,16,1,0.00012820972957440583,0.021064083940497993,3,0.5,0.01,72655429
190,-954.9574190027573,True,1,37f634f9,2024-03-12_19-49-50,1710269390,16.672828912734985,16.672828912734985,69355,hpc-c11-node22.unitn.it,192.168.115.155,16.672828912734985,1,SUD_v2,SUD,"('2015-01', '2020-12')","('2021-01', '2021-09')",7,16,200,1000,2500,5,5,3,16,16,1,1.2610027231934316e-05,0.0009742510706354237,3,0.5,0.01,37f634f9
191,-1078.3944881663604,True,1,08138afc,2024-03-12_19-49-54,1710269394,12.825618982315063,12.825618982315063,69440,hpc-c11-node22.unitn.it,192.168.115.155,12.825618982315063,1,SUD_v2,SUD,"('2015-01', '2020-12')","('2021-01', '2021-09')",7,16,200,1000,2500,5,5,3,16,16,1,4.475893641485062e-05,0.03918566569097626,3,0.5,0.01,08138afc
192,-972.9299890854779,True,1,ad2228df,2024-03-12_19-50-05,1710269405,14.103923559188843,14.103923559188843,69526,hpc-c11-node22.unitn.it,192.168.115.155,14.103923559188843,1,SUD_v2,SUD,"('2015-01', '2020-12')","('2021-01', '2021-09')",7,16,200,1000,2500,5,5,3,16,16,1,8.154053756950721e-05,0.0018616767565144364,3,0.5,0.01,ad2228df
193,28825526.11764706,True,15,de1f268f,2024-03-12_19-53-45,1710269625,13.741355895996094,227.18029069900513,69612,hpc-c11-node22.unitn.it,192.168.115.155,227.18029069900513,15,SUD_v2,SUD,"('2015-01', '2020-12')","('2021-01', '2021-09')",7,16,200,1000,2500,5,5,3,16,16,1,2.9272181624802007e-05,0.09900562088391592,3,0.5,0.01,de1f268f
194,-1069.6100463867188,True,1,c5418950,2024-03-12_19-50-20,1710269420,13.296430110931396,13.296430110931396,69702,hpc-c11-node22.unitn.it,192.168.115.155,13.296430110931396,1,SUD_v2,SUD,"('2015-01', '2020-12')","('2021-01', '2021-09')",7,16,200,1000,2500,5,5,3,16,16,1,1.6310528831697178e-05,0.01353375988770723,3,0.5,0.01,c5418950
195,-1062.7526209214154,True,1,151300cf,2024-03-12_19-50-33,1710269433,18.1086642742157,18.1086642742157,69794,hpc-c11-node22.unitn.it,192.168.115.155,18.1086642742157,1,SUD_v2,SUD,"('2015-01', '2020-12')","('2021-01', '2021-09')",7,16,200,1000,2500,5,5,3,16,16,1,3.6727606184715104e-05,0.02674736124821411,3,0.5,0.01,151300cf
196,-1092.5919404871324,True,1,3b895a76,2024-03-12_19-50-37,1710269437,14.38933777809143,14.38933777809143,69876,hpc-c11-node22.unitn.it,192.168.115.155,14.38933777809143,1,SUD_v2,SUD,"('2015-01', '2020-12')","('2021-01', '2021-09')",7,16,200,1000,2500,5,5,3,16,16,1,2.277330973921703e-05,0.04871213642769861,3,0.5,0.01,3b895a76
197,-884.6730741613052,True,1,eab82c2e,2024-03-12_19-50-49,1710269449,17.8712100982666,17.8712100982666,69962,hpc-c11-node22.unitn.it,192.168.115.155,17.8712100982666,1,SUD_v2,SUD,"('2015-01', '2020-12')","('2021-01', '2021-09')",7,16,200,1000,2500,5,5,3,16,16,1,0.0052789456422728,0.0033996975825296054,3,0.5,0.01,eab82c2e
198,-2136.5170970243566,True,4,d028e2df,2024-03-12_19-51-38,1710269498,15.59230375289917,59.697906255722046,70045,hpc-c11-node22.unitn.it,192.168.115.155,59.697906255722046,4,SUD_v2,SUD,"('2015-01', '2020-12')","('2021-01', '2021-09')",7,16,200,1000,2500,5,5,3,16,16,1,1.1571270208240797e-05,0.07812015379842023,3,0.5,0.01,d028e2df
199,-51051939.76470588,True,15,f9ed5db0,2024-03-12_19-54-25,1710269665,13.871312141418457,219.1807999610901,70135,hpc-c11-node22.unitn.it,192.168.115.155,219.1807999610901,15,SUD_v2,SUD,"('2015-01', '2020-12')","('2021-01', '2021-09')",7,16,200,1000,2500,5,5,3,16,16,1,2.7984131308741378e-05,0.08579750316927318,3,0.5,0.01,f9ed5db0
200,-1124.7920711741729,True,1,76ee9882,2024-03-12_19-51-16,1710269476,18.790202140808105,18.790202140808105,70216,hpc-c11-node22.unitn.it,192.168.115.155,18.790202140808105,1,SUD_v2,SUD,"('2015-01', '2020-12')","('2021-01', '2021-09')",7,16,200,1000,2500,5,5,3,16,16,1,0.0001087458430568887,0.035426542057965464,3,0.5,0.01,76ee9882
201,-1086.3887580422795,True,1,48cc6661,2024-03-12_19-51-36,1710269496,18.436119318008423,18.436119318008423,70304,hpc-c11-node22.unitn.it,192.168.115.155,18.436119318008423,1,SUD_v2,SUD,"('2015-01', '2020-12')","('2021-01', '2021-09')",7,16,200,1000,2500,5,5,3,16,16,1,1.4099454645431791e-05,0.018662382114456966,3,0.5,0.01,48cc6661
202,-1950.2903262867646,True,4,83cbb9d2,2024-03-12_19-52-48,1710269568,19.94498372077942,75.27623271942139,70392,hpc-c11-node22.unitn.it,192.168.115.155,75.27623271942139,4,SUD_v2,SUD,"('2015-01', '2020-12')","('2021-01', '2021-09')",7,16,200,1000,2500,5,5,3,16,16,1,0.0002858963294799689,0.053300040748743935,3,0.5,0.01,83cbb9d2
203,-1106.899101706112,True,1,42f45f25,2024-03-12_19-52-01,1710269521,16.51589798927307,16.51589798927307,70474,hpc-c11-node22.unitn.it,192.168.115.155,16.51589798927307,1,SUD_v2,SUD,"('2015-01', '2020-12')","('2021-01', '2021-09')",7,16,200,1000,2500,5,5,3,16,16,1,2.0145835311913637e-05,0.030549148356772197,3,0.5,0.01,42f45f25
204,-2218.4657341452207,True,4,504f7e62,2024-03-12_19-53-19,1710269599,13.999414682388306,75.15158152580261,70563,hpc-c11-node22.unitn.it,192.168.115.155,75.15158152580261,4,SUD_v2,SUD,"('2015-01', '2020-12')","('2021-01', '2021-09')",7,16,200,1000,2500,5,5,3,16,16,1,4.9667700099831546e-05,0.06597701673411606,3,0.5,0.01,504f7e62
205,-980.2050745346967,True,1,ff7c73df,2024-03-12_19-52-41,1710269561,26.133166790008545,26.133166790008545,70649,hpc-c11-node22.unitn.it,192.168.115.155,26.133166790008545,1,SUD_v2,SUD,"('2015-01', '2020-12')","('2021-01', '2021-09')",7,16,200,1000,2500,5,5,3,16,16,1,0.0006870880925053794,0.002588475185994356,3,0.5,0.01,ff7c73df
206,-1061.270927877987,True,1,c409b5fc,2024-03-12_19-52-54,1710269574,22.9256329536438,22.9256329536438,70734,hpc-c11-node22.unitn.it,192.168.115.155,22.9256329536438,1,SUD_v2,SUD,"('2015-01', '2020-12')","('2021-01', '2021-09')",7,16,200,1000,2500,5,5,3,16,16,1,1.0118043570688419e-05,0.023000616369032268,3,0.5,0.01,c409b5fc
207,-1044.9101382984834,True,1,1c89091f,2024-03-12_19-52-58,1710269578,15.296372890472412,15.296372890472412,70817,hpc-c11-node22.unitn.it,192.168.115.155,15.296372890472412,1,SUD_v2,SUD,"('2015-01', '2020-12')","('2021-01', '2021-09')",7,16,200,1000,2500,5,5,3,16,16,1,6.891059824653136e-05,0.010241132965258245,3,0.5,0.01,1c89091f
208,-1064.753069709329,True,1,1b3f5c72,2024-03-12_19-53-11,1710269591,14.07785677909851,14.07785677909851,70902,hpc-c11-node22.unitn.it,192.168.115.155,14.07785677909851,1,SUD_v2,SUD,"('2015-01', '2020-12')","('2021-01', '2021-09')",7,16,200,1000,2500,5,5,3,16,16,1,3.338997844589485e-05,0.015780554544112847,3,0.5,0.01,1b3f5c72
209,-925.9215626436121,True,1,518d9086,2024-03-12_19-53-25,1710269605,18.757680892944336,18.757680892944336,70993,hpc-c11-node22.unitn.it,192.168.115.155,18.757680892944336,1,SUD_v2,SUD,"('2015-01', '2020-12')","('2021-01', '2021-09')",7,16,200,1000,2500,5,5,3,16,16,1,1.6893952331340325e-05,0.0007997319546405958,3,0.5,0.01,518d9086
210,-1111.643461339614,True,1,c462444d,2024-03-12_19-53-32,1710269612,13.258849143981934,13.258849143981934,71078,hpc-c11-node22.unitn.it,192.168.115.155,13.258849143981934,1,SUD_v2,SUD,"('2015-01', '2020-12')","('2021-01', '2021-09')",7,16,200,1000,2500,5,5,3,16,16,1,0.00044086008505676345,0.047075861248724954,3,0.5,0.01,c462444d
211,8484454.11764706,True,15,355e8cf7,2024-03-12_19-57-00,1710269820,12.813093900680542,211.204514503479,71164,hpc-c11-node22.unitn.it,192.168.115.155,211.204514503479,15,SUD_v2,SUD,"('2015-01', '2020-12')","('2021-01', '2021-09')",7,16,200,1000,2500,5,5,3,16,16,1,2.3810482554811594e-05,0.0996624212579657,3,0.5,0.01,355e8cf7
212,-1127.0098625631892,True,1,f548f481,2024-03-12_19-53-49,1710269629,13.224867105484009,13.224867105484009,71252,hpc-c11-node22.unitn.it,192.168.115.155,13.224867105484009,1,SUD_v2,SUD,"('2015-01', '2020-12')","('2021-01', '2021-09')",7,16,200,1000,2500,5,5,3,16,16,1,4.116660320861594e-05,0.04023122829485975,3,0.5,0.01,f548f481
213,-2723.40531652114,True,4,8ea02311,2024-03-12_19-54-47,1710269687,15.005001306533813,59.49792718887329,71337,hpc-c11-node22.unitn.it,192.168.115.155,59.49792718887329,4,SUD_v2,SUD,"('2015-01', '2020-12')","('2021-01', '2021-09')",7,16,200,1000,2500,5,5,3,16,16,1,2.6572159524870485e-05,0.06517376868081498,3,0.5,0.01,8ea02311
214,-45190.52573529412,True,15,f65bd4ff,2024-03-12_19-57-34,1710269854,13.963552474975586,219.85048174858093,71422,hpc-c11-node22.unitn.it,192.168.115.155,219.85048174858093,15,SUD_v2,SUD,"('2015-01', '2020-12')","('2021-01', '2021-09')",7,16,200,1000,2500,5,5,3,16,16,1,0.00016999229858278577,0.08788269376768938,3,0.5,0.01,f65bd4ff
215,-2240.56156652114,True,4,8596b934,2024-03-12_19-55-07,1710269707,13.499276638031006,63.193483114242554,71507,hpc-c11-node22.unitn.it,192.168.115.155,63.193483114242554,4,SUD_v2,SUD,"('2015-01', '2020-12')","('2021-01', '2021-09')",7,16,200,1000,2500,5,5,3,16,16,1,1.4299439191872552e-05,0.057582993686426436,3,0.5,0.01,8596b934
216,-1018.1685898724725,True,1,ab411a99,2024-03-12_19-54-43,1710269683,14.416975498199463,14.416975498199463,71589,hpc-c11-node22.unitn.it,192.168.115.155,14.416975498199463,1,SUD_v2,SUD,"('2015-01', '2020-12')","('2021-01', '2021-09')",7,16,200,1000,2500,5,5,3,16,16,1,1.1445631956809206e-05,0.006244589870583026,3,0.5,0.01,ab411a99
217,-2567.606560202206,True,4,f6f787bf,2024-03-12_19-55-53,1710269753,14.925059080123901,70.39858984947205,71677,hpc-c11-node22.unitn.it,192.168.115.155,70.39858984947205,4,SUD_v2,SUD,"('2015-01', '2020-12')","('2021-01', '2021-09')",7,16,200,1000,2500,5,5,3,16,16,1,5.6898682605667496e-05,0.07556049457217145,3,0.5,0.01,f6f787bf
218,-1106.552281996783,True,1,e2cb8541,2024-03-12_19-55-12,1710269712,20.098581552505493,20.098581552505493,71761,hpc-c11-node22.unitn.it,192.168.115.155,20.098581552505493,1,SUD_v2,SUD,"('2015-01', '2020-12')","('2021-01', '2021-09')",7,16,200,1000,2500,5,5,3,16,16,1,2.903874424299334e-05,0.0340197337258836,3,0.5,0.01,e2cb8541
219,-932.0947229721967,True,1,79f63a1f,2024-03-12_19-55-22,1710269722,17.379347324371338,17.379347324371338,71849,hpc-c11-node22.unitn.it,192.168.115.155,17.379347324371338,1,SUD_v2,SUD,"('2015-01', '2020-12')","('2021-01', '2021-09')",7,16,200,1000,2500,5,5,3,16,16,1,1.882573011320865e-05,0.0005901374503182811,3,0.5,0.01,79f63a1f
220,-1057.5476325539983,True,1,dc569143,2024-03-12_19-55-32,1710269732,16.078561544418335,16.078561544418335,71931,hpc-c11-node22.unitn.it,192.168.115.155,16.078561544418335,1,SUD_v2,SUD,"('2015-01', '2020-12')","('2021-01', '2021-09')",7,16,200,1000,2500,5,5,3,16,16,1,9.218180618970462e-05,0.008115498751584061,3,0.5,0.01,dc569143
221,-1093.3822093290441,True,1,efe2c92c,2024-03-12_19-55-39,1710269739,14.64939832687378,14.64939832687378,72019,hpc-c11-node22.unitn.it,192.168.115.155,14.64939832687378,1,SUD_v2,SUD,"('2015-01', '2020-12')","('2021-01', '2021-09')",7,16,200,1000,2500,5,5,3,16,16,1,7.42013759004902e-05,0.029210188232142883,3,0.5,0.01,efe2c92c
222,-3284.2589326746324,True,4,874699ee,2024-03-12_19-56-37,1710269797,14.400564432144165,56.99332308769226,72104,hpc-c11-node22.unitn.it,192.168.115.155,56.99332308769226,4,SUD_v2,SUD,"('2015-01', '2020-12')","('2021-01', '2021-09')",7,16,200,1000,2500,5,5,3,16,16,1,3.351344192573454e-05,0.08719346828985025,3,0.5,0.01,874699ee
223,-1111.9688864315258,True,1,afbc07fe,2024-03-12_19-56-04,1710269764,14.786454677581787,14.786454677581787,72194,hpc-c11-node22.unitn.it,192.168.115.155,14.786454677581787,1,SUD_v2,SUD,"('2015-01', '2020-12')","('2021-01', '2021-09')",7,16,200,1000,2500,5,5,3,16,16,1,0.0001404400322915152,0.024472474527440304,3,0.5,0.01,afbc07fe
224,-1108.9692885454963,True,1,31115c7d,2024-03-12_19-56-11,1710269771,13.835979223251343,13.835979223251343,72275,hpc-c11-node22.unitn.it,192.168.115.155,13.835979223251343,1,SUD_v2,SUD,"('2015-01', '2020-12')","('2021-01', '2021-09')",7,16,200,1000,2500,5,5,3,16,16,1,6.309217371877794e-05,0.043524492709043586,3,0.5,0.01,31115c7d
225,-805.9009578929227,True,1,955d3c11,2024-03-12_19-56-29,1710269789,16.555657625198364,16.555657625198364,72360,hpc-c11-node22.unitn.it,192.168.115.155,16.555657625198364,1,SUD_v2,SUD,"('2015-01', '2020-12')","('2021-01', '2021-09')",7,16,200,1000,2500,5,5,3,16,16,1,0.009348959029661446,0.00016537950588712012,3,0.5,0.01,955d3c11
226,-1057.8359698127297,True,1,47aaec74,2024-03-12_19-56-38,1710269798,14.885254144668579,14.885254144668579,72450,hpc-c11-node22.unitn.it,192.168.115.155,14.885254144668579,1,SUD_v2,SUD,"('2015-01', '2020-12')","('2021-01', '2021-09')",7,16,200,1000,2500,5,5,3,16,16,1,1.2815513589012199e-05,0.011977176617278838,3,0.5,0.01,47aaec74
227,-1057.956808651195,True,1,4308de80,2024-03-12_19-56-51,1710269811,15.319161176681519,15.319161176681519,72531,hpc-c11-node22.unitn.it,192.168.115.155,15.319161176681519,1,SUD_v2,SUD,"('2015-01', '2020-12')","('2021-01', '2021-09')",7,16,200,1000,2500,5,5,3,16,16,1,0.0011244123695451397,0.020450674099214965,3,0.5,0.01,4308de80
228,-34079578.35294118,True,15,d348c666,2024-03-12_20-00-22,1710270022,13.605319499969482,217.28922605514526,72616,hpc-c11-node22.unitn.it,192.168.115.155,217.28922605514526,15,SUD_v2,SUD,"('2015-01', '2020-12')","('2021-01', '2021-09')",7,16,200,1000,2500,5,5,3,16,16,1,1.0158210114806974e-05,0.09935562500002795,3,0.5,0.01,d348c666
229,-2855.5859231387867,True,4,25bb3c0b,2024-03-12_19-57-55,1710269875,16.93150520324707,59.572967529296875,72706,hpc-c11-node22.unitn.it,192.168.115.155,59.572967529296875,4,SUD_v2,SUD,"('2015-01', '2020-12')","('2021-01', '2021-09')",7,16,200,1000,2500,5,5,3,16,16,1,2.1118552812770712e-05,0.07221453457408407,3,0.5,0.01,25bb3c0b
230,-2463.266019933364,True,4,a5639b29,2024-03-12_19-58-11,1710269891,20.40419316291809,66.87719869613647,72791,hpc-c11-node22.unitn.it,192.168.115.155,66.87719869613647,4,SUD_v2,SUD,"('2015-01', '2020-12')","('2021-01', '2021-09')",7,16,200,1000,2500,5,5,3,16,16,1,1.5735315274396573e-05,0.05979646774165273,3,0.5,0.01,a5639b29
231,-1059.5953225528492,True,1,d055ed21,2024-03-12_19-57-27,1710269847,14.953310251235962,14.953310251235962,72878,hpc-c11-node22.unitn.it,192.168.115.155,14.953310251235962,1,SUD_v2,SUD,"('2015-01', '2020-12')","('2021-01', '2021-09')",7,16,200,1000,2500,5,5,3,16,16,1,4.810192746238478e-05,0.014818882525747458,3,0.5,0.01,d055ed21
232,-7941002.235294118,True,15,7a2cb611,2024-03-12_20-01-08,1710270068,12.994107007980347,220.08948063850403,72961,hpc-c11-node22.unitn.it,192.168.115.155,220.08948063850403,15,SUD_v2,SUD,"('2015-01', '2020-12')","('2021-01', '2021-09')",7,16,200,1000,2500,5,5,3,16,16,1,3.7871719032281676e-05,0.08544484178003739,3,0.5,0.01,7a2cb611
233,-964.1344101849725,True,1,457e94d7,2024-03-12_19-57-59,1710269879,18.1333270072937,18.1333270072937,73047,hpc-c11-node22.unitn.it,192.168.115.155,18.1333270072937,1,SUD_v2,SUD,"('2015-01', '2020-12')","('2021-01', '2021-09')",7,16,200,1000,2500,5,5,3,16,16,1,2.7008120798259775e-05,0.0012451509112329192,3,0.5,0.01,457e94d7
234,-912.3383968577665,True,1,2a46d4a9,2024-03-12_19-58-14,1710269894,20.119426727294922,20.119426727294922,73132,hpc-c11-node22.unitn.it,192.168.115.155,20.119426727294922,1,SUD_v2,SUD,"('2015-01', '2020-12')","('2021-01', '2021-09')",7,16,200,1000,2500,5,5,3,16,16,1,0.00018793157512014087,0.0004195050924140014,3,0.5,0.01,2a46d4a9
235,-1074.7457275390625,True,1,c2820848,2024-03-12_19-58-23,1710269903,14.739038944244385,14.739038944244385,73214,hpc-c11-node22.unitn.it,192.168.115.155,14.739038944244385,1,SUD_v2,SUD,"('2015-01', '2020-12')","('2021-01', '2021-09')",7,16,200,1000,2500,5,5,3,16,16,1,0.0008941102642080464,0.05218037889880156,3,0.5,0.01,c2820848
236,-888.9654038373162,True,1,6c5e6ce0,2024-03-12_19-58-32,1710269912,15.429191589355469,15.429191589355469,73305,hpc-c11-node22.unitn.it,192.168.115.155,15.429191589355469,1,SUD_v2,SUD,"('2015-01', '2020-12')","('2021-01', '2021-09')",7,16,200,1000,2500,5,5,3,16,16,1,0.0005711430018756916,0.00013369756003214133,3,0.5,0.01,6c5e6ce0
237,-1083.0583352481617,True,1,f86881f6,2024-03-12_19-58-42,1710269922,16.590267658233643,16.590267658233643,73393,hpc-c11-node22.unitn.it,192.168.115.155,16.590267658233643,1,SUD_v2,SUD,"('2015-01', '2020-12')","('2021-01', '2021-09')",7,16,200,1000,2500,5,5,3,16,16,1,0.00011333208810873535,0.03504185674912682,3,0.5,0.01,f86881f6
238,-1840.5953584558824,True,4,3afe8237,2024-03-12_19-59-36,1710269976,15.423232555389404,62.647834062576294,73479,hpc-c11-node22.unitn.it,192.168.115.155,62.647834062576294,4,SUD_v2,SUD,"('2015-01', '2020-12')","('2021-01', '2021-09')",7,16,200,1000,2500,5,5,3,16,16,1,1.320171918858722e-05,0.04523071695880571,3,0.5,0.01,3afe8237
239,-1084.605899586397,True,1,f1d2fe17,2024-03-12_19-58-58,1710269938,16.643805503845215,16.643805503845215,73564,hpc-c11-node22.unitn.it,192.168.115.155,16.643805503845215,1,SUD_v2,SUD,"('2015-01', '2020-12')","('2021-01', '2021-09')",7,16,200,1000,2500,5,5,3,16,16,1,3.151308930027965e-05,0.02859733610746864,3,0.5,0.01,f1d2fe17
240,-904.0526015337775,True,1,538d086b,2024-03-12_19-59-05,1710269945,15.341904878616333,15.341904878616333,73645,hpc-c11-node22.unitn.it,192.168.115.155,15.341904878616333,1,SUD_v2,SUD,"('2015-01', '2020-12')","('2021-01', '2021-09')",7,16,200,1000,2500,5,5,3,16,16,1,1.7704196439525205e-05,0.0002629810240080643,3,0.5,0.01,538d086b
241,-1112.3555944106158,True,1,ddc019ae,2024-03-12_19-59-22,1710269962,19.919867753982544,19.919867753982544,73731,hpc-c11-node22.unitn.it,192.168.115.155,19.919867753982544,1,SUD_v2,SUD,"('2015-01', '2020-12')","('2021-01', '2021-09')",7,16,200,1000,2500,5,5,3,16,16,1,2.1542792100902906e-05,0.039126928135574134,3,0.5,0.01,ddc019ae
242,-936.2741555606617,True,1,b34f376d,2024-03-12_19-59-31,1710269971,17.80194878578186,17.80194878578186,73817,hpc-c11-node22.unitn.it,192.168.115.155,17.80194878578186,1,SUD_v2,SUD,"('2015-01', '2020-12')","('2021-01', '2021-09')",7,16,200,1000,2500,5,5,3,16,16,1,1.1192868394155283e-05,0.00020644372968182985,3,0.5,0.01,b34f376d
243,-989.0979973288144,True,1,c7e54bd5,2024-03-12_19-59-41,1710269981,15.095751523971558,15.095751523971558,73903,hpc-c11-node22.unitn.it,192.168.115.155,15.095751523971558,1,SUD_v2,SUD,"('2015-01', '2020-12')","('2021-01', '2021-09')",7,16,200,1000,2500,5,5,3,16,16,1,0.006714275046859977,0.07299303409402587,3,0.5,0.01,c7e54bd5
244,1829386.4705882352,True,15,620ae2ea,2024-03-12_20-02-58,1710270178,12.44664978981018,200.66233801841736,73989,hpc-c11-node22.unitn.it,192.168.115.155,200.66233801841736,15,SUD_v2,SUD,"('2015-01', '2020-12')","('2021-01', '2021-09')",7,16,200,1000,2500,5,5,3,16,16,1,4.45567629888251e-05,0.09974193117750563,3,0.5,0.01,620ae2ea
245,-1123.9428316004137,True,1,4b8ed7f0,2024-03-12_20-00-01,1710270001,15.909684896469116,15.909684896469116,74078,hpc-c11-node22.unitn.it,192.168.115.155,15.909684896469116,1,SUD_v2,SUD,"('2015-01', '2020-12')","('2021-01', '2021-09')",7,16,200,1000,2500,5,5,3,16,16,1,5.654444106500639e-05,0.0549368769583728,3,0.5,0.01,4b8ed7f0
246,-1068.39402142693,True,1,75e346b9,2024-03-12_20-00-19,1710270019,22.337652683258057,22.337652683258057,74163,hpc-c11-node22.unitn.it,192.168.115.155,22.337652683258057,1,SUD_v2,SUD,"('2015-01', '2020-12')","('2021-01', '2021-09')",7,16,200,1000,2500,5,5,3,16,16,1,8.644870440034436e-05,0.01731276443417287,3,0.5,0.01,75e346b9
247,-1120.7540031881892,True,1,b63a3db9,2024-03-12_20-00-25,1710270025,16.025718927383423,16.025718927383423,74245,hpc-c11-node22.unitn.it,192.168.115.155,16.025718927383423,1,SUD_v2,SUD,"('2015-01', '2020-12')","('2021-01', '2021-09')",7,16,200,1000,2500,5,5,3,16,16,1,0.00023181899724378422,0.06703579432570687,3,0.5,0.01,b63a3db9
248,-1031.1497838637408,True,1,3da562e8,2024-03-12_20-00-38,1710270038,13.521881818771362,13.521881818771362,74336,hpc-c11-node22.unitn.it,192.168.115.155,13.521881818771362,1,SUD_v2,SUD,"('2015-01', '2020-12')","('2021-01', '2021-09')",7,16,200,1000,2500,5,5,3,16,16,1,0.0003870405114904618,0.009191446031353521,3,0.5,0.01,3da562e8
249,-999.1264038085938,True,1,61b877cf,2024-03-12_20-00-48,1710270048,15.742776155471802,15.742776155471802,74430,hpc-c11-node22.unitn.it,192.168.115.155,15.742776155471802,1,SUD_v2,SUD,"('2015-01', '2020-12')","('2021-01', '2021-09')",7,16,200,1000,2500,5,5,3,16,16,1,1.5507611530415003e-05,0.0037605844397483224,3,0.5,0.01,61b877cf
