Date,energy
2015-01-01,1.4710484392970202
2015-01-02,1.4670584487511933
2015-01-03,1.4631328918129003
2015-01-04,1.3806370927368947
2015-01-05,0.3491402255754566
2015-01-06,0.08451452198092993
2015-01-07,-0.4242962079216327
2015-01-08,0.24436863677412693
2015-01-09,1.3607132511746958
2015-01-10,1.4141682147523726
2015-01-11,1.2401459387183824
2015-01-12,-0.6608929175359098
2015-01-13,-1.584494036808903
2015-01-14,-0.18199477495923388
2015-01-15,-0.17760705978806715
2015-01-16,0.298239988051136
2015-01-17,0.4793281946024865
2015-01-18,-0.5665569090473321
2015-01-19,-0.19004800455688695
2015-01-20,-1.605074217059069
2015-01-21,0.46789806423332747
2015-01-22,-0.7271743974980311
2015-01-23,0.8128991609480061
2015-01-24,0.6675140423483988
2015-01-25,0.8471103041468137
2015-01-26,0.9407847742468515
2015-01-27,-0.09094191714271924
2015-01-28,0.09614511510549817
2015-01-29,1.3844769900106617
2015-01-30,1.532609791898982
2015-01-31,0.3411718776349093
2015-02-01,1.4188942692323387
2015-02-02,1.2046949980483166
2015-02-03,0.9074973356480288
2015-02-04,0.9535628399737557
2015-02-05,1.244031204488239
2015-02-06,0.8978813527120197
2015-02-07,0.015119292263086564
2015-02-08,0.7419043482627233
2015-02-09,0.9725316792479272
2015-02-10,-0.12210679452585224
2015-02-11,-1.8941830597686145
2015-02-12,-0.6145544115197131
2015-02-13,-1.172479771201797
2015-02-14,-1.049710506429434
2015-02-15,-0.8786186070843167
2015-02-16,-0.7124032942804146
2015-02-17,0.8704039660000326
2015-02-18,0.8690054653009616
2015-02-19,-0.43232332195251844
2015-02-20,-1.1155681388120022
2015-02-21,-0.03648011699712972
2015-02-22,-0.0011089567357646414
2015-02-23,1.2528153817073455
2015-02-24,1.4342656605509978
2015-02-25,1.213298036570145
2015-02-26,0.4941282062087205
2015-02-27,-1.7815610794506784
2015-02-28,-0.5535636611094231
2015-03-01,-0.401859759099292
2015-03-02,1.1300379303701813
2015-03-03,0.6627240807858243
2015-03-04,0.05704821535887118
2015-03-05,1.401023932027118
2015-03-06,1.390855320419868
2015-03-07,1.1179148457923436
2015-03-08,0.5427492146573898
2015-03-09,-0.993163426299315
2015-03-10,-0.6226428011378131
2015-03-11,-0.013653606332438083
2015-03-12,0.41754326614593706
2015-03-13,-0.6737206656329567
2015-03-14,-0.6449160505135018
2015-03-15,0.8980056141122418
2015-03-16,-0.24205887027458506
2015-03-17,-0.7591533660987767
2015-03-18,0.04651539802579931
2015-03-19,0.7955276767353899
2015-03-20,1.5456319223182797
2015-03-21,1.391434839531024
2015-03-22,0.18992851722126863
2015-03-23,-0.2522226793000648
2015-03-24,1.3719578864733775
2015-03-25,0.6107346051209034
2015-03-26,0.27490687971201627
2015-03-27,1.1668779654153243
2015-03-28,0.3946032200596304
2015-03-29,0.917721556241065
2015-03-30,1.6422071340817768
2015-03-31,1.4835498325241645
2015-04-01,1.6114455506299634
2015-04-02,1.0001238370278671
2015-04-03,0.515781384717483
2015-04-04,0.5179185771960615
2015-04-05,1.371019662401467
2015-04-06,0.20683647731953744
2015-04-07,0.5478552425819825
2015-04-08,-0.06408606493096605
2015-04-09,-1.1819187893613146
2015-04-10,-0.38654755095333165
2015-04-11,-0.9768052166954246
2015-04-12,-1.0187584411816213
2015-04-13,-1.8980681374183257
2015-04-14,-1.8194878743773006
2015-04-15,-1.2132408106127006
2015-04-16,0.13927368768669052
2015-04-17,-0.07071171291082591
2015-04-18,-0.9394429875566035
2015-04-19,-0.8680901040609948
2015-04-20,-0.9014146682610739
2015-04-21,-0.6856894688189906
2015-04-22,-0.5212025960299097
2015-04-23,-0.4093405981314468
2015-04-24,-0.49797029026815676
2015-04-25,-1.7604006998948256
2015-04-26,-0.32176229840616444
2015-04-27,1.2477097240586266
2015-04-28,1.7717788610733907
2015-04-29,0.6292191108927302
2015-04-30,0.17438935717646056
2015-05-01,0.3979122698795692
2015-05-02,0.38065311061991175
2015-05-03,-1.4149271333973608
2015-05-04,-0.3546589874344533
2015-05-05,0.559041472698405
2015-05-06,-0.6042756412248006
2015-05-07,0.17724398321138035
2015-05-08,-0.5154390923634827
2015-05-09,0.9365371193709773
2015-05-10,-0.3554778437807648
2015-05-11,-1.0267524238711925
2015-05-12,-1.2681259365935766
2015-05-13,-0.3226851986843333
2015-05-14,0.9452870156267013
2015-05-15,1.462014924095334
2015-05-16,0.334614905594843
2015-05-17,0.603908877484001
2015-05-18,-0.06605383992830313
2015-05-19,-1.0182597083897509
2015-05-20,0.49990163212253674
2015-05-21,1.5819113683325348
2015-05-22,1.118890476450841
2015-05-23,1.0760985540861554
2015-05-24,-0.5545669697752482
2015-05-25,-1.308728320694624
2015-05-26,0.6823522361317974
2015-05-27,-0.3153742695899492
2015-05-28,-0.5359185690897397
2015-05-29,-1.201282857892993
2015-05-30,-1.0894836926033233
2015-05-31,-0.6837853644789853
2015-06-01,-1.4489231716452295
2015-06-02,-1.1060093913210554
2015-06-03,-1.1628784338145106
2015-06-04,-1.1602454669448654
2015-06-05,-0.7890257164986664
2015-06-06,-1.3020897493735868
2015-06-07,-1.5214066485594184
2015-06-08,-0.9146318558336324
2015-06-09,-1.3219481235917863
2015-06-10,-0.050878949898381695
2015-06-11,1.0059252052448324
2015-06-12,1.3835692922556349
2015-06-13,0.866451074369012
2015-06-14,0.6780667134874204
2015-06-15,0.1850727912201447
2015-06-16,-0.030505252467919422
2015-06-17,0.29893124378815794
2015-06-18,0.16021440189274067
2015-06-19,0.9813466177998077
2015-06-20,0.8667745261972168
2015-06-21,-0.5897454817587249
2015-06-22,-0.7852283503348993
2015-06-23,-0.21380276493447123
2015-06-24,0.3490971670970529
2015-06-25,-0.1763967111694258
2015-06-26,0.14150316714590203
2015-06-27,-0.26033225267757965
2015-06-28,-0.08491446327111847
2015-06-29,-0.6655125324511065
2015-06-30,-1.3424561681609752
2015-07-01,-0.5423355856392741
2015-07-02,-0.1198866837089231
2015-07-03,-0.8544720393125094
2015-07-04,-0.6733806026136121
2015-07-05,-1.0733644197288639
2015-07-06,-0.9419435717290262
2015-07-07,-1.1035405197516774
2015-07-08,0.4297395772693922
2015-07-09,1.215422398210256
2015-07-10,-0.1353475266242999
2015-07-11,-0.3427727883529792
2015-07-12,0.15274769851038653
2015-07-13,0.7329514317734293
2015-07-14,-0.32717279175609765
2015-07-15,-0.5374166973361096
2015-07-16,-0.48401153036100814
2015-07-17,0.20206929989164932
2015-07-18,-0.48233101807250117
2015-07-19,-0.5286558694690792
2015-07-20,-0.09383740930301442
2015-07-21,-0.5195797206708002
2015-07-22,-0.421339060739425
2015-07-23,0.21024648733691836
2015-07-24,0.2534509788042594
2015-07-25,0.7015077874128406
2015-07-26,1.2685280059193633
2015-07-27,1.1256818445515646
2015-07-28,1.6822933647446234
2015-07-29,0.4668709081862391
2015-07-30,-0.44170777698406394
2015-07-31,0.14809554404830025
2015-08-01,0.6910820431356302
2015-08-02,0.06148764408806492
2015-08-03,-0.023502085509647844
2015-08-04,-0.6433385743600705
2015-08-05,-0.8353756690981707
2015-08-06,-0.7119583259402429
2015-08-07,-0.6186550711591243
2015-08-08,-0.8048447759740311
2015-08-09,0.33852602365474393
2015-08-10,0.8287614777603354
2015-08-11,0.3834189786868683
2015-08-12,0.020116537814709172
2015-08-13,-0.9624999865008964
2015-08-14,0.061516206160417905
2015-08-15,0.7088369156810138
2015-08-16,1.6393466887047605
2015-08-17,1.1937406819449783
2015-08-18,-0.27396785434493987
2015-08-19,1.08331957967536
2015-08-20,0.918313686523172
2015-08-21,-0.3903745756594708
2015-08-22,-0.7573262922572017
2015-08-23,0.6813088644099816
2015-08-24,1.033616528616527
2015-08-25,0.9064096823678348
2015-08-26,-0.1930598613595617
2015-08-27,-0.5880223574260788
2015-08-28,-0.25822911438539414
2015-08-29,0.33100820992736263
2015-08-30,0.6013233844490135
2015-08-31,0.12778946607776123
2015-09-01,-0.13450335481722267
2015-09-02,0.11698188470180063
2015-09-03,-0.8854116540549426
2015-09-04,0.2447085751025023
2015-09-05,1.3130019365813004
2015-09-06,1.1036016657626706
2015-09-07,0.15401854208296153
2015-09-08,0.5690235753274703
2015-09-09,0.40541580615709355
2015-09-10,-0.5984712942519868
2015-09-11,-0.5066649746581612
2015-09-12,0.8528802198804433
2015-09-13,0.7758784668515417
2015-09-14,1.3307924011339332
2015-09-15,-0.1554967857554291
2015-09-16,0.7380858931508403
2015-09-17,1.0475097652476801
2015-09-18,0.17514748535840846
2015-09-19,0.9067202883293977
2015-09-20,1.847253231942227
2015-09-21,0.6528818417399572
2015-09-22,0.6800103841634203
2015-09-23,1.293914640333624
2015-09-24,1.2898141768158708
2015-09-25,-0.45063777501501684
2015-09-26,-0.06057639737123824
2015-09-27,0.1938775900942504
2015-09-28,0.443438670357484
2015-09-29,0.8279456811034066
2015-09-30,1.6463031084703315
2015-10-01,1.8305292655243317
2015-10-02,1.6896656571946191
2015-10-03,0.401851470952444
2015-10-04,0.44101356454711466
2015-10-05,0.8619705320578247
2015-10-06,1.2609878158728267
2015-10-07,1.7739935486226885
2015-10-08,0.5940549667833086
2015-10-09,0.9044392177486256
2015-10-10,1.603154290775361
2015-10-11,1.2766582209391084
2015-10-12,-0.7250924482172794
2015-10-13,-0.1086091968781834
2015-10-14,0.23316303571021121
2015-10-15,1.1189598861109635
2015-10-16,-0.07836410607614222
2015-10-17,-0.5763478011282164
2015-10-18,-0.47476019187322277
2015-10-19,-1.3813214592254748
2015-10-20,-1.3449452525262902
2015-10-21,1.0431725885119818
2015-10-22,0.9648045980678159
2015-10-23,0.5323441876500521
2015-10-24,0.41378380552592947
2015-10-25,0.40935453644526804
2015-10-26,-0.009037621091801727
2015-10-27,-1.7538194202880883
2015-10-28,0.8788724027922541
2015-10-29,1.3581126799260212
2015-10-30,0.632041312123733
2015-10-31,1.1100687255147206
2015-11-01,1.5236668076948565
2015-11-02,1.6737096046432207
2015-11-03,1.0982770245259064
2015-11-04,-1.1302313904820072
2015-11-05,-0.9228470993293298
2015-11-06,-1.5409041994857637
2015-11-07,-2.510779705352871
2015-11-08,-2.57602858060687
2015-11-09,-0.1479691286741895
2015-11-10,-0.6390967279923359
2015-11-11,-1.478989533936332
2015-11-12,-3.3717794620968524
2015-11-13,-1.5583752215950801
2015-11-14,-0.3793010938561154
2015-11-15,-0.4678488417921116
2015-11-16,-1.389209708689657
2015-11-17,-0.5295217631128545
2015-11-18,0.402380803415403
2015-11-19,0.10122353408231588
2015-11-20,1.9412840981990815
2015-11-21,2.1122494472862035
2015-11-22,1.575897397649046
2015-11-23,-0.17458914847336812
2015-11-24,-1.1414119023676308
2015-11-25,1.568863711064863
2015-11-26,1.6097596612359246
2015-11-27,1.1250275652564559
2015-11-28,1.7847291497236693
2015-11-29,1.738238018856531
2015-11-30,1.7787100935386733
2015-12-01,1.5207291403018424
2015-12-02,-0.5445796887086319
2015-12-03,-2.8243116950061093
2015-12-04,-3.270655579769196
2015-12-05,-1.9658619866025244
2015-12-06,-0.037532222409594265
2015-12-07,-0.45039995704975333
2015-12-08,-2.616285906077445
2015-12-09,-0.74780565357979
2015-12-10,-0.1838136612766274
2015-12-11,-0.5136055610444293
2015-12-12,-0.7588903022859815
2015-12-13,-2.8883295763373638
2015-12-14,-2.2902220899404595
2015-12-15,-2.11135864884957
2015-12-16,-1.319064490355066
2015-12-17,-1.856289959754556
2015-12-18,-2.042847405464136
2015-12-19,-2.451339014943178
2015-12-20,0.18566992405755617
2015-12-21,-0.9498805292211914
2015-12-22,-4.029105731455738
2015-12-23,-1.1151998900027238
2015-12-24,-1.4469997579532916
2015-12-25,-1.2546039828489006
2015-12-26,-2.15332218556474
2015-12-27,-3.9222987896450974
2015-12-28,-2.6217581154306506
2015-12-29,-2.0537032638711037
2015-12-30,-1.2196042416890882
2015-12-31,-1.5119370520183335
2016-01-01,-1.8541797497790176
2016-01-02,0.8746783391147935
2016-01-03,1.6006257757096611
2016-01-04,1.3641606755393452
2016-01-05,0.8968307850163251
2016-01-06,1.5251575871693956
2016-01-07,1.7512685403746016
2016-01-08,1.2705958747798698
2016-01-09,1.1569915908864785
2016-01-10,1.5751410849886005
2016-01-11,1.7045135217681104
2016-01-12,1.5530129591451327
2016-01-13,1.4866395340581953
2016-01-14,0.9966674801920148
2016-01-15,1.488197769092156
2016-01-16,1.3010169158196523
2016-01-17,0.4864845360294156
2016-01-18,-0.2980929442307498
2016-01-19,0.4709134038021051
2016-01-20,-0.1074764051731143
2016-01-21,-1.313375882799638
2016-01-22,-1.8610392759058982
2016-01-23,-1.0910969899189915
2016-01-24,-1.546288898150674
2016-01-25,-2.069028533840318
2016-01-26,-2.9023387916640777
2016-01-27,-2.738182198063606
2016-01-28,-2.860800397646297
2016-01-29,-2.7702329447423897
2016-01-30,-1.110179890715442
2016-01-31,1.294772885449351
2016-02-01,0.8945787027047206
2016-02-02,0.15954209875456413
2016-02-03,1.1352001260003934
2016-02-04,1.2323073588063955
2016-02-05,0.3682950238678848
2016-02-06,-0.036109535184148396
2016-02-07,1.1019253745698037
2016-02-08,1.1743711687233047
2016-02-09,1.1165351255252234
2016-02-10,1.4453459531807942
2016-02-11,0.4370567345915384
2016-02-12,0.7895286702467756
2016-02-13,1.022127441129974
2016-02-14,1.0742772335506912
2016-02-15,0.40252732557600285
2016-02-16,-0.6298533976482403
2016-02-17,-0.047097008102781474
2016-02-18,-0.002370921238760255
2016-02-19,0.7754318994157002
2016-02-20,1.126293863540577
2016-02-21,0.5741942599624186
2016-02-22,-0.4283652851842393
2016-02-23,1.1999934735172908
2016-02-24,1.2653429630265394
2016-02-25,0.6612983324083144
2016-02-26,0.7405417589745554
2016-02-27,0.868063596027058
2016-02-28,0.25258915770548385
2016-02-29,1.5368453358325933
2016-03-01,1.0726286540728167
2016-03-02,1.1906199486205622
2016-03-03,1.6068873073004777
2016-03-04,1.0728606212543221
2016-03-05,1.2043382732567178
2016-03-06,0.6336352385463404
2016-03-07,0.8956188614282166
2016-03-08,0.7113631407143911
2016-03-09,0.8771090225895101
2016-03-10,0.3886384862866172
2016-03-11,0.7376245548054684
2016-03-12,0.6013198002977563
2016-03-13,0.36600519420559013
2016-03-14,-0.18313418205970589
2016-03-15,-0.9105973692776588
2016-03-16,-1.3070801778739234
2016-03-17,-0.7835939771992989
2016-03-18,-1.7954209376196544
2016-03-19,-1.7917891475654126
2016-03-20,-0.10546428261323793
2016-03-21,-0.5636616854789728
2016-03-22,0.6845746782383644
2016-03-23,0.685331281430612
2016-03-24,-0.051352959554343325
2016-03-25,0.6008588358129342
2016-03-26,-0.09952952476714967
2016-03-27,-0.8539484188893489
2016-03-28,0.3261069921661513
2016-03-29,-0.17390328109867603
2016-03-30,-0.7324995458449709
2016-03-31,0.4662848243665196
2016-04-01,-0.2743339842988495
2016-04-02,0.6929267310868172
2016-04-03,-1.1605105303468246
2016-04-04,-0.07443067230589405
2016-04-05,0.7582103536462925
2016-04-06,-0.0010902619590216116
2016-04-07,-0.38233927061932843
2016-04-08,0.980331943915126
2016-04-09,1.2425429074203775
2016-04-10,0.16844340535775
2016-04-11,-0.555334129556713
2016-04-12,-1.329061318153623
2016-04-13,-0.03128935116313641
2016-04-14,0.1080984217807736
2016-04-15,-0.679153041122922
2016-04-16,-0.04531567747308035
2016-04-17,-0.394325462921022
2016-04-18,-0.37367730612429884
2016-04-19,0.3632620761384469
2016-04-20,0.9740655824043014
2016-04-21,0.4157326380384558
2016-04-22,-0.6864891749469882
2016-04-23,1.000819603218882
2016-04-24,1.5788108802142222
2016-04-25,1.3500390394602173
2016-04-26,0.6299998709140422
2016-04-27,-0.3722034404749838
2016-04-28,-1.222479833087603
2016-04-29,-0.9798507594343457
2016-04-30,-0.5330351291560749
2016-05-01,1.2603925004840397
2016-05-02,0.538943590237663
2016-05-03,0.6450128508253186
2016-05-04,0.06040637192430808
2016-05-05,-0.35467639427432646
2016-05-06,0.6346755596571975
2016-05-07,1.0110020700252105
2016-05-08,0.6577372731452009
2016-05-09,1.1338995782431351
2016-05-10,0.5192007668608447
2016-05-11,0.3577053055516555
2016-05-12,0.8881903977252911
2016-05-13,1.3039091055417258
2016-05-14,1.529676532719207
2016-05-15,1.5333087966146628
2016-05-16,1.299630273980618
2016-05-17,0.9028770071776685
2016-05-18,-1.4872481607909693
2016-05-19,0.833338320760015
2016-05-20,0.8465121160401511
2016-05-21,-0.781697489347991
2016-05-22,-0.4615639358586718
2016-05-23,1.3753823019612001
2016-05-24,1.1846406958037556
2016-05-25,-1.1978692076224844
2016-05-26,0.09164667992629122
2016-05-27,-0.6061088213550322
2016-05-28,-0.5509804768816735
2016-05-29,1.0226501179741858
2016-05-30,0.13382683718439317
2016-05-31,-0.32452341463229245
2016-06-01,0.2880248971659245
2016-06-02,0.2631657554110974
2016-06-03,-0.834932252768394
2016-06-04,-1.414830270680322
2016-06-05,-1.1581298573699386
2016-06-06,-0.7884865364490946
2016-06-07,-0.8942454326159502
2016-06-08,-0.6084650521309762
2016-06-09,0.3927218287556047
2016-06-10,-1.1283302304555973
2016-06-11,-1.2347375136331178
2016-06-12,0.9732124037203291
2016-06-13,1.4766144815541669
2016-06-14,1.2983259037276198
2016-06-15,0.027225256287564475
2016-06-16,0.574861790249405
2016-06-17,-0.05836107218961904
2016-06-18,-0.2551167171736197
2016-06-19,0.6036394728236435
2016-06-20,-0.6740568492081492
2016-06-21,-1.0656833599164335
2016-06-22,-0.8341569491267808
2016-06-23,-0.5909859200275632
2016-06-24,-0.021367172010205798
2016-06-25,0.2822858002528643
2016-06-26,0.057696009303821065
2016-06-27,1.084493828004156
2016-06-28,-0.3097814981199053
2016-06-29,-1.8923913089639164
2016-06-30,-0.8191599975780909
2016-07-01,-1.5073427949085705
2016-07-02,-0.36346442039444427
2016-07-03,0.7959821738565644
2016-07-04,-1.1107850952652853
2016-07-05,-1.0328233183010476
2016-07-06,0.11984033637377361
2016-07-07,-0.520831161649422
2016-07-08,-0.67505546481921
2016-07-09,-0.7736938219317104
2016-07-10,-0.7367389525281558
2016-07-11,-1.293222534450095
2016-07-12,-0.8727762576642524
2016-07-13,0.9061704241919091
2016-07-14,1.6945614689021462
2016-07-15,1.4936281285205768
2016-07-16,-0.3370615234924614
2016-07-17,-0.9544672004370359
2016-07-18,-1.0380887267054022
2016-07-19,-0.8303929053831011
2016-07-20,-0.7413239362942787
2016-07-21,-1.2599922338455296
2016-07-22,0.41487315017846893
2016-07-23,0.6811060686000654
2016-07-24,0.31499470139667773
2016-07-25,-0.24453283560446434
2016-07-26,-0.044978357191698924
2016-07-27,-0.3408104228558003
2016-07-28,0.3967335413634511
2016-07-29,-0.240539144266845
2016-07-30,-1.049749171931308
2016-07-31,0.26638307790718824
2016-08-01,1.0350616751848467
2016-08-02,0.3230056316126683
2016-08-03,-0.5280443994639651
2016-08-04,-1.1764622265024822
2016-08-05,0.7622084004041499
2016-08-06,0.5410367607600435
2016-08-07,0.7547579214278414
2016-08-08,-0.0912813543317716
2016-08-09,-0.047363247846200725
2016-08-10,1.2628566748583956
2016-08-11,0.8358515842381588
2016-08-12,-0.0812755836327806
2016-08-13,0.263106490531789
2016-08-14,-0.5111433647230895
2016-08-15,-0.9241228741740866
2016-08-16,-0.8922639409443905
2016-08-17,-0.4775691574025233
2016-08-18,-0.1445544984536656
2016-08-19,-0.5613493004143528
2016-08-20,-1.2816925975052498
2016-08-21,0.6932741120816586
2016-08-22,0.5350993867084494
2016-08-23,1.1235611666126248
2016-08-24,0.7580772531036744
2016-08-25,-0.6166945781823799
2016-08-26,-0.9128226856344528
2016-08-27,-1.2444007649846462
2016-08-28,-0.786933519549005
2016-08-29,-0.2747655642831101
2016-08-30,-0.6514468789076798
2016-08-31,-0.6743570207005112
2016-09-01,-0.6586018154799054
2016-09-02,-0.3810997694270484
2016-09-03,-0.21492868128158438
2016-09-04,-0.036060813225096675
2016-09-05,1.4041021081742255
2016-09-06,0.5341646657237581
2016-09-07,0.7485522927909359
2016-09-08,0.07984086680635331
2016-09-09,-0.35372420240249675
2016-09-10,-0.5881222150109416
2016-09-11,-1.0535758734562146
2016-09-12,-0.9311766957552875
2016-09-13,-0.7100939727107275
2016-09-14,-0.3395044563361272
2016-09-15,-0.38786240937957295
2016-09-16,1.0260693233085991
2016-09-17,1.285587322337052
2016-09-18,1.4327613789019027
2016-09-19,1.3429301320804927
2016-09-20,0.8134950073536733
2016-09-21,1.3709672084208524
2016-09-22,0.11422664648902532
2016-09-23,-1.6923511311968813
2016-09-24,-0.38486542565641335
2016-09-25,-0.5339167577759594
2016-09-26,-1.3668607554174492
2016-09-27,-1.018776168439016
2016-09-28,0.011473690805077742
2016-09-29,-1.7937313169815232
2016-09-30,-0.981464045463522
2016-10-01,-0.15138147295298712
2016-10-02,-0.25180918270339486
2016-10-03,-0.44453005763639714
2016-10-04,-0.22960289675240952
2016-10-05,-0.6346191915329958
2016-10-06,0.4177646796026136
2016-10-07,1.2465774035375048
2016-10-08,0.30385557435803895
2016-10-09,0.45639101187643777
2016-10-10,0.459644526938155
2016-10-11,1.1253089202005684
2016-10-12,0.33503295877018924
2016-10-13,1.7600560078975394
2016-10-14,1.2879929686411316
2016-10-15,0.33231349720385844
2016-10-16,-1.5477397423004895
2016-10-17,-2.8039155650793672
2016-10-18,-1.474183268302892
2016-10-19,0.8185612791191259
2016-10-20,0.839451129450157
2016-10-21,0.44082533397707824
2016-10-22,-0.6774786021277045
2016-10-23,0.08684049354407994
2016-10-24,0.7481594325834211
2016-10-25,-0.7071700422618712
2016-10-26,-0.5307398663321935
2016-10-27,1.3168770650393777
2016-10-28,1.5049264686394253
2016-10-29,0.08738830055386063
2016-10-30,0.08310108813027312
2016-10-31,-2.2358473997858543
2016-11-01,-2.2403119937456935
2016-11-02,0.04940915691252949
2016-11-03,1.199765853449933
2016-11-04,0.22556366701572503
2016-11-05,1.3104347553853073
2016-11-06,1.561321849881838
2016-11-07,-0.16233825610304942
2016-11-08,1.2292151329192174
2016-11-09,1.8242705933288432
2016-11-10,1.8392335460313405
2016-11-11,1.629987928325759
2016-11-12,1.3521236217856827
2016-11-13,-0.1053893729810159
2016-11-14,-0.5030356440847841
2016-11-15,1.0954682215575822
2016-11-16,0.8790896582083577
2016-11-17,-0.5109000329615481
2016-11-18,-0.6990906966247813
2016-11-19,-1.0067706465476423
2016-11-20,-2.3246314231961995
2016-11-21,0.5345582398821909
2016-11-22,1.0885030453835536
2016-11-23,1.7720572904624967
2016-11-24,1.2132932607231839
2016-11-25,-0.5508368253827477
2016-11-26,-1.6324628452880832
2016-11-27,-1.8122707803885654
2016-11-28,-1.479735262531699
2016-11-29,1.3669091099358277
2016-11-30,0.1970976658513431
2016-12-01,-0.018876359371877247
2016-12-02,0.1491893469106576
2016-12-03,-1.228875137464168
2016-12-04,0.6930766856665309
2016-12-05,1.23296280785781
2016-12-06,0.35566870232070485
2016-12-07,1.3345481110993276
2016-12-08,0.5221827896869087
2016-12-09,-2.514401360995654
2016-12-10,-1.4655220680424161
2016-12-11,0.4265481054032097
2016-12-12,0.5512994742846664
2016-12-13,-0.6117193064449883
2016-12-14,-0.6258084154045676
2016-12-15,0.12281417748615849
2016-12-16,1.0175012269085948
2016-12-17,1.0918255443700469
2016-12-18,0.13368191180341593
2016-12-19,1.4491949422581807
2016-12-20,1.2379299651506752
2016-12-21,1.1543474237937863
2016-12-22,-0.5653357379213513
2016-12-23,-0.4898718669222809
2016-12-24,0.6548037376724514
2016-12-25,0.3312708188142483
2016-12-26,-1.6356610364512763
2016-12-27,-0.5008900605177515
2016-12-28,0.07766059974760227
2016-12-29,0.5272158241355253
2016-12-30,0.5985093520912775
2016-12-31,-0.6465323472237724
2017-01-01,-1.5421192011478952
2017-01-02,-0.14773325551914476
2017-01-03,1.0664353404981182
2017-01-04,0.8516780766799386
2017-01-05,1.0984472866895092
2017-01-06,0.29302276754152173
2017-01-07,-1.652305760784308
2017-01-08,-0.6351237463580797
2017-01-09,0.20103164274493446
2017-01-10,0.5511975399513761
2017-01-11,0.3779687582004822
2017-01-12,1.2835460298056232
2017-01-13,1.646212875997333
2017-01-14,1.2288645959236677
2017-01-15,0.8741999663004272
2017-01-16,0.21958289842535197
2017-01-17,1.3061530124433867
2017-01-18,1.027259543406392
2017-01-19,0.6161797642304437
2017-01-20,1.0679398786249852
2017-01-21,1.5690746021811264
2017-01-22,1.163719448394448
2017-01-23,-0.6084608699780797
2017-01-24,-0.9329364899403612
2017-01-25,-2.071626286354698
2017-01-26,-1.1895719487600946
2017-01-27,0.8708069981298193
2017-01-28,-0.2600582559647569
2017-01-29,-2.1968017525913637
2017-01-30,-1.8354131314076976
2017-01-31,-1.892061947796675
2017-02-01,-1.8102067367607373
2017-02-02,-0.6763516870242834
2017-02-03,0.9325561836356626
2017-02-04,1.2432460142043138
2017-02-05,1.3879357655338278
2017-02-06,1.4958306481926702
2017-02-07,0.2040938359535759
2017-02-08,-0.7629570092276551
2017-02-09,0.28255005192570026
2017-02-10,-0.8902300361067429
2017-02-11,0.38765994010432164
2017-02-12,1.3701792788790295
2017-02-13,1.5254488617385333
2017-02-14,1.3688605063972983
2017-02-15,-0.4563294347986653
2017-02-16,-2.947166362427352
2017-02-17,-1.8945702203199295
2017-02-18,-0.8952293741408452
2017-02-19,-0.5999871591147963
2017-02-20,-0.9995608966525333
2017-02-21,-0.8171172929670244
2017-02-22,0.2930677202796173
2017-02-23,-0.8080037427835006
2017-02-24,0.2988853001098682
2017-02-25,0.5348720007719209
2017-02-26,-0.5518273727356175
2017-02-27,-0.9423470047128268
2017-02-28,1.1598367249286567
2017-03-01,0.9820562146536324
2017-03-02,-0.12865994335238687
2017-03-03,0.07120391358532549
2017-03-04,1.2516722915891652
2017-03-05,0.780016475519949
2017-03-06,1.3953058161239988
2017-03-07,1.4672122718761085
2017-03-08,0.5596873422712861
2017-03-09,-0.1629932196081154
2017-03-10,-0.07313860874386566
2017-03-11,-0.7642539487708692
2017-03-12,-1.6584265339907098
2017-03-13,0.5577632224631834
2017-03-14,-0.5408514223542995
2017-03-15,-0.49224704942094644
2017-03-16,-1.4953606921032458
2017-03-17,-0.6148163659489148
2017-03-18,1.0832947609607793
2017-03-19,1.0496661896181154
2017-03-20,-0.6312243241569406
2017-03-21,-1.3713042009119156
2017-03-22,-1.1152956416244397
2017-03-23,-0.12977205615436826
2017-03-24,1.3239248766650484
2017-03-25,0.6927619261545551
2017-03-26,-1.2850934575736355
2017-03-27,-0.27581734390563434
2017-03-28,-1.0689446475428714
2017-03-29,-1.5263989738597683
2017-03-30,-1.5828224846306065
2017-03-31,-1.462060964723087
2017-04-01,-0.008681321386705758
2017-04-02,0.4250679145762212
2017-04-03,0.07576677496987184
2017-04-04,-0.3737570182780376
2017-04-05,0.6958774960512124
2017-04-06,-1.2256228122634931
2017-04-07,-0.6838085460395248
2017-04-08,-1.6434692289740824
2017-04-09,-1.3630549469126887
2017-04-10,-0.8128047922959318
2017-04-11,0.052857912387114334
2017-04-12,-0.8014317878572313
2017-04-13,-0.2566792839828058
2017-04-14,0.43877135921812144
2017-04-15,0.5198655319845648
2017-04-16,0.9547224219251382
2017-04-17,1.0647652205524525
2017-04-18,1.3976883396129278
2017-04-19,0.07848704218446803
2017-04-20,-0.46754425429484425
2017-04-21,-0.2708314059176429
2017-04-22,-0.17927057705966337
2017-04-23,-1.034488372636366
2017-04-24,-0.885027329066697
2017-04-25,0.19512264692324457
2017-04-26,0.439923930288086
2017-04-27,0.3249874180756442
2017-04-28,1.0914252765702686
2017-04-29,-0.3705504292215642
2017-04-30,-1.3878280135486114
2017-05-01,0.7708784141824783
2017-05-02,0.41187760360491105
2017-05-03,-1.4849462804068094
2017-05-04,-0.9758075707517627
2017-05-05,-0.5500796088668746
2017-05-06,1.4116382384057993
2017-05-07,1.5862927271456044
2017-05-08,1.5069436368548708
2017-05-09,0.6899419265652111
2017-05-10,0.4528557549690787
2017-05-11,-0.022633243790565218
2017-05-12,0.3484887377067758
2017-05-13,0.25489963910120156
2017-05-14,-0.3425990453176209
2017-05-15,0.31915945273879504
2017-05-16,0.17554107215941278
2017-05-17,-0.432398989284075
2017-05-18,0.0815792755795374
2017-05-19,0.9190957745637219
2017-05-20,1.5333733850334268
2017-05-21,0.6781778433147189
2017-05-22,-1.1382018088062151
2017-05-23,-1.288086742757644
2017-05-24,-0.9457824692652901
2017-05-25,-0.4679511378249213
2017-05-26,0.36234026913569506
2017-05-27,-0.5657971370721099
2017-05-28,-0.19176572969616013
2017-05-29,-0.08096631408803502
2017-05-30,0.12888544807629304
2017-05-31,-0.5427005732942186
2017-06-01,-0.44764766377380794
2017-06-02,-1.0298640602492783
2017-06-03,-1.066988442569661
2017-06-04,-0.6237209264447227
2017-06-05,-0.9687028965753453
2017-06-06,0.503306482492725
2017-06-07,1.623165612455485
2017-06-08,-0.3452780922894622
2017-06-09,-0.6758169417376441
2017-06-10,-0.8916165640217258
2017-06-11,-0.6906041687267992
2017-06-12,-0.9759854811401306
2017-06-13,-1.2772598721143906
2017-06-14,-0.9856773685060368
2017-06-15,-0.5074359092305644
2017-06-16,0.2732931798991309
2017-06-17,-0.028506221361232695
2017-06-18,0.5816279854107433
2017-06-19,-0.1416200679846547
2017-06-20,-0.7792923923170758
2017-06-21,-0.5207258220774491
2017-06-22,-0.6125775357563793
2017-06-23,0.05221896937441861
2017-06-24,0.4043996707426896
2017-06-25,0.2529615195618708
2017-06-26,0.21816972397205928
2017-06-27,1.2206015026861499
2017-06-28,1.7388982540667997
2017-06-29,1.1341761200617615
2017-06-30,0.45088105797745553
2017-07-01,1.1993858500764347
2017-07-02,1.6128053669333136
2017-07-03,-0.34562158704724455
2017-07-04,-0.9820773133774056
2017-07-05,-0.21721821861286883
2017-07-06,-0.03188515956897461
2017-07-07,-0.5575955382014108
2017-07-08,-0.8928505968772504
2017-07-09,0.054652871036073566
2017-07-10,-0.30019298589994475
2017-07-11,-0.9784471014962489
2017-07-12,0.38350661196433666
2017-07-13,1.5311575032895703
2017-07-14,1.7404127026599183
2017-07-15,0.4411497153861165
2017-07-16,0.8318977297403922
2017-07-17,0.808760457584482
2017-07-18,-0.4076131564505222
2017-07-19,0.10560209790925343
2017-07-20,0.4824252861993081
2017-07-21,0.24148135458853984
2017-07-22,-0.5071143584905057
2017-07-23,-0.5899512975797344
2017-07-24,1.9432224851112663
2017-07-25,2.2027309142600617
2017-07-26,2.0669626099429985
2017-07-27,1.4111143462190658
2017-07-28,0.9214943565631932
2017-07-29,-0.6793968655702534
2017-07-30,-0.5046884677724589
2017-07-31,1.1612550314315866
2017-08-01,1.0388374988854372
2017-08-02,-0.5237134112623338
2017-08-03,-0.7669522347321368
2017-08-04,-0.6152617003580512
2017-08-05,0.1704703293166494
2017-08-06,0.32209446877670006
2017-08-07,-0.024416164275024747
2017-08-08,-0.3460486843113717
2017-08-09,-0.3052334545057926
2017-08-10,1.1410817143154408
2017-08-11,1.8893795255207126
2017-08-12,1.8076761721936898
2017-08-13,-0.4818660221477653
2017-08-14,-0.5436313360721818
2017-08-15,-0.5391879901870393
2017-08-16,-0.9482649663357551
2017-08-17,-0.539770389507526
2017-08-18,-1.0093652957268382
2017-08-19,0.28213220355407337
2017-08-20,1.3317814265567367
2017-08-21,0.2972088993617278
2017-08-22,-0.23808081675969756
2017-08-23,-1.1352198260976718
2017-08-24,-1.0112627890027215
2017-08-25,0.0182339127670234
2017-08-26,-0.1440770410417704
2017-08-27,-1.1303133154281073
2017-08-28,-1.073510464206672
2017-08-29,-0.6709802587203428
2017-08-30,-0.8880242718715723
2017-08-31,-0.04213072008987324
2017-09-01,0.1601790280278469
2017-09-02,1.8860174044167555
2017-09-03,1.769994902387839
2017-09-04,-0.5279154251159384
2017-09-05,-0.6400945900262632
2017-09-06,0.5135974003671909
2017-09-07,1.1860728449204996
2017-09-08,0.956885614268712
2017-09-09,0.4707303244403862
2017-09-10,1.001350797118759
2017-09-11,2.043119661148052
2017-09-12,1.3665284138593958
2017-09-13,1.4367782387788295
2017-09-14,-0.2676521095745124
2017-09-15,-0.9565957505553588
2017-09-16,-0.2699082331379692
2017-09-17,1.0265314143050195
2017-09-18,0.026134181113963203
2017-09-19,1.8658807686556647
2017-09-20,1.0637792827637709
2017-09-21,-0.6440706674078286
2017-09-22,-0.7073618908850755
2017-09-23,-0.703655877542564
2017-09-24,-0.1013225451165129
2017-09-25,-0.3548141088456528
2017-09-26,-0.052813413013760704
2017-09-27,-0.5498703484741851
2017-09-28,-1.322564829397923
2017-09-29,-0.3976456548992916
2017-09-30,-1.2808855449128922
2017-10-01,-2.011942038073408
2017-10-02,-0.803704302560146
2017-10-03,-1.1991605660338507
2017-10-04,-1.573401041519463
2017-10-05,-0.399804616153255
2017-10-06,1.665131616524022
2017-10-07,0.6934282246515407
2017-10-08,0.9095570857437593
2017-10-09,0.7401224502306191
2017-10-10,-0.0235524423017356
2017-10-11,-1.742646792442979
2017-10-12,-1.3350922265528316
2017-10-13,-1.0995648032395982
2017-10-14,-2.1423446191174738
2017-10-15,-2.503348700367967
2017-10-16,-1.9815370862969037
2017-10-17,-2.016852183809428
2017-10-18,-1.277065586321561
2017-10-19,0.6342508319396252
2017-10-20,0.24628626439350634
2017-10-21,-1.0648803050745677
2017-10-22,1.3220014148042118
2017-10-23,1.3844485167681837
2017-10-24,-0.5179524001068158
2017-10-25,-0.1375705867107873
2017-10-26,-1.6631638879869064
2017-10-27,1.1842211176837731
2017-10-28,0.29698821366435996
2017-10-29,0.28794572709431443
2017-10-30,1.0026075485918948
2017-10-31,-0.26289336016942905
2017-11-01,0.08107565182265301
2017-11-02,-1.704609535498883
2017-11-03,-1.4760459310438905
2017-11-04,0.37485772737810563
2017-11-05,1.016395048316018
2017-11-06,1.2378228354303253
2017-11-07,0.24533128674395707
2017-11-08,1.0142043921974706
2017-11-09,1.0053412061239857
2017-11-10,-0.7599506526619615
2017-11-11,-1.168817174661614
2017-11-12,1.3857928960516266
2017-11-13,1.2843391602404166
2017-11-14,1.0704266687627826
2017-11-15,1.0476806872001663
2017-11-16,-0.09813695345103994
2017-11-17,-0.6796674866531135
2017-11-18,-1.8835924989610686
2017-11-19,0.7292394351117503
2017-11-20,0.02129406345091347
2017-11-21,0.2622443709674313
2017-11-22,-1.2782049780080547
2017-11-23,-1.5992764217114026
2017-11-24,-1.8522685894879716
2017-11-25,0.4998515651323084
2017-11-26,1.3616224593421162
2017-11-27,-0.41594968086951084
2017-11-28,0.17296262077075136
2017-11-29,0.04327446902904325
2017-11-30,0.8514765492252507
2017-12-01,0.5039684345113188
2017-12-02,0.5735746626067212
2017-12-03,-0.9430789139462921
2017-12-04,-0.611614467732831
2017-12-05,-1.2434944876603546
2017-12-06,-1.4001858633817739
2017-12-07,-1.478537058182456
2017-12-08,0.8170731186640925
2017-12-09,1.19804106219499
2017-12-10,0.8843027301238785
2017-12-11,1.1702168202436767
2017-12-12,0.12031990918766026
2017-12-13,0.5350720283353692
2017-12-14,1.0585774952239555
2017-12-15,1.0788904862976685
2017-12-16,0.9271997687454692
2017-12-17,-0.0551342643622619
2017-12-18,-1.3904712712919707
2017-12-19,-0.09163578244152396
2017-12-20,-0.3599159908140194
2017-12-21,0.5470976141963977
2017-12-22,-0.4043410064035352
2017-12-23,-0.5119369564149057
2017-12-24,-0.7220015034314785
2017-12-25,-2.3197695107748477
2017-12-26,-0.04078924749995617
2017-12-27,1.1414029280740265
2017-12-28,1.231105857256385
2017-12-29,1.1043428466610734
2017-12-30,1.1713564658394295
2017-12-31,0.6044689564612185
2018-01-01,1.1644272522813024
2018-01-02,1.3123361412633687
2018-01-03,1.1869172628350297
2018-01-04,1.1853671516259554
2018-01-05,0.4663442140383294
2018-01-06,0.028441939915878775
2018-01-07,0.8107238173172979
2018-01-08,0.7236920643108096
2018-01-09,-0.7106491743560202
2018-01-10,-0.23904078206445323
2018-01-11,-0.7005065573584216
2018-01-12,0.2656598071236337
2018-01-13,-2.048050953088844
2018-01-14,-2.023065499233919
2018-01-15,-0.5270098473537054
2018-01-16,1.271821068393693
2018-01-17,1.0396873307768941
2018-01-18,0.3828574937161675
2018-01-19,0.5719526684675769
2018-01-20,1.1714822332483628
2018-01-21,1.2797731568368913
2018-01-22,1.2449205626287236
2018-01-23,0.30345140297554496
2018-01-24,-1.2291510743987584
2018-01-25,-0.27301174564233455
2018-01-26,-0.6615387498162794
2018-01-27,-0.23616612436164286
2018-01-28,-1.2039059949165556
2018-01-29,-2.716426007885702
2018-01-30,-1.5456377290235892
2018-01-31,-2.3419702410221634
2018-02-01,0.030625658255296943
2018-02-02,0.5710091955976297
2018-02-03,1.2466186299613127
2018-02-04,-0.279707567023399
2018-02-05,0.35969262583344314
2018-02-06,-1.1444302969245908
2018-02-07,0.35171775081487533
2018-02-08,-0.05722635622101604
2018-02-09,-2.364532589062901
2018-02-10,-0.9218480388931114
2018-02-11,0.22896162217964855
2018-02-12,0.9688959088062353
2018-02-13,0.863162886012604
2018-02-14,0.6581386656496403
2018-02-15,-1.6135526241952538
2018-02-16,-0.9070668625264456
2018-02-17,-2.341488938501724
2018-02-18,0.21398691591693964
2018-02-19,-1.2750079194145179
2018-02-20,-0.826616838639831
2018-02-21,-1.5540684282587407
2018-02-22,-0.711336466045066
2018-02-23,-0.34765374167831115
2018-02-24,0.41016045958026576
2018-02-25,-0.16418659655056803
2018-02-26,0.14959858703609374
2018-02-27,-0.6881173960264073
2018-02-28,0.3901728929069767
2018-03-01,-0.012120330806111147
2018-03-02,1.2574636233975507
2018-03-03,1.208199038225973
2018-03-04,0.03206500726104902
2018-03-05,-0.07865135870355966
2018-03-06,0.9711422633313612
2018-03-07,0.733480012213368
2018-03-08,-0.26756721274749773
2018-03-09,-2.2474087580869857
2018-03-10,-0.44746950057908286
2018-03-11,1.0419172566588648
2018-03-12,1.3391108828511595
2018-03-13,0.9143480710049917
2018-03-14,-0.3123720414806927
2018-03-15,0.8696993523176686
2018-03-16,0.03848121868452399
2018-03-17,0.7565998738698149
2018-03-18,1.367553650530851
2018-03-19,1.3330270953359813
2018-03-20,0.7190937048543927
2018-03-21,0.7660039387643905
2018-03-22,1.20413231815656
2018-03-23,0.059462108397384646
2018-03-24,0.7336142559995217
2018-03-25,0.8737448010640319
2018-03-26,-0.08425812530944544
2018-03-27,0.8663908708857848
2018-03-28,1.1162809965975595
2018-03-29,0.604195573334559
2018-03-30,0.8275248820610601
2018-03-31,1.6028436538430355
2018-04-01,1.3318239988700182
2018-04-02,-0.14931800622514863
2018-04-03,0.41985465695386986
2018-04-04,0.27983306429175175
2018-04-05,0.5995239239088526
2018-04-06,-0.4922805276592626
2018-04-07,1.2068614640849467
2018-04-08,1.3860229102168262
2018-04-09,0.9619591256872707
2018-04-10,0.1254340428176597
2018-04-11,0.728339850837336
2018-04-12,0.7310742598741116
2018-04-13,0.4587718145955834
2018-04-14,1.5627489919381463
2018-04-15,0.8913507497824271
2018-04-16,0.534344591656435
2018-04-17,-0.774680263897502
2018-04-18,-0.015246792227870782
2018-04-19,-0.4520595653076126
2018-04-20,-1.2280534808407622
2018-04-21,-1.88985044925085
2018-04-22,-2.0486209187959825
2018-04-23,-2.0645034675959013
2018-04-24,-1.7210695438085488
2018-04-25,-0.574678013578972
2018-04-26,-1.4737212840695217
2018-04-27,-1.3354614634596087
2018-04-28,-0.6472573397415325
2018-04-29,0.33943628056257197
2018-04-30,0.3918339928566173
2018-05-01,-0.7353223399754094
2018-05-02,0.9486105143437917
2018-05-03,1.275671502692263
2018-05-04,-0.23144047820980018
2018-05-05,0.40922932047765825
2018-05-06,-0.7526264416985267
2018-05-07,-1.652627749117912
2018-05-08,-0.4857350210212558
2018-05-09,0.0206098257455433
2018-05-10,0.10240333679521252
2018-05-11,-0.18378229280597108
2018-05-12,-1.4476566080908235
2018-05-13,0.8249855002283449
2018-05-14,1.2666360644236203
2018-05-15,0.96769599410415
2018-05-16,0.4969012904573003
2018-05-17,-1.6933892400459478
2018-05-18,-0.6968591656724047
2018-05-19,-0.8638548573605623
2018-05-20,-0.7488793709707501
2018-05-21,-1.3599758853680823
2018-05-22,0.047277012447716885
2018-05-23,-0.09495207861653443
2018-05-24,-1.4169615679727836
2018-05-25,-1.2119995119357707
2018-05-26,0.39455119619692836
2018-05-27,1.069676527593201
2018-05-28,0.49739036404951115
2018-05-29,0.8449277650277174
2018-05-30,-0.1259133793382962
2018-05-31,-0.16345957601254005
2018-06-01,-1.4467912542817964
2018-06-02,-0.8618786165500247
2018-06-03,-0.23805334522069535
2018-06-04,0.2784400824483763
2018-06-05,-0.29837767257808984
2018-06-06,-0.4249034632537427
2018-06-07,-0.2872705716720191
2018-06-08,0.7350025117114092
2018-06-09,-0.34971548126546803
2018-06-10,0.03870035171154971
2018-06-11,0.5285557768429657
2018-06-12,0.9070667306018749
2018-06-13,1.6300025218425003
2018-06-14,1.0744752084371467
2018-06-15,-0.034915752951385444
2018-06-16,0.24789872082455167
2018-06-17,0.3799003862209819
2018-06-18,0.10516844830905722
2018-06-19,0.39887121265230163
2018-06-20,-0.8481420733432238
2018-06-21,-1.4615202977778532
2018-06-22,0.9123310164638396
2018-06-23,0.3980697268030722
2018-06-24,-0.08785231429494639
2018-06-25,-0.6294879110408792
2018-06-26,0.6524083303717166
2018-06-27,0.29902607367702777
2018-06-28,0.04086051764583886
2018-06-29,-0.6775004288515697
2018-06-30,-0.00360733636097555
2018-07-01,0.39422328680507174
2018-07-02,-0.011048391342567163
2018-07-03,-0.5433713344994291
2018-07-04,-0.8330028681706332
2018-07-05,0.23954169056366845
2018-07-06,1.5900633128106987
2018-07-07,1.1218676623813864
2018-07-08,-0.5236817494937557
2018-07-09,-0.3643903697230962
2018-07-10,0.15966228991868914
2018-07-11,0.9408418591159714
2018-07-12,-0.7388984292847123
2018-07-13,-0.5046742492311939
2018-07-14,0.6209770726921446
2018-07-15,-0.08159518902539865
2018-07-16,1.2612351351275888
2018-07-17,1.8212634235187157
2018-07-18,-0.2015855770642422
2018-07-19,-0.08621371568017198
2018-07-20,-0.6888498811697145
2018-07-21,0.7845977137279831
2018-07-22,0.322638661297871
2018-07-23,1.463956000860873
2018-07-24,0.20445522778164768
2018-07-25,0.15196443848472088
2018-07-26,-0.037459108500779555
2018-07-27,-0.17018901364821354
2018-07-28,-0.6306014868349833
2018-07-29,-0.35273971275882204
2018-07-30,-0.18441189068648586
2018-07-31,-0.20640351371669438
2018-08-01,-0.46531256842339164
2018-08-02,-0.4684020616864016
2018-08-03,-0.38546685079502613
2018-08-04,-0.6261386281755972
2018-08-05,-0.385639490561115
2018-08-06,-1.321952631383403
2018-08-07,-1.0926462738292888
2018-08-08,-1.0856555991895889
2018-08-09,-0.4901865699588168
2018-08-10,-0.37295201374334647
2018-08-11,-0.022864580372344644
2018-08-12,-0.652149893467464
2018-08-13,-0.7828487510835377
2018-08-14,0.6478347274472128
2018-08-15,0.3024123113541816
2018-08-16,-0.09880763174240159
2018-08-17,-0.7397410703438775
2018-08-18,-0.8884131392544222
2018-08-19,-0.5315549187049806
2018-08-20,-0.4834175584654248
2018-08-21,-0.4919534993512433
2018-08-22,-0.5433308196167088
2018-08-23,-0.4333095366082524
2018-08-24,0.812843934312233
2018-08-25,1.9154805747877999
2018-08-26,2.071257906355832
2018-08-27,-0.20791965799747344
2018-08-28,-1.3167084864853482
2018-08-29,-1.0432589130730947
2018-08-30,0.06779185409106427
2018-08-31,0.3145645134427974
2018-09-01,1.331355676525356
2018-09-02,1.1834160913714606
2018-09-03,-0.45664912056127194
2018-09-04,-0.4018862834938067
2018-09-05,-0.5720277339455757
2018-09-06,-0.24810213029563327
2018-09-07,0.5968797051402205
2018-09-08,-0.1300905806606839
2018-09-09,-0.8081825613318976
2018-09-10,-1.292959659680877
2018-09-11,-0.8132790924262033
2018-09-12,-0.6393783895599628
2018-09-13,-0.39127181798614435
2018-09-14,-0.10399111920284475
2018-09-15,-0.644688349970825
2018-09-16,-1.1944509037779047
2018-09-17,-0.8373276771434024
2018-09-18,-0.6813288664634188
2018-09-19,-0.5063221988383081
2018-09-20,0.5566201439788342
2018-09-21,0.9832345134195697
2018-09-22,0.7193082165723711
2018-09-23,0.1815699716339482
2018-09-24,1.3994993579693318
2018-09-25,1.2939987327499185
2018-09-26,1.4393743330693127
2018-09-27,-0.12756620732253948
2018-09-28,-0.5523763929122626
2018-09-29,-1.7517393004439794
2018-09-30,-1.6144690633319467
2018-10-01,1.4227563163606713
2018-10-02,0.8847267752404951
2018-10-03,0.4910680657923122
2018-10-04,1.075972162426631
2018-10-05,0.4519729256368404
2018-10-06,0.3526382335544258
2018-10-07,-0.6219409888309692
2018-10-08,-0.06703030905999591
2018-10-09,0.8841153516420188
2018-10-10,1.428142955001126
2018-10-11,0.42160927804534126
2018-10-12,0.0026450332145424122
2018-10-13,0.2802139527823657
2018-10-14,0.6197723216834944
2018-10-15,1.0260589169982588
2018-10-16,-0.9301152736806053
2018-10-17,0.11534499946165823
2018-10-18,1.5203167976252625
2018-10-19,0.5642988375522588
2018-10-20,-2.220680803250731
2018-10-21,-0.8380023578882932
2018-10-22,1.034234169683111
2018-10-23,0.8281509412285635
2018-10-24,-0.370999223885854
2018-10-25,-0.05685540411950971
2018-10-26,0.055044781818813594
2018-10-27,0.8805301017570762
2018-10-28,0.8709698142779019
2018-10-29,1.5467756698053108
2018-10-30,0.759644590378551
2018-10-31,1.1182535191457994
2018-11-01,-0.30669961010146335
2018-11-02,-0.8119430799824036
2018-11-03,0.4985363595183701
2018-11-04,1.1266679428234814
2018-11-05,0.19257826661437005
2018-11-06,-0.07618611511872808
2018-11-07,-0.17859587653135844
2018-11-08,-1.1252089618560912
2018-11-09,0.06486006624678677
2018-11-10,-2.233227556911263
2018-11-11,-1.5985132174856957
2018-11-12,0.4099668745074542
2018-11-13,-0.04349464594753271
2018-11-14,-1.1647999722709077
2018-11-15,-0.625696056245748
2018-11-16,0.171630215682654
2018-11-17,0.6324370069901857
2018-11-18,0.5831042132222768
2018-11-19,0.3162080093849398
2018-11-20,0.5651956209867188
2018-11-21,0.7424070849700479
2018-11-22,-0.42391163622654077
2018-11-23,-0.03319836659959189
2018-11-24,-0.6811234874648002
2018-11-25,0.7471168349668041
2018-11-26,0.562987348725602
2018-11-27,1.4486341740944135
2018-11-28,0.012306578139916103
2018-11-29,-0.8880236582257022
2018-11-30,-1.431810191424244
2018-12-01,-0.2682589349964121
2018-12-02,-0.22857989618330057
2018-12-03,0.7432074821539078
2018-12-04,1.123378265425348
2018-12-05,-1.2918026980059385
2018-12-06,0.1971956124768525
2018-12-07,-0.07422601656008347
2018-12-08,1.4500026142418914
2018-12-09,1.4625535870627695
2018-12-10,1.2390347847751764
2018-12-11,0.05112311604424078
2018-12-12,-0.5988567406481671
2018-12-13,-0.31022394831399075
2018-12-14,-0.12315115291967281
2018-12-15,0.35316917797400216
2018-12-16,0.5327544476602281
2018-12-17,0.5263823565152117
2018-12-18,-1.6510413220610498
2018-12-19,-0.4886144111975334
2018-12-20,-0.2862462509177193
2018-12-21,0.21374135665388505
2018-12-22,1.0413682869811827
2018-12-23,0.9997409417032246
2018-12-24,1.0555333080796936
2018-12-25,0.0501830272308645
2018-12-26,-1.7674585950807993
2018-12-27,-2.2937353519905748
2018-12-28,-1.9458472914419043
2018-12-29,-2.2494334499995006
2018-12-30,-0.6684202559596918
2018-12-31,-1.0168562503007899
2019-01-01,-0.3667845701646801
2019-01-02,0.6167981982793216
2019-01-03,-0.43474973316189686
2019-01-04,-1.180281300769668
2019-01-05,-0.12646612894433196
2019-01-06,-0.7065081401907549
2019-01-07,-1.73886388316122
2019-01-08,0.7938052148132666
2019-01-09,0.9294116764531674
2019-01-10,-0.6220511944566102
2019-01-11,-0.8101989468729358
2019-01-12,-0.37467715552910036
2019-01-13,1.2291812347360034
2019-01-14,1.1602418999561779
2019-01-15,-1.0768817407326594
2019-01-16,-0.7380546335663863
2019-01-17,-1.2981094313062402
2019-01-18,0.1815112645719538
2019-01-19,-0.7260149087904839
2019-01-20,-2.091994492669783
2019-01-21,0.32174314945393984
2019-01-22,0.4689137153988318
2019-01-23,0.16963212668884034
2019-01-24,0.7589728536308427
2019-01-25,0.3270932506500432
2019-01-26,-0.04309694479627355
2019-01-27,0.7090320851681347
2019-01-28,1.248922300791216
2019-01-29,0.011981740074399741
2019-01-30,0.9303061823877904
2019-01-31,0.6670009448872419
2019-02-01,1.0494284850297462
2019-02-02,0.6447945886309592
2019-02-03,0.8972049289716523
2019-02-04,0.2697231519755905
2019-02-05,0.3792455283428637
2019-02-06,-0.0017532935405760557
2019-02-07,-1.287532184171301
2019-02-08,0.3298965754725191
2019-02-09,-0.5791754593459323
2019-02-10,0.621800711362489
2019-02-11,1.2347159169656663
2019-02-12,-0.5430534614120747
2019-02-13,-1.206277649434713
2019-02-14,-0.6507674639128203
2019-02-15,-1.1349188364003409
2019-02-16,-1.134088937538981
2019-02-17,-2.175583831972766
2019-02-18,-0.9898741228510332
2019-02-19,-1.094439040573213
2019-02-20,-2.0868851481052686
2019-02-21,-1.7288169649241303
2019-02-22,-0.7401785883629022
2019-02-23,0.801658157181088
2019-02-24,0.8575976740353192
2019-02-25,0.5281185225463192
2019-02-26,0.04227203585121299
2019-02-27,-0.4288188093404052
2019-02-28,-0.16256925870763023
2019-03-01,1.157522009463968
2019-03-02,0.5521208367500609
2019-03-03,0.19061091509737504
2019-03-04,0.6475887952884978
2019-03-05,-0.844257551896146
2019-03-06,-0.48572224859564983
2019-03-07,0.18358835268406082
2019-03-08,-0.7846509576660189
2019-03-09,0.3877060598621353
2019-03-10,0.8232062742451072
2019-03-11,1.3766383708795185
2019-03-12,0.31178356438071264
2019-03-13,0.8007697990846598
2019-03-14,1.408207333586044
2019-03-15,1.3596949838219317
2019-03-16,0.8557479031471146
2019-03-17,-1.2951114277941114
2019-03-18,0.9544346213224097
2019-03-19,-0.38055065994867576
2019-03-20,0.6991742117832197
2019-03-21,1.0083157855322544
2019-03-22,0.5366948536683936
2019-03-23,-1.451794741226901
2019-03-24,-1.814033202410192
2019-03-25,0.28973305204939553
2019-03-26,1.071094649182671
2019-03-27,0.8912067943106668
2019-03-28,0.08138776400870844
2019-03-29,-0.6332723443041522
2019-03-30,-2.0285214167691388
2019-03-31,-1.3648689566016698
2019-04-01,-0.5510734447161321
2019-04-02,-1.5426021822576663
2019-04-03,-0.834790146005418
2019-04-04,0.6649962170263013
2019-04-05,-0.3223798533651576
2019-04-06,-0.4986684504815107
2019-04-07,-0.547458495876312
2019-04-08,0.479217046978782
2019-04-09,-0.06258835821615374
2019-04-10,0.26043764821038384
2019-04-11,-0.01723629642836824
2019-04-12,-1.0800567679851516
2019-04-13,-0.29371026208238427
2019-04-14,1.0612397825515774
2019-04-15,0.016084805095405746
2019-04-16,-1.2764184491756563
2019-04-17,-1.6227458768835785
2019-04-18,1.1257707376349697
2019-04-19,1.521257921596895
2019-04-20,1.6007159263064774
2019-04-21,1.6443771618361125
2019-04-22,1.3496441997655062
2019-04-23,0.9576811891991054
2019-04-24,-0.1176276305630776
2019-04-25,-1.1231565426682035
2019-04-26,0.5980412774026542
2019-04-27,1.2906896000312
2019-04-28,1.3640005387145917
2019-04-29,1.2261046815587906
2019-04-30,-0.495895280605178
2019-05-01,-1.0383354482814924
2019-05-02,-1.5351357328408903
2019-05-03,-1.721097332092824
2019-05-04,0.7886512784546555
2019-05-05,1.830744173782646
2019-05-06,1.3743348278435328
2019-05-07,-1.0409026530968977
2019-05-08,0.43805343079550746
2019-05-09,0.8890050028453303
2019-05-10,-0.11256158871535041
2019-05-11,0.07557310976102626
2019-05-12,1.4249770572922307
2019-05-13,1.1720947270107884
2019-05-14,0.571477583325737
2019-05-15,0.5904959064204969
2019-05-16,0.1418707296463684
2019-05-17,0.9345106825858179
2019-05-18,1.1665601056338655
2019-05-19,0.8878687414587779
2019-05-20,1.2009349034237775
2019-05-21,0.7780705998990248
2019-05-22,0.3461579833373219
2019-05-23,0.21776761371486292
2019-05-24,-1.2345337487247496
2019-05-25,0.4042526187204275
2019-05-26,0.7354738189366152
2019-05-27,0.814599346676869
2019-05-28,1.3932942745388404
2019-05-29,1.5293574923458106
2019-05-30,-0.8726200767810937
2019-05-31,-0.5656081563510168
2019-06-01,-0.35884009638163306
2019-06-02,-0.6473360142680658
2019-06-03,-1.0732881197233382
2019-06-04,-1.2844617845800492
2019-06-05,0.4427286702086966
2019-06-06,-0.17739244736100732
2019-06-07,0.6348527186666731
2019-06-08,-0.028627023474683405
2019-06-09,0.8519631883638279
2019-06-10,0.36957116608400975
2019-06-11,-0.8110239679164783
2019-06-12,0.2594507473378153
2019-06-13,0.32130280148387985
2019-06-14,1.3589983235656287
2019-06-15,0.03551330466951888
2019-06-16,0.17904496439239317
2019-06-17,-0.5300463641846025
2019-06-18,-1.2337899870752815
2019-06-19,-1.3645806557591929
2019-06-20,-0.8829233318057713
2019-06-21,-0.1043325405498026
2019-06-22,0.3558413904642266
2019-06-23,-0.9862198023708911
2019-06-24,0.005183979531869796
2019-06-25,0.5373305498208444
2019-06-26,0.16111400483249844
2019-06-27,-0.21254273381560354
2019-06-28,-0.12622521054783417
2019-06-29,-0.4808127669668363
2019-06-30,-0.6230915121018067
2019-07-01,-1.0172621852338912
2019-07-02,-1.0871309930660147
2019-07-03,-1.1119746370294055
2019-07-04,-0.8758289531821787
2019-07-05,-1.044013870384152
2019-07-06,-0.6961181612791579
2019-07-07,0.6572435916525687
2019-07-08,-0.05271687257921456
2019-07-09,0.9160773352675313
2019-07-10,1.288868765135008
2019-07-11,-0.17582682807470343
2019-07-12,1.1613458339635678
2019-07-13,1.412820061798187
2019-07-14,-0.720095835203237
2019-07-15,1.4504316778626396
2019-07-16,1.0362217555262725
2019-07-17,-0.4453285491968742
2019-07-18,-0.07210756131246392
2019-07-19,-0.1903840136531675
2019-07-20,-0.4528495723715604
2019-07-21,-0.8222570421096124
2019-07-22,-1.048011288351674
2019-07-23,-0.8754120352774416
2019-07-24,-0.6490546773948859
2019-07-25,-0.6794972077286524
2019-07-26,-0.31344896024367896
2019-07-27,0.5344143565186367
2019-07-28,1.9582422348887771
2019-07-29,1.4231821004337835
2019-07-30,0.2240930269951804
2019-07-31,-0.272528353976304
2019-08-01,-0.24623221579142246
2019-08-02,0.4980914786651674
2019-08-03,0.5763114819561717
2019-08-04,-0.5186967931503962
2019-08-05,-1.1038523984117654
2019-08-06,0.20289325335849695
2019-08-07,-0.39028439321733205
2019-08-08,0.032333575890185345
2019-08-09,-1.135235493795714
2019-08-10,-1.1531190982905357
2019-08-11,-1.1881295220499222
2019-08-12,-0.4587324288998492
2019-08-13,1.0186973545944036
2019-08-14,1.6207295781957867
2019-08-15,0.6238430828778914
2019-08-16,0.8395316654234667
2019-08-17,-0.8344990633456759
2019-08-18,-0.5499247684680794
2019-08-19,-0.7164450960569244
2019-08-20,-0.22719436883239874
2019-08-21,-0.9359427147912905
2019-08-22,-1.0731358202338062
2019-08-23,-0.934216276490766
2019-08-24,-0.9398722277228846
2019-08-25,-1.0766163359819478
2019-08-26,-1.009564191115308
2019-08-27,-0.29693568870502235
2019-08-28,-0.15708436250548727
2019-08-29,-1.534303337985343
2019-08-30,-1.3331237335820665
2019-08-31,-1.1986600401401957
2019-09-01,-0.8209026295262636
2019-09-02,0.37308005464498534
2019-09-03,0.2670466944573314
2019-09-04,-0.3306603379637114
2019-09-05,0.5440157215981902
2019-09-06,1.4489866866980787
2019-09-07,0.7522106007953686
2019-09-08,0.6690133228828463
2019-09-09,0.9176565848340931
2019-09-10,0.23485882722905857
2019-09-11,0.6816595248254217
2019-09-12,0.12719619698479012
2019-09-13,0.20073769061087088
2019-09-14,0.1776756402386938
2019-09-15,-1.0868980396790162
2019-09-16,-1.2591533660167702
2019-09-17,-1.6971601100796465
2019-09-18,-0.8563275948671539
2019-09-19,-0.5876171641450053
2019-09-20,0.13352927003215295
2019-09-21,1.176348070246581
2019-09-22,0.4832762018485897
2019-09-23,0.9843439989662895
2019-09-24,1.0918887660072807
2019-09-25,0.2984156390419822
2019-09-26,1.086426789898321
2019-09-27,-0.36429880581711666
2019-09-28,-0.4011492815351443
2019-09-29,-0.9791679074907041
2019-09-30,0.24249171474837766
2019-10-01,-1.1151511564181853
2019-10-02,0.8290163020485629
2019-10-03,0.807500292111679
2019-10-04,0.58054693399501
2019-10-05,1.5315384714034792
2019-10-06,1.279930321657875
2019-10-07,1.6141600607835767
2019-10-08,-0.07312987224382574
2019-10-09,-1.152291936066716
2019-10-10,0.806030776407768
2019-10-11,-0.6523791550270818
2019-10-12,-0.8986448339275811
2019-10-13,0.2368920366965183
2019-10-14,0.33310653685916186
2019-10-15,0.9617156399609028
2019-10-16,0.5662173514032646
2019-10-17,-2.3400400751217174
2019-10-18,-2.179861180166649
2019-10-19,-0.1465973797155734
2019-10-20,0.5524318266649587
2019-10-21,0.08595486490552366
2019-10-22,1.4592309187306491
2019-10-23,1.7364970017546333
2019-10-24,-0.09448386011813416
2019-10-25,0.009485720424805237
2019-10-26,0.33788160963182967
2019-10-27,-0.7572621609519048
2019-10-28,-1.9493664243603461
2019-10-29,-1.5451665986607683
2019-10-30,-0.7563792044907648
2019-10-31,-0.53795010180052
2019-11-01,-0.9585050325988267
2019-11-02,0.47012328938426634
2019-11-03,1.419012027730771
2019-11-04,1.436928525768191
2019-11-05,1.4454610284873244
2019-11-06,0.7600415240561954
2019-11-07,0.46528396593704113
2019-11-08,0.8506114640863038
2019-11-09,0.7178673492641227
2019-11-10,0.7121539095216053
2019-11-11,-0.179716022295096
2019-11-12,1.2149262270177412
2019-11-13,1.2332816671920024
2019-11-14,0.49861767254197287
2019-11-15,0.596892571088036
2019-11-16,0.1511781064429303
2019-11-17,0.9015774427232731
2019-11-18,0.9009590844047826
2019-11-19,0.4719873467277338
2019-11-20,-0.06579850002396374
2019-11-21,-0.6849416868852252
2019-11-22,0.19298849218814057
2019-11-23,0.9493037085320102
2019-11-24,0.4171886419569261
2019-11-25,0.8329179295391118
2019-11-26,-0.3258688581028127
2019-11-27,0.8669435765317552
2019-11-28,1.1442898920464757
2019-11-29,1.122491412425386
2019-11-30,0.46826593096251756
2019-12-01,0.0744292813094202
2019-12-02,-2.010944208735581
2019-12-03,0.47449944285678447
2019-12-04,1.4489168906336019
2019-12-05,-0.150223494772133
2019-12-06,-1.1726178519446515
2019-12-07,0.015186410900909095
2019-12-08,-0.5668927763534766
2019-12-09,1.2855896641995848
2019-12-10,1.0683564949426403
2019-12-11,0.2931558237823055
2019-12-12,1.3243833776673037
2019-12-13,1.4452353559233861
2019-12-14,1.2373511749748805
2019-12-15,-0.021883475339363048
2019-12-16,0.06038188851877974
2019-12-17,0.902111567845854
2019-12-18,1.063277377341575
2019-12-19,-0.7043071146805338
2019-12-20,0.9412322745149736
2019-12-21,1.163007072324243
2019-12-22,1.1605178047175182
2019-12-23,1.261794608173071
2019-12-24,0.9756474735643144
2019-12-25,1.1261707499171811
2019-12-26,-0.4419351379328838
2019-12-27,0.47869259113117324
2019-12-28,-0.1982381105151306
2019-12-29,0.18269283988815938
2019-12-30,0.5774567111149415
2019-12-31,-1.117433908703701
2020-01-01,-1.1187932753562742
2020-01-02,-1.6070152020081563
2020-01-03,-0.5685064763085663
2020-01-04,0.5683196563705771
2020-01-05,-0.6322525259599222
2020-01-06,-0.899595026626388
2020-01-07,-0.3333393962360772
2020-01-08,0.34704042134888136
2020-01-09,-0.8887730269358315
2020-01-10,-1.825257713679635
2020-01-11,-1.5597352950303636
2020-01-12,-0.9136269292382373
2020-01-13,-3.2598455735388145
2020-01-14,-2.412564900654219
2020-01-15,-2.455071918474602
2020-01-16,-3.3619834637219297
2020-01-17,-0.6304163183038028
2020-01-18,1.1340419206968932
2020-01-19,0.3882430963498076
2020-01-20,1.386886081754317
2020-01-21,1.5256670213184407
2020-01-22,1.32010654478459
2020-01-23,0.9537537497625684
2020-01-24,0.38440555312751534
2020-01-25,-1.2776870432255552
2020-01-26,-2.6863035118342298
2020-01-27,0.1609793843613039
2020-01-28,1.2219058313010107
2020-01-29,1.1107666159763785
2020-01-30,0.0868992622440948
2020-01-31,-0.9837378094971295
2020-02-01,-0.796649655390637
2020-02-02,0.9827416510002859
2020-02-03,1.2023196629661292
2020-02-04,1.3134242720130216
2020-02-05,1.0721423233987417
2020-02-06,0.5003264964820215
2020-02-07,-1.7634794958380229
2020-02-08,-0.78816909026038
2020-02-09,-1.043055848866322
2020-02-10,1.1114915596040222
2020-02-11,1.1770784192397117
2020-02-12,0.9956703783749224
2020-02-13,-0.6803073246875299
2020-02-14,1.0211721687370827
2020-02-15,-2.187719402867022
2020-02-16,-2.9499246040844582
2020-02-17,-1.716793697163732
2020-02-18,0.6863309531950058
2020-02-19,1.2895123079140123
2020-02-20,-0.0756308135210417
2020-02-21,0.05948951420750484
2020-02-22,-1.589409200891819
2020-02-23,-0.1559752872964256
2020-02-24,0.6663250301189252
2020-02-25,0.7033324476993116
2020-02-26,1.4257867459116167
2020-02-27,1.2975708630565175
2020-02-28,1.3022205527993136
2020-02-29,-0.40260867486629864
2020-03-01,1.026092443596204
2020-03-02,1.3607685039689208
2020-03-03,1.4445040412516188
2020-03-04,0.5969175099891333
2020-03-05,0.5167849089546156
2020-03-06,1.127682722790851
2020-03-07,0.40784256340477343
2020-03-08,-0.12717541566790463
2020-03-09,1.102598342501094
2020-03-10,0.4126032940935008
2020-03-11,-0.6025004436310221
2020-03-12,-1.5852925914524583
2020-03-13,-1.3216534643155293
2020-03-14,-0.009091850657765058
2020-03-15,-0.3716674664766223
2020-03-16,0.9737384325472886
2020-03-17,0.304763905206915
2020-03-18,-1.2513419377039836
2020-03-19,-0.9317840196564078
2020-03-20,0.5500825001468442
2020-03-21,-0.12897290164325753
2020-03-22,-1.5452763041737312
2020-03-23,0.6735214746411542
2020-03-24,1.346071557850478
2020-03-25,0.7900581746231546
2020-03-26,0.2043348557462161
2020-03-27,0.12695979923088915
2020-03-28,-1.0125463754727297
2020-03-29,-1.6368149378614194
2020-03-30,-0.8529333224249459
2020-03-31,-0.9404738823185957
2020-04-01,0.8892171693156118
2020-04-02,-0.7029855551599516
2020-04-03,-1.3860150838446237
2020-04-04,-0.1824835184946532
2020-04-05,-0.08548911728936624
2020-04-06,-0.9216035804974217
2020-04-07,-1.0133891902540033
2020-04-08,-1.757223970616609
2020-04-09,-2.1778907719886687
2020-04-10,-1.2384313738523571
2020-04-11,-1.5120033639119923
2020-04-12,-0.8224395933731546
2020-04-13,0.6401085194468601
2020-04-14,-0.20731959028716326
2020-04-15,1.0461942459171754
2020-04-16,-0.06436354833583338
2020-04-17,-0.7573737944853319
2020-04-18,-1.2681769987404556
2020-04-19,0.09707876219166597
2020-04-20,1.5220894548712198
2020-04-21,1.1153107418638089
2020-04-22,0.3185304663225189
2020-04-23,-0.7788772167829315
2020-04-24,-1.9006991320171287
2020-04-25,-0.9938453870336815
2020-04-26,-2.452830062836516
2020-04-27,-0.7918613391314065
2020-04-28,0.829051362005909
2020-04-29,0.6356869194754758
2020-04-30,0.8792434269362496
2020-05-01,0.8822543124714642
2020-05-02,1.1260898503252592
2020-05-03,0.9234679150682416
2020-05-04,-0.9619473396478391
2020-05-05,-0.9300334204170817
2020-05-06,-0.1508882955608181
2020-05-07,-0.027273354096783435
2020-05-08,0.5665391693919216
2020-05-09,0.7421203868757015
2020-05-10,0.5582301615916114
2020-05-11,1.0617372574854669
2020-05-12,0.8420704792084366
2020-05-13,0.8478094885388578
2020-05-14,0.8534822769647123
2020-05-15,0.8924820262299832
2020-05-16,1.3241260402966948
2020-05-17,-0.16585066778772037
2020-05-18,-0.615552694261771
2020-05-19,0.19223012012325222
2020-05-20,0.4050960432813234
2020-05-21,0.6853667854415256
2020-05-22,-0.6679672494467312
2020-05-23,-0.9127606071214638
2020-05-24,-0.48888932159554394
2020-05-25,0.01269045530681015
2020-05-26,-0.8343030167178929
2020-05-27,1.0040027314316824
2020-05-28,-0.8080765142408022
2020-05-29,-0.619395687718161
2020-05-30,-0.08471581054515723
2020-05-31,-0.9437590400362472
2020-06-01,-0.6962257002283947
2020-06-02,-0.7437069764466004
2020-06-03,-1.0055599283559855
2020-06-04,1.0079248623986434
2020-06-05,1.847782285662758
2020-06-06,0.9225338249776095
2020-06-07,0.3868883493256528
2020-06-08,0.7027472655337035
2020-06-09,1.2167898337776566
2020-06-10,1.3205173435139734
2020-06-11,0.21839082855062247
2020-06-12,0.7807439745427761
2020-06-13,1.2303202247350524
2020-06-14,1.1108227890215623
2020-06-15,1.1143058601915965
2020-06-16,1.1176368564701165
2020-06-17,0.7672148450974327
2020-06-18,-0.510786692312399
2020-06-19,0.017084632498193312
2020-06-20,1.505119361929338
2020-06-21,1.3789351680988542
2020-06-22,-0.39834283996683345
2020-06-23,-0.9678744426340458
2020-06-24,-0.6467786497638072
2020-06-25,-0.1301887147772184
2020-06-26,0.1719976175212717
2020-06-27,-0.1604461108657795
2020-06-28,-0.5912805665829536
2020-06-29,0.3041679984304773
2020-06-30,0.16625030979942504
2020-07-01,-0.6637070656221569
2020-07-02,-0.04368854968944902
2020-07-03,1.0992346950586038
2020-07-04,1.3947323716439939
2020-07-05,0.3661376076957782
2020-07-06,0.1655218693138513
2020-07-07,0.8225048026407173
2020-07-08,-0.42922149123382825
2020-07-09,-0.6221636867511333
2020-07-10,-0.8788754683414444
2020-07-11,-0.20642082915193294
2020-07-12,-0.00047203686564411754
2020-07-13,0.0197588061030245
2020-07-14,-0.418146221201693
2020-07-15,-0.4413904244466391
2020-07-16,0.9426981908659855
2020-07-17,0.5620107062459521
2020-07-18,-0.488420787131305
2020-07-19,-0.6043936571761349
2020-07-20,-0.9630479003086376
2020-07-21,-0.9759785644503727
2020-07-22,-0.9860186924166322
2020-07-23,-0.3738207229973452
2020-07-24,0.377169919095386
2020-07-25,0.4893203752407778
2020-07-26,-0.5736069209601418
2020-07-27,-1.4295578427977709
2020-07-28,-1.8337130561949504
2020-07-29,-1.39366714793611
2020-07-30,-0.9128300995989139
2020-07-31,-0.8231184281229564
2020-08-01,-0.13312051409009826
2020-08-02,0.3974810891099289
2020-08-03,0.9957173452028186
2020-08-04,0.6811023877544291
2020-08-05,-0.16305575035635117
2020-08-06,0.10342899992744213
2020-08-07,-0.03869288646501434
2020-08-08,0.3372284628581798
2020-08-09,-0.172069589963071
2020-08-10,-0.7952419074052789
2020-08-11,-0.9412779538286219
2020-08-12,-0.3360480339278585
2020-08-13,0.18858810534988438
2020-08-14,0.2507950482734528
2020-08-15,-0.5219297964315055
2020-08-16,-0.06767335351953012
2020-08-17,0.030211381924971716
2020-08-18,0.21918420163610014
2020-08-19,-0.46295064766810035
2020-08-20,-0.38975023881772347
2020-08-21,0.14966610721204138
2020-08-22,-0.08813349321132372
2020-08-23,1.5220942299953524
2020-08-24,1.297175312098818
2020-08-25,0.6617756252338839
2020-08-26,0.4917077020918621
2020-08-27,0.6191224384542573
2020-08-28,-0.8553912149358139
2020-08-29,0.8213288107104798
2020-08-30,0.8111689979553388
2020-08-31,1.1325171419602624
2020-09-01,0.8201620104732976
2020-09-02,-0.7400259430303032
2020-09-03,-1.0187284614862488
2020-09-04,-0.6444353100509033
2020-09-05,-1.192188440268201
2020-09-06,-0.7235571410768321
2020-09-07,-0.011432052824187404
2020-09-08,-0.056359462447062185
2020-09-09,-0.18277439132822623
2020-09-10,-0.23724012916971385
2020-09-11,-1.0248382646259704
2020-09-12,-0.3864635141074481
2020-09-13,-0.11014419094994035
2020-09-14,-0.19353213760830384
2020-09-15,-1.2016326658062273
2020-09-16,-0.6836791663471727
2020-09-17,-0.6879847814461597
2020-09-18,-1.644893520751266
2020-09-19,-1.2014280600047886
2020-09-20,0.1502586088979261
2020-09-21,-0.5210285734141366
2020-09-22,-1.0372469895561032
2020-09-23,0.5198544626408261
2020-09-24,0.5133997925322246
2020-09-25,1.8209538680004236
2020-09-26,1.702416624348366
2020-09-27,1.4264818291138446
2020-09-28,1.696413189406869
2020-09-29,0.6849149240144463
2020-09-30,-1.051040062002177
2020-10-01,-1.3134729991847072
2020-10-02,1.1731666151731255
2020-10-03,1.202042751474269
2020-10-04,1.0790174334309208
2020-10-05,0.20077983165439783
2020-10-06,0.9440367092225748
2020-10-07,1.5106125726332718
2020-10-08,-0.5936633159621068
2020-10-09,-2.241475974865553
2020-10-10,-0.6777762375732719
2020-10-11,1.4369434241381163
2020-10-12,1.2284200560683425
2020-10-13,1.1759346819958914
2020-10-14,0.6404558733658904
2020-10-15,1.3423436076908402
2020-10-16,1.2055007497976005
2020-10-17,0.40704069256515407
2020-10-18,-1.2669020797006303
2020-10-19,-2.528930705468619
2020-10-20,0.3195871202287999
2020-10-21,0.8005188824734946
2020-10-22,0.5916957618300908
2020-10-23,0.5853150605702502
2020-10-24,0.5789508482278948
2020-10-25,0.5725917992141358
2020-10-26,0.566240030580205
2020-10-27,1.3193065942890956
2020-10-28,0.09766535999622057
2020-10-29,1.1790871380483476
2020-10-30,-0.04196055670287647
2020-10-31,-2.14336112296177
2020-11-01,-1.477844583644008
2020-11-02,-2.491000929138296
2020-11-03,-2.497179835956797
2020-11-04,-1.793353109453129
2020-11-05,-0.5793491011917048
2020-11-06,-0.4530586408700891
2020-11-07,0.005731772473281687
2020-11-08,-1.3343558135503848
2020-11-09,-1.6100720123382928
2020-11-10,-1.9483306377369465
2020-11-11,-2.61491874939028
2020-11-12,-2.977260407235219
2020-11-13,-2.1733415488350865
2020-11-14,-2.441802242919771
2020-11-15,-1.5850804409200447
2020-11-16,0.6094993243042011
2020-11-17,0.5360766175313613
2020-11-18,0.5307732109962875
2020-11-19,0.4233951900709734
2020-11-20,0.4182760292795781
2020-11-21,1.39938922719859
2020-11-22,0.7403763127229349
2020-11-23,-0.7539125242465536
2020-11-24,-0.7589525121270159
2020-11-25,-1.6756272550810225
2020-11-26,-1.680557543569909
2020-11-27,0.7376654974784513
2020-11-28,0.9675598578599256
2020-11-29,0.1094707674644666
2020-11-30,-1.1050953438509938
2020-12-01,0.88325388559869
2020-12-02,0.06986183946111015
2020-12-03,0.48523972386687936
2020-12-04,0.908549167014977
2020-12-05,0.7057145928720919
2020-12-06,0.19128217289774385
2020-12-07,0.18717514788428624
2020-12-08,0.18316711240129746
2020-12-09,0.17927748403572072
2020-12-10,0.5324001109468447
2020-12-11,-0.9593529009948792
2020-12-12,0.9586283300930144
2020-12-13,0.443286883889258
2020-12-14,0.43988320601786174
2020-12-15,-0.6929986186279165
2020-12-16,-1.6210784907552962
2020-12-17,-0.8021861483916601
2020-12-18,-0.766857706694633
2020-12-19,-0.6381801216626304
2020-12-20,-1.9234530157454306
2020-12-21,-2.473485753323286
2020-12-22,-0.39264625819310817
2020-12-23,-0.3953193761861156
2020-12-24,0.3042383355595431
2020-12-25,0.7821703228584069
2020-12-26,0.7664967233484524
2020-12-27,0.7641225337666958
2020-12-28,1.318277481008809
2020-12-29,0.6634746553965057
2020-12-30,0.7621326067143261
2020-12-31,0.512149521343338
2021-01-01,0.5103353660986629
2021-01-02,0.5087001503416767
2021-01-03,0.5072059956207947
2021-01-04,-0.14263067206189053
2021-01-05,0.12599929842260757
2021-01-06,-1.141504590440469
2021-01-07,-1.1424028227523289
2021-01-08,-0.7821003320945205
2021-01-09,0.8419071620280242
2021-01-10,-1.0040825988065005
2021-01-11,-1.0920987236750368
2021-01-12,0.5618492811212751
2021-01-13,1.3699444966338832
2021-01-14,1.3697432681865869
2021-01-15,1.1394079469273046
2021-01-16,-0.45088373505292356
2021-01-17,1.3183922191950268
2021-01-18,-0.3787879455387085
2021-01-19,-0.49060642446633645
2021-01-20,-0.5078267738835922
2021-01-21,0.6703259715593985
2021-01-22,1.283195184692578
2021-01-23,1.3760959025627124
2021-01-24,1.3771650957175205
2021-01-25,1.180978298034707
2021-01-26,0.35750476045874957
2021-01-27,0.9186143632746454
2021-01-28,0.9200933465820951
2021-01-29,1.1390088364771
2021-01-30,0.8905021001110424
2021-01-31,1.4588118134538186
2021-02-01,1.1902197658333702
2021-02-02,0.7052514458021676
2021-02-03,0.15151916585837746
2021-02-04,-0.6496591156758736
2021-02-05,-1.2479004132377776
2021-02-06,0.3576913824664961
2021-02-07,0.6158035032431857
2021-02-08,1.156455375206929
2021-02-09,1.1837291265000638
2021-02-10,1.2655913846555376
2021-02-11,1.2651677009630355
2021-02-12,-0.6970676550479201
2021-02-13,0.5387464496577239
2021-02-14,0.8866265340319487
2021-02-15,-0.48549963226211
2021-02-16,-0.9452550809134915
2021-02-17,-1.2539836550403018
2021-02-18,-1.114481628012358
2021-02-19,-0.30978801767858655
2021-02-20,-0.08841086682695883
2021-02-21,1.0566640151727984
2021-02-22,1.1002873995042042
2021-02-23,1.1040044907006732
2021-02-24,-1.922490838902965
2021-02-25,-2.2415000548045585
2021-02-26,-2.173237938633209
2021-02-27,-2.7970595241246765
2021-02-28,-0.05231006904709831
2021-03-01,0.3511607687165381
2021-03-02,0.6349278854822886
2021-03-03,0.6392774227735303
2021-03-04,0.6436873891250089
2021-03-05,-2.112421541504037
2021-03-06,-1.314441623818636
2021-03-07,-0.4989602752614775
2021-03-08,-0.696290043904835
2021-03-09,-0.2849774852858314
2021-03-10,0.03053945264934733
2021-03-11,0.5588720609723412
2021-03-12,0.7095813358052696
2021-03-13,0.9753190115027693
2021-03-14,1.2548813351456953
2021-03-15,1.6227483284842918
2021-03-16,0.8967892573498687
2021-03-17,-0.5482195805660753
2021-03-18,-0.7474392443559057
2021-03-19,-0.6663177286785745
2021-03-20,0.9359607076764316
2021-03-21,0.7961913634410301
2021-03-22,0.5961731911816703
2021-03-23,-0.4881745289452001
2021-03-24,-1.2361526973985884
2021-03-25,-0.945467810110648
2021-03-26,-1.8782345663991538
2021-03-27,-1.8729044862444466
2021-03-28,-1.8675033632183897
2021-03-29,-1.8620320781828046
2021-03-30,-1.6466754693046488
2021-03-31,-2.0029355126696835
2021-04-01,-1.9973854780771785
2021-04-02,-0.8254467042359769
2021-04-03,-0.8246371277640072
2021-04-04,0.11979653084282359
2021-04-05,-0.07165985662202382
2021-04-06,1.6522303462806658
2021-04-07,1.4110631503590023
2021-04-08,-0.7595692318154077
2021-04-09,0.6916410201527025
2021-04-10,0.9796218189042704
2021-04-11,0.554390376912488
2021-04-12,0.9028318126724749
2021-04-13,1.500530753177093
2021-04-14,-0.5478361738676164
2021-04-15,-0.8566086493968444
2021-04-16,0.20819999969747233
2021-04-17,-0.6290570586767633
2021-04-18,-0.09472625965665411
2021-04-19,0.7713493107533073
2021-04-20,-1.1937932503316255
2021-04-21,-1.1876420334481428
2021-04-22,0.2826719941726794
2021-04-23,-0.21822572164787002
2021-04-24,-1.0853330725944768
2021-04-25,-0.22374486630957358
2021-04-26,1.0566817101456105
2021-04-27,0.47273547605148813
2021-04-28,0.23492595950884573
2021-04-29,-0.154650021139554
2021-04-30,-1.3783881224194818
2021-05-01,1.0029945724376284
2021-05-02,0.7005472249661628
2021-05-03,-1.5675482747978933
2021-05-04,-1.900319599366052
2021-05-05,0.14760136758032394
2021-05-06,0.025607750418839212
2021-05-07,0.871492989783447
2021-05-08,0.6368579658780547
2021-05-09,0.26465910959408623
2021-05-10,0.7335446499219341
2021-05-11,0.9239524402798771
2021-05-12,1.3166798559408077
2021-05-13,1.2583516833809947
2021-05-14,0.7623429412400339
2021-05-15,1.2928045591160116
2021-05-16,0.9329837048614056
2021-05-17,1.21963104780679
2021-05-18,0.9799691172355213
2021-05-19,1.465097033896783
2021-05-20,0.8872238487245362
2021-05-21,0.0990153537040442
2021-05-22,0.2076576071123612
2021-05-23,-0.40561961407592967
2021-05-24,1.2204048918025034
2021-05-25,0.7624241615009065
2021-05-26,-0.5058841430868017
2021-05-27,-0.7497792700656044
2021-05-28,-1.3782245315152308
2021-05-29,-0.38332222378821174
2021-05-30,-0.4637789436965201
2021-05-31,-0.7805322573261376
2021-06-01,-0.7757296494262216
2021-06-02,0.6518144166906633
2021-06-03,0.44563692462500704
2021-06-04,0.678157902179832
2021-06-05,-0.8590920372675533
2021-06-06,0.25349939946956224
2021-06-07,0.8008622456211008
2021-06-08,0.37191749218629994
2021-06-09,-0.3572487184442072
2021-06-10,-0.40738306859285783
2021-06-11,-1.1571904460290623
2021-06-12,-0.8728941743346753
2021-06-13,-0.6766131174413954
2021-06-14,-0.35605127513318985
2021-06-15,-0.35213517609938905
2021-06-16,-0.5632119477425575
2021-06-17,0.599344724302262
2021-06-18,-0.18416589399574917
2021-06-19,-0.14148450993106565
2021-06-20,0.22351385274034494
2021-06-21,-0.7899113341233899
2021-06-22,-0.4123345585928532
2021-06-23,-0.6519296110861714
2021-06-24,-0.10105856793773807
2021-06-25,0.1809598696937637
2021-06-26,-0.64680169924452
2021-06-27,-0.14023502393530263
2021-06-28,-0.5723709816130558
2021-06-29,0.3660193810549477
2021-06-30,0.5276527233574562
2021-07-01,0.6592835547381893
2021-07-02,0.3664482202903681
2021-07-03,-0.37508918344682873
2021-07-04,0.34270585265103953
2021-07-05,0.8674406502692152
2021-07-06,-0.24385450711980855
2021-07-07,-0.6225482803349387
2021-07-08,0.8920664784248309
2021-07-09,0.9573949998977721
2021-07-10,0.5157916017994588
2021-07-11,0.4940178679818866
2021-07-12,0.32965083170508813
2021-07-13,1.5933958906234242
2021-07-14,1.8313218000794858
2021-07-15,1.3873036253496074
2021-07-16,1.611986607004556
2021-07-17,0.9181829675287811
2021-07-18,0.7746215263267456
2021-07-19,-0.07910521704658366
2021-07-20,-0.5259004411221864
2021-07-21,-0.19930256928873438
2021-07-22,-0.1164795385913785
2021-07-23,-1.286969230600389
2021-07-24,0.6934309262536749
2021-07-25,0.9981183745804574
2021-07-26,0.7002139789392641
2021-07-27,0.3308309193365984
2021-07-28,0.17542784447035897
2021-07-29,-0.9081023774430098
2021-07-30,-0.8596623021281762
2021-07-31,0.5521024648505198
2021-08-01,1.396587032683425
2021-08-02,0.364191836200142
2021-08-03,-0.16388905612380278
2021-08-04,0.700680107003478
2021-08-05,1.2824738827017832
2021-08-06,0.04598540716274663
2021-08-07,0.05317001599319363
2021-08-08,-0.20712665510915915
2021-08-09,-0.5726452638336214
2021-08-10,0.42660151664388135
2021-08-11,-0.2504110781416166
2021-08-12,-1.4451408712087905
2021-08-13,-1.1814473868189057
2021-08-14,-1.0694472986877637
2021-08-15,-0.9233069129694564
2021-08-16,0.719111545899762
2021-08-17,1.642321763612951
2021-08-18,1.4259074247678092
2021-08-19,-0.013541001759735428
2021-08-20,-0.4301364751073825
2021-08-21,-0.9093887095256007
2021-08-22,-0.4494086768417661
2021-08-23,0.8349754641270053
2021-08-24,-0.08734385444800172
2021-08-25,-0.8394991771753914
2021-08-26,0.5119582572435746
2021-08-27,1.6565488148436283
2021-08-28,1.4080204074852822
2021-08-29,-0.8046318045099045
2021-08-30,-0.9546006777282138
2021-08-31,-0.5033688565866642
2021-09-01,-0.15722693990719372
2021-09-02,0.7403358990944846
2021-09-03,0.5904829856924757
2021-09-04,-0.2060305230103072
2021-09-05,-0.20910729876643785
2021-09-06,-0.4907532369158201
2021-09-07,-0.664784798982385
2021-09-08,-0.47603185424070227
2021-09-09,0.9499403538112995
2021-09-10,0.3926464483631621
2021-09-11,0.10597336894656091
2021-09-12,-0.3450344942020112
2021-09-13,-1.1652411767677882
2021-09-14,-0.7714404052903975
2021-09-15,0.5088825920124775
2021-09-16,0.26003101432152215
2021-09-17,-0.14801767079289196
2021-09-18,-0.9699210423592265
2021-09-19,0.875053485924022
2021-09-20,1.27164726339752
2021-09-21,-0.2741868078261428
2021-09-22,-0.2237745357169237
2021-09-23,0.22955759342735954
2021-09-24,0.507955557458887
2021-09-25,0.28909272011648457
2021-09-26,0.4752006709957431
2021-09-27,0.19548751174581097
2021-09-28,-0.35232416182333604
2021-09-29,0.9280059765726628
2021-09-30,0.5769948677146889
2021-10-01,-0.9963735130159943
2021-10-02,-2.020751491424994
2021-10-03,0.031054066304809173
2021-10-04,1.0183528317644688
2021-10-05,0.45180697805316006
2021-10-06,1.5157137532185028
2021-10-07,1.4104908917004715
2021-10-08,0.5093178519853728
2021-10-09,0.5986603282081253
2021-10-10,0.6062680081055011
2021-10-11,-0.3087488440821046
2021-10-12,-0.9963125416621776
2021-10-13,-1.0017725311076602
2021-10-14,1.2087063492730035
2021-10-15,0.6707211721857348
2021-10-16,-0.5104431689830344
2021-10-17,-1.0636361675868315
2021-10-18,-1.4205124677889125
2021-10-19,-2.090927042755593
2021-10-20,-0.7960366379573967
2021-10-21,0.3679533951079158
2021-10-22,-0.6459624950936447
2021-10-23,-0.5283431765087085
2021-10-24,0.914004316964729
2021-10-25,0.2527534507985775
2021-10-26,-0.9305537160638447
2021-10-27,-0.43781609795220905
2021-10-28,-0.16526526102869174
2021-10-29,-0.17109539612711952
2021-10-30,-0.17693744372448691
2021-10-31,0.20673714790890693
2021-11-01,1.1915736962268149
2021-11-02,1.0712935528167367
2021-11-03,1.0312614209800037
2021-11-04,0.056903310204578374
2021-11-05,-1.384066759505956
2021-11-06,0.8639650294159893
2021-11-07,0.1662399346023634
2021-11-08,-0.46319225973173794
2021-11-09,0.9511666675329589
2021-11-10,1.0742604170505368
2021-11-11,-0.14629720669155505
2021-11-12,-0.12882563097219538
2021-11-13,-0.15629384814984687
2021-11-14,-0.4084911539006186
2021-11-15,0.3187766988657346
2021-11-16,0.28517863136381494
2021-11-17,-0.7051658460173396
2021-11-18,-1.2990640197496284
2021-11-19,-1.30486554916049
2021-11-20,-1.3106512730631912
2021-11-21,-1.5658364399890377
2021-11-22,-1.1949752962634401
2021-11-23,-0.22046230788622662
2021-11-24,0.3812411430156767
2021-11-25,0.3755536279827685
2021-11-26,1.3210834077425586
2021-11-27,0.6713687347061215
2021-11-28,1.1688752377321883
2021-11-29,1.1235486296768322
2021-11-30,0.7839082156802787
2021-12-01,1.1608939309993997
2021-12-02,1.1288765775249074
2021-12-03,1.1234112202488706
2021-12-04,1.117979113073556
2021-12-05,0.7858578108053335
2021-12-06,1.2026477970039609
2021-12-07,1.3127387260733094
2021-12-08,1.2667903449170592
2021-12-09,1.4834418220299235
2021-12-10,1.2695915534781101
2021-12-11,1.2696432545000715
2021-12-12,-1.1564322704523768
2021-12-13,-1.6457585599754514
2021-12-14,-1.5392234068504407
2021-12-15,-1.891298645713816
2021-12-16,-0.651214265522912
2021-12-17,-1.2332003849637871
2021-12-18,-0.5784336521978408
2021-12-19,-0.7298905658502849
2021-12-20,-0.01695050343646615
2021-12-21,-1.0385403697066644
2021-12-22,-2.101382069811262
2021-12-23,-1.1896760650960423
2021-12-24,0.053168072456056495
2021-12-25,0.6347734800230295
2021-12-26,0.48586754600726184
2021-12-27,0.7886606682788421
2021-12-28,1.1224084675252517
2021-12-29,1.435576137148181
2021-12-30,0.03682818311235902
2021-12-31,-1.839371984869607
