date,energy
2015-01-01,0.14763710857932216
2015-01-02,0.14300652821379523
2015-01-03,0.13848208250518826
2015-01-04,0.7256594771012418
2015-01-05,0.6626546877062014
2015-01-06,0.280322238002595
2015-01-07,-1.5229043581018318
2015-01-08,-0.7902466924620376
2015-01-09,0.2460937389059553
2015-01-10,0.48189686287624744
2015-01-11,0.8678262949229901
2015-01-12,-0.13880769848793398
2015-01-13,-0.37495645763292784
2015-01-14,0.25816020403008944
2015-01-15,0.16732688587655153
2015-01-16,0.8810594778136119
2015-01-17,0.8159363731413157
2015-01-18,-0.32344963023726697
2015-01-19,-0.8697367730225789
2015-01-20,-0.044218496740653555
2015-01-21,0.4805531712725626
2015-01-22,0.2826641380132161
2015-01-23,1.1327532643888205
2015-01-24,0.7501863155538949
2015-01-25,0.9783405720418511
2015-01-26,0.9342113105416661
2015-01-27,-0.210274718968073
2015-01-28,0.464238003135744
2015-01-29,0.8212235308874153
2015-01-30,1.1518115912545492
2015-01-31,0.2606734834844559
2015-02-01,0.3628998924694162
2015-02-02,0.09932136713572444
2015-02-03,0.5944525793527718
2015-02-04,1.0457980185335936
2015-02-05,0.9215055984348169
2015-02-06,0.966987567579348
2015-02-07,0.8859738407886265
2015-02-08,0.41472471198591326
2015-02-09,1.005506412812755
2015-02-10,0.5036207744651054
2015-02-11,-0.27204989223023457
2015-02-12,-1.221235637240964
2015-02-13,-1.9939065901102058
2015-02-14,0.012714379483419072
2015-02-15,0.21944457210703786
2015-02-16,0.9493386136167856
2015-02-17,0.717491932231977
2015-02-18,1.047149093652733
2015-02-19,-0.15821542960850726
2015-02-20,-1.4366769667212311
2015-02-21,0.7936235787628123
2015-02-22,0.5287611497551438
2015-02-23,-0.15722103330329934
2015-02-24,0.2888095781902549
2015-02-25,1.0245206747837081
2015-02-26,0.8031016204926453
2015-02-27,-0.061450723606318806
2015-02-28,-1.1237841538129483
2015-03-01,-0.056578034056201466
2015-03-02,1.0721788807783266
2015-03-03,0.26317831490778815
2015-03-04,0.35871283199380594
2015-03-05,0.800454420072307
2015-03-06,1.1825698789083965
2015-03-07,1.2406575519294123
2015-03-08,0.9066568198106348
2015-03-09,0.4654511547356561
2015-03-10,-0.37933340731120396
2015-03-11,-0.3146785373505749
2015-03-12,0.9877310702233858
2015-03-13,-0.16052067747334084
2015-03-14,-1.1223792779845234
2015-03-15,0.9610969561881246
2015-03-16,0.9194226401028412
2015-03-17,0.8143825538250473
2015-03-18,-0.06858865068157778
2015-03-19,-1.0432276111003325
2015-03-20,-0.17742064590125295
2015-03-21,-0.07641278064588444
2015-03-22,0.7338049898639167
2015-03-23,0.20579810326490616
2015-03-24,0.17294383630636423
2015-03-25,1.1825000241604082
2015-03-26,0.2806131382625411
2015-03-27,0.9107391094228252
2015-03-28,1.0221523581311476
2015-03-29,-0.0976232631581705
2015-03-30,0.9712792430145322
2015-03-31,0.9132564346327483
2015-04-01,0.8396270633311556
2015-04-02,-0.2718557309906724
2015-04-03,-0.18559834674097025
2015-04-04,0.5788410968093664
2015-04-05,1.1228956405854444
2015-04-06,1.2341353278778153
2015-04-07,1.0014743543815836
2015-04-08,0.5808050844712441
2015-04-09,-0.12200120799080788
2015-04-10,-0.9951697312070487
2015-04-11,-0.2806371887802206
2015-04-12,-1.1116399251446119
2015-04-13,-0.655370497274382
2015-04-14,-0.3164309549699595
2015-04-15,-1.0774446161579105
2015-04-16,-0.3785936327660091
2015-04-17,0.6154462354219733
2015-04-18,-0.19607884051138466
2015-04-19,0.9270730556448561
2015-04-20,0.24427427602251509
2015-04-21,0.16268099529225996
2015-04-22,-0.19458084857775398
2015-04-23,0.28975286768601133
2015-04-24,-0.40173115487315386
2015-04-25,-1.5124645473240048
2015-04-26,-0.22964372905121
2015-04-27,1.0019500948059978
2015-04-28,0.437878814929978
2015-04-29,-0.17785949387892783
2015-04-30,0.36867332215926474
2015-05-01,0.7876159398010566
2015-05-02,0.641720892214098
2015-05-03,0.04385544789843709
2015-05-04,0.17969412710696223
2015-05-05,0.8388884992560635
2015-05-06,-0.0795283795384468
2015-05-07,0.4950533216438299
2015-05-08,-0.34441795283964627
2015-05-09,0.07826874483320494
2015-05-10,0.4935206972438998
2015-05-11,0.18954054033490705
2015-05-12,-0.24011465957911357
2015-05-13,0.037454198368339534
2015-05-14,0.5409781408820123
2015-05-15,0.9163079037365519
2015-05-16,0.15683347577704163
2015-05-17,1.1798231324652193
2015-05-18,0.14692927513484946
2015-05-19,-0.5079879295772394
2015-05-20,0.7199785231797572
2015-05-21,0.5065061790963415
2015-05-22,0.9895864335453285
2015-05-23,0.05483558962037029
2015-05-24,0.24409830307158786
2015-05-25,-0.5688470765292645
2015-05-26,-1.1771646222884498
2015-05-27,0.7575034790725175
2015-05-28,0.38394454730052
2015-05-29,-0.4513129584994472
2015-05-30,-0.7119893654073542
2015-05-31,-1.3667669711815476
2015-06-01,-2.3409726359384635
2015-06-02,-1.0580326128180013
2015-06-03,-1.006012406173602
2015-06-04,-0.8172889558100325
2015-06-05,-0.0041719282018456896
2015-06-06,-0.6827455983406945
2015-06-07,-0.6441973864796462
2015-06-08,-0.8493089844541347
2015-06-09,-1.4427619654141766
2015-06-10,-1.2135183060772425
2015-06-11,-0.719756000893982
2015-06-12,0.441723239254299
2015-06-13,0.5222025583293953
2015-06-14,0.7481253245058834
2015-06-15,0.2780919893515822
2015-06-16,-0.4430525633811219
2015-06-17,0.39600040464861536
2015-06-18,0.5757389111971996
2015-06-19,-0.5583863901910189
2015-06-20,-0.2811904273068049
2015-06-21,0.3301439344409833
2015-06-22,-0.2473788949816098
2015-06-23,0.8829756584923983
2015-06-24,0.44397261354162526
2015-06-25,0.02256922165706065
2015-06-26,0.36128121614090597
2015-06-27,0.09324605847560502
2015-06-28,-0.3961858516231856
2015-06-29,-0.37788637328340086
2015-06-30,-0.7518868081435799
2015-07-01,-0.3828116684117746
2015-07-02,-0.9174267477305983
2015-07-03,-0.23198203310497176
2015-07-04,-0.15797730958826242
2015-07-05,-0.635155417964764
2015-07-06,-0.7672631360403708
2015-07-07,-0.722542429863311
2015-07-08,0.24442449887148748
2015-07-09,0.4034071201944614
2015-07-10,1.02912163150198
2015-07-11,-0.2890541729435894
2015-07-12,-0.45734973087433034
2015-07-13,-0.6808915760522857
2015-07-14,-0.971708829169432
2015-07-15,-0.8924533069662828
2015-07-16,-0.7961926911357107
2015-07-17,-0.6485782990813397
2015-07-18,-0.7467821529812176
2015-07-19,-0.45103404887735893
2015-07-20,-0.6795406348616558
2015-07-21,-0.6000967164213891
2015-07-22,-0.758077622321054
2015-07-23,-0.6332493232052318
2015-07-24,-0.539302246287475
2015-07-25,0.24798067658738063
2015-07-26,0.6200659831866256
2015-07-27,1.2522984069819256
2015-07-28,0.8003292822712739
2015-07-29,0.9872874134153399
2015-07-30,0.41843852197521236
2015-07-31,0.0344409892955915
2015-08-01,0.08438988525849078
2015-08-02,-0.8796577665951371
2015-08-03,-0.3191202021424771
2015-08-04,-0.12412498251150922
2015-08-05,-0.2755474409713683
2015-08-06,0.46509998932403473
2015-08-07,0.5041129450019405
2015-08-08,0.020606580025723287
2015-08-09,-0.13322005739329917
2015-08-10,0.1723649943150292
2015-08-11,0.7395696112512069
2015-08-12,0.6402788391343177
2015-08-13,0.7689182286405382
2015-08-14,-0.13314914587606064
2015-08-15,0.3260958092168891
2015-08-16,0.628290375899182
2015-08-17,1.0107443147314963
2015-08-18,0.039307735406965465
2015-08-19,0.3386584124123162
2015-08-20,0.007244262208161754
2015-08-21,0.29141810063329593
2015-08-22,0.5485828304896048
2015-08-23,0.09290660766265997
2015-08-24,1.026658617930774
2015-08-25,0.6791621043709622
2015-08-26,-1.078044802882069
2015-08-27,-1.0207358455437463
2015-08-28,-1.805150923671912
2015-08-29,-1.024175746711992
2015-08-30,-1.2855819606874495
2015-08-31,-1.8107903840981645
2015-09-01,-0.4422872403200869
2015-09-02,0.621927528380327
2015-09-03,0.5518443498445061
2015-09-04,0.5435752322519202
2015-09-05,1.557951016898942
2015-09-06,0.6442875251647137
2015-09-07,0.4431714330920553
2015-09-08,1.2967507224098889
2015-09-09,1.3600370715096244
2015-09-10,1.1591731876917093
2015-09-11,-1.02874659959996
2015-09-12,-0.4410823066439262
2015-09-13,1.275650339947756
2015-09-14,1.65451047847509
2015-09-15,1.1142006217502223
2015-09-16,1.5299623210324507
2015-09-17,1.5778391648085712
2015-09-18,0.9356982238603337
2015-09-19,0.3703970943679804
2015-09-20,1.184818950299241
2015-09-21,1.5173148774866474
2015-09-22,0.6105260371325828
2015-09-23,1.5133018746426437
2015-09-24,1.0888691382455953
2015-09-25,0.856667188672128
2015-09-26,1.2169763494735424
2015-09-27,1.5687033666114811
2015-09-28,1.7421799100891053
2015-09-29,1.6945332363624093
2015-09-30,1.6123372770300008
2015-10-01,1.7609612503444245
2015-10-02,1.550466602236705
2015-10-03,0.16727138395711255
2015-10-04,1.4646710998507741
2015-10-05,0.35926568058717284
2015-10-06,0.2343986309404666
2015-10-07,0.5279038860245977
2015-10-08,-0.5495382964714318
2015-10-09,0.5339082137565496
2015-10-10,1.899646515570097
2015-10-11,0.7124570750173203
2015-10-12,-0.30084765560719917
2015-10-13,1.2047983691526047
2015-10-14,0.8920394300662424
2015-10-15,1.124927731554755
2015-10-16,1.0945361166657184
2015-10-17,-1.0795548364657943
2015-10-18,-0.6304313162579196
2015-10-19,-1.089926396418333
2015-10-20,1.2656030323135268
2015-10-21,1.6271727187674123
2015-10-22,1.7588711144428522
2015-10-23,1.6608481669589066
2015-10-24,0.7734803556127732
2015-10-25,0.7678280060806355
2015-10-26,-2.1095507944017147
2015-10-27,-0.09597673907866627
2015-10-28,1.0114578175616875
2015-10-29,0.3634726221388761
2015-10-30,1.25719357696228
2015-10-31,1.4185778576860288
2015-11-01,1.4032010652337734
2015-11-02,0.7400467961143791
2015-11-03,-0.8568700157047815
2015-11-04,-1.4688465735805785
2015-11-05,-2.6786682844795004
2015-11-06,-0.6770680926683526
2015-11-07,-0.862294457470703
2015-11-08,-1.4923233559316376
2015-11-09,-0.14579960080106585
2015-11-10,-0.523208240538151
2015-11-11,-2.2030025596915435
2015-11-12,-2.113523275669272
2015-11-13,-2.0323586857800304
2015-11-14,-1.7096932269552376
2015-11-15,-1.4686817632096576
2015-11-16,-3.148526260581081
2015-11-17,-1.2825797064032693
2015-11-18,-0.9089343490648893
2015-11-19,-1.1511481436181021
2015-11-20,1.129967773434422
2015-11-21,1.3240735174183837
2015-11-22,0.4001890926525615
2015-11-23,0.556508868855961
2015-11-24,0.8185649442455825
2015-11-25,-0.47047244879989286
2015-11-26,1.3771425064550888
2015-11-27,1.0718549138531277
2015-11-28,-0.15708718631570778
2015-11-29,-0.7952265469357422
2015-11-30,0.24750613313076866
2015-12-01,-0.34385378402175626
2015-12-02,-2.466662845620704
2015-12-03,-5.037214285944439
2015-12-04,-5.042812499063576
2015-12-05,-2.8511710643322616
2015-12-06,-1.8758876019464845
2015-12-07,-0.6526988538472187
2015-12-08,-1.057502414574162
2015-12-09,-2.074437667922406
2015-12-10,0.7387344242060733
2015-12-11,-0.22854504501992692
2015-12-12,0.5418845897733174
2015-12-13,0.00900065847198413
2015-12-14,-2.3878802881605616
2015-12-15,-2.535980787619135
2015-12-16,-0.7239020148174632
2015-12-17,-1.3973281356291054
2015-12-18,-1.7485259975412966
2015-12-19,-2.5556944509340744
2015-12-20,-1.7931455614826493
2015-12-21,-1.069549948218524
2015-12-22,-0.5702307355962234
2015-12-23,-0.19039472238950117
2015-12-24,-0.23842130767590694
2015-12-25,-1.3869520548810599
2015-12-26,-2.017028366984903
2015-12-27,-3.5473798201449265
2015-12-28,-1.8288311077723038
2015-12-29,-0.3611099026450382
2015-12-30,0.1291803604130073
2015-12-31,0.1401220850889174
2016-01-01,-1.5934192028883762
2016-01-02,0.9505234191021404
2016-01-03,0.6146773236692213
2016-01-04,0.7958973885110115
2016-01-05,0.36139610025312685
2016-01-06,0.30628274342817635
2016-01-07,0.22222148656869548
2016-01-08,0.6125738868782832
2016-01-09,0.9937729564653659
2016-01-10,1.0726315385809486
2016-01-11,1.2027344830888227
2016-01-12,1.0889947243088278
2016-01-13,0.8566153877301863
2016-01-14,1.162700723539616
2016-01-15,0.27131760295988966
2016-01-16,1.0579562205430835
2016-01-17,0.4186713527507867
2016-01-18,0.09384897176502612
2016-01-19,-0.36394902129882023
2016-01-20,-1.6227495545125312
2016-01-21,-2.0576774656056194
2016-01-22,-0.25405069360854415
2016-01-23,-1.6841555447934367
2016-01-24,-1.0981059180707429
2016-01-25,-0.28002984988892143
2016-01-26,-0.5904280198312094
2016-01-27,0.06744091148129233
2016-01-28,-0.4348731277674057
2016-01-29,-1.089374447475568
2016-01-30,0.6170548463095388
2016-01-31,0.8631986561291787
2016-02-01,-0.48078712841156585
2016-02-02,0.5998049826413451
2016-02-03,0.7306942526642636
2016-02-04,0.48256193347711235
2016-02-05,-0.23079247447552548
2016-02-06,0.33949586519838054
2016-02-07,1.228949098485129
2016-02-08,0.7936491159902751
2016-02-09,1.0202224395116908
2016-02-10,0.9149926965944805
2016-02-11,-0.2530031948880563
2016-02-12,1.0232363407088623
2016-02-13,0.7441362908107799
2016-02-14,0.9731626109527852
2016-02-15,0.5234348553590034
2016-02-16,0.4195053600297137
2016-02-17,-0.10384186868639597
2016-02-18,0.1366673401662908
2016-02-19,0.6648589183189872
2016-02-20,-0.47730539638584607
2016-02-21,0.12385926814585026
2016-02-22,0.3502030764999343
2016-02-23,0.8651783945552581
2016-02-24,-0.29170957114659557
2016-02-25,-0.044366645350522094
2016-02-26,-0.7871191414516758
2016-02-27,0.636812098974927
2016-02-28,1.049792240465224
2016-02-29,0.7540495402248846
2016-03-01,-0.9178305950141613
2016-03-02,0.16446305033151465
2016-03-03,1.0177184039093772
2016-03-04,0.018567916030179963
2016-03-05,1.2587949803987544
2016-03-06,0.6228332301032818
2016-03-07,-0.15765139484199414
2016-03-08,0.1002180209423388
2016-03-09,0.7176716591538481
2016-03-10,0.7090213208760004
2016-03-11,0.9624681508248426
2016-03-12,1.2407960809901284
2016-03-13,1.2687892246322239
2016-03-14,1.0240801788042702
2016-03-15,0.12816845106739266
2016-03-16,0.42758674974764077
2016-03-17,0.9815128641892441
2016-03-18,-0.1539427560039692
2016-03-19,-1.2437403186963862
2016-03-20,-0.6367770389497855
2016-03-21,-0.35681882038807483
2016-03-22,0.9759017443061677
2016-03-23,1.1491309597415797
2016-03-24,0.9688669323284338
2016-03-25,-0.30010479991752537
2016-03-26,-1.8278097069731383
2016-03-27,-0.34803576858445434
2016-03-28,0.3078950340879435
2016-03-29,-0.050462954439830766
2016-03-30,0.4622501759962728
2016-03-31,0.90668875899126
2016-04-01,0.62214498297752
2016-04-02,0.035717377895646836
2016-04-03,-1.1451966851266158
2016-04-04,0.30496361108989484
2016-04-05,0.5229388313098478
2016-04-06,-1.828554972104648
2016-04-07,-1.8615848333180105
2016-04-08,-0.6767151138735795
2016-04-09,0.5987664362012916
2016-04-10,-0.6362536437573929
2016-04-11,-0.08093339068099596
2016-04-12,0.536892400014446
2016-04-13,0.5268499227788749
2016-04-14,0.7256506938945143
2016-04-15,0.14974079332901527
2016-04-16,1.100166799995734
2016-04-17,0.8711123577156508
2016-04-18,0.03123506127692304
2016-04-19,0.6340906024417851
2016-04-20,0.5268950573979625
2016-04-21,0.1590621301266158
2016-04-22,-0.7049056560101216
2016-04-23,0.9802680672784804
2016-04-24,0.38982994849417796
2016-04-25,0.8846947297671707
2016-04-26,0.8837833758512873
2016-04-27,1.1523295617253713
2016-04-28,-0.06331177656796043
2016-04-29,-0.7930611368540634
2016-04-30,-0.9711363028497259
2016-05-01,0.21176273293691458
2016-05-02,0.595522778580242
2016-05-03,0.4767666294620813
2016-05-04,0.688234125224143
2016-05-05,0.43671304443628556
2016-05-06,0.31241317783714956
2016-05-07,-1.2063380056923025
2016-05-08,-1.2928278880116528
2016-05-09,-0.29860291148377693
2016-05-10,0.8074755464385374
2016-05-11,0.5925285213247231
2016-05-12,0.8764437261155642
2016-05-13,1.1319553987765612
2016-05-14,0.3947333049336804
2016-05-15,-0.3449520442764346
2016-05-16,-0.275902975864135
2016-05-17,-0.713227533881368
2016-05-18,-0.5545478694101638
2016-05-19,0.9353699476423963
2016-05-20,1.1614747832945118
2016-05-21,0.4355197760892353
2016-05-22,-0.6102887515174849
2016-05-23,1.3850894632720683
2016-05-24,0.8595312034515128
2016-05-25,-0.6221014857754107
2016-05-26,-1.0979467031347832
2016-05-27,-0.5244607872172251
2016-05-28,-0.7189900917702801
2016-05-29,0.7223134160744018
2016-05-30,1.2259553631808537
2016-05-31,0.9702219751105974
2016-06-01,0.39367655316511657
2016-06-02,0.3580822023038042
2016-06-03,-0.3777041001222823
2016-06-04,-1.144508181158936
2016-06-05,-1.4999656667762298
2016-06-06,-1.158982049309862
2016-06-07,-0.9218474129289227
2016-06-08,-1.89191131694064
2016-06-09,-0.5011317687861141
2016-06-10,-1.0500888518985414
2016-06-11,0.33510112943341647
2016-06-12,0.816838719216368
2016-06-13,-0.09523023646887278
2016-06-14,0.7366834986361096
2016-06-15,1.2359773791641617
2016-06-16,1.0546546387266835
2016-06-17,1.1371437677063994
2016-06-18,0.006780345210108521
2016-06-19,-0.4592205834472839
2016-06-20,-0.7429397395415321
2016-06-21,-0.6745246205664641
2016-06-22,0.1608172347935349
2016-06-23,0.5722478789902112
2016-06-24,-0.8520031757028376
2016-06-25,-0.6915942062415479
2016-06-26,-0.06163458084589874
2016-06-27,0.3586600148177922
2016-06-28,-0.3086810719619789
2016-06-29,-1.3395025277957857
2016-06-30,-1.164503535213072
2016-07-01,-1.8545944711188629
2016-07-02,-0.9458953066035385
2016-07-03,-0.2822546004720082
2016-07-04,-0.6313490203169786
2016-07-05,-0.8955248340673992
2016-07-06,-1.64903348765036
2016-07-07,-1.646307813638385
2016-07-08,-0.8873532478754276
2016-07-09,-0.8645511524780513
2016-07-10,-2.1349946654350624
2016-07-11,-1.9990084912314705
2016-07-12,-0.7802504286891878
2016-07-13,0.750485401785947
2016-07-14,0.8336618167479277
2016-07-15,1.5417717981347356
2016-07-16,0.7727284114431415
2016-07-17,-0.23692907708629232
2016-07-18,-0.43937963196727986
2016-07-19,0.23528641755336635
2016-07-20,-0.9034253632585539
2016-07-21,-0.6089327851330498
2016-07-22,-0.2733003853377819
2016-07-23,0.7438032578625546
2016-07-24,0.5701541896520098
2016-07-25,-0.7577577707307784
2016-07-26,-0.555926247116895
2016-07-27,-1.4864474015119002
2016-07-28,-0.7733059038545492
2016-07-29,-1.7470339812830182
2016-07-30,-0.8102258416231408
2016-07-31,0.020762953218151182
2016-08-01,-0.1158637532507248
2016-08-02,0.09594221465488229
2016-08-03,-1.0263502882249673
2016-08-04,-1.1286609261404636
2016-08-05,0.7619516456275622
2016-08-06,1.190441357632168
2016-08-07,1.5995308805974016
2016-08-08,1.07511393963669
2016-08-09,-0.8888386228645685
2016-08-10,0.650033352125296
2016-08-11,1.1661593077431474
2016-08-12,1.0924587555094754
2016-08-13,0.4967747943565177
2016-08-14,-1.076437628843982
2016-08-15,-1.1028377243329788
2016-08-16,-0.31007992926327305
2016-08-17,0.24215440225022092
2016-08-18,-0.3113086935010467
2016-08-19,-0.04241316022849473
2016-08-20,-1.3425870102364863
2016-08-21,-0.5401092330352287
2016-08-22,1.3939712794937213
2016-08-23,1.5407106597811466
2016-08-24,1.4519918391612379
2016-08-25,1.2186687740986242
2016-08-26,0.8393474616280763
2016-08-27,-0.33445659899930646
2016-08-28,-1.3877282171216758
2016-08-29,-0.6459400344899588
2016-08-30,-1.095082816332489
2016-08-31,0.40426602770590453
2016-09-01,-0.5429543040263289
2016-09-02,-0.9358181446017014
2016-09-03,-0.9598758988075068
2016-09-04,-0.4646139791535416
2016-09-05,0.29170552488161555
2016-09-06,1.1748263784330597
2016-09-07,1.6262866364733668
2016-09-08,1.1326163017503659
2016-09-09,0.8212683764038008
2016-09-10,0.8440022816406403
2016-09-11,0.3725707074685952
2016-09-12,0.1733451501580952
2016-09-13,-0.6817045373149724
2016-09-14,-1.9624872629992625
2016-09-15,0.685892929114876
2016-09-16,0.8573414731784331
2016-09-17,1.1134613201258008
2016-09-18,0.46421912429644757
2016-09-19,-0.1393608877854071
2016-09-20,-1.1780729656809432
2016-09-21,-0.7761433394150954
2016-09-22,0.5888260447910937
2016-09-23,-1.8307792499724225
2016-09-24,-0.5398165104011385
2016-09-25,-0.13364083422625123
2016-09-26,-0.9462121019594512
2016-09-27,-0.3876656918449114
2016-09-28,-0.14558573769222768
2016-09-29,-2.077663174683921
2016-09-30,-0.635002628685952
2016-10-01,0.49300096208762034
2016-10-02,-0.3094400917514994
2016-10-03,1.0931126512911546
2016-10-04,0.26323111375120806
2016-10-05,0.06426846658421889
2016-10-06,0.8734501505988386
2016-10-07,0.9987837821029693
2016-10-08,-0.11330954178959325
2016-10-09,0.359853683684184
2016-10-10,1.163163042971638
2016-10-11,1.2097571379813672
2016-10-12,0.1921334224157532
2016-10-13,1.3247979847156923
2016-10-14,1.3093885555177225
2016-10-15,-1.124106059253197
2016-10-16,-1.5692938410140655
2016-10-17,-2.996510457214541
2016-10-18,-0.9409098031301746
2016-10-19,0.39776176217450143
2016-10-20,0.5812831554532087
2016-10-21,-1.5986142451728342
2016-10-22,-3.3624553806096893
2016-10-23,0.4901598766066931
2016-10-24,0.9795947077976002
2016-10-25,0.9421071362627716
2016-10-26,-0.08367661708044534
2016-10-27,1.9259401614063436
2016-10-28,1.8548583205011568
2016-10-29,0.8954662943469097
2016-10-30,0.8890366516916637
2016-10-31,-0.41312355480577895
2016-11-01,-0.5688659848890341
2016-11-02,1.1448660971503815
2016-11-03,0.5204066195791168
2016-11-04,-0.2262385251001035
2016-11-05,1.417315380692876
2016-11-06,1.5562091968335616
2016-11-07,0.8523785986281304
2016-11-08,-0.9869235285570467
2016-11-09,0.22517378343653768
2016-11-10,0.6254973513381622
2016-11-11,1.1806549591196804
2016-11-12,-0.24861574713526158
2016-11-13,-0.26330181194235247
2016-11-14,1.1949025662493782
2016-11-15,0.9181686199292812
2016-11-16,-1.3075056039247563
2016-11-17,-0.03715283630152926
2016-11-18,1.1321502896118614
2016-11-19,1.2330887939429107
2016-11-20,-0.18746522263871948
2016-11-21,0.8277134357096145
2016-11-22,0.9376681668117629
2016-11-23,0.9173656455355708
2016-11-24,1.2582736712281408
2016-11-25,-0.0007480990866629467
2016-11-26,-1.2550161575028564
2016-11-27,-3.1337533048779465
2016-11-28,0.8343641613901698
2016-11-29,1.299561382902675
2016-11-30,0.35726787989126274
2016-12-01,0.8820071168163337
2016-12-02,0.5548774149968317
2016-12-03,-0.48328098673319014
2016-12-04,-0.0031582392547169214
2016-12-05,-0.32568634761457993
2016-12-06,-0.763136809731615
2016-12-07,0.5998642546027829
2016-12-08,-0.7875597716683432
2016-12-09,-0.7722539034179184
2016-12-10,-0.637241898206401
2016-12-11,-0.15397296307803848
2016-12-12,-0.24489486206838135
2016-12-13,-0.7455551293403322
2016-12-14,-0.7016977119942249
2016-12-15,-1.6694403391942951
2016-12-16,0.929802144191842
2016-12-17,0.8710232350653911
2016-12-18,-2.3561162566240927
2016-12-19,0.8802103864533897
2016-12-20,1.1621476644822808
2016-12-21,0.7071389641570338
2016-12-22,-0.6580620708217096
2016-12-23,-0.6118413873895795
2016-12-24,-1.006387469482037
2016-12-25,-0.6757513180974485
2016-12-26,-0.9573628360027174
2016-12-27,-0.2699233916759837
2016-12-28,0.27560024777994696
2016-12-29,1.0492069685470862
2016-12-30,1.0607246193614346
2016-12-31,0.10560031495696262
2017-01-01,-0.8380203246953177
2017-01-02,0.8948622478629978
2017-01-03,0.9364864277979691
2017-01-04,0.17882451564773652
2017-01-05,1.1184425115562981
2017-01-06,0.8691774943739182
2017-01-07,0.16763735060841548
2017-01-08,-0.021544380958721732
2017-01-09,-0.7279609659153674
2017-01-10,0.6624782251910803
2017-01-11,0.29891854699920767
2017-01-12,0.6834381536844849
2017-01-13,1.070616215000427
2017-01-14,-0.07839486593799998
2017-01-15,1.1163074252370158
2017-01-16,1.3531889082088084
2017-01-17,0.7127273376903109
2017-01-18,0.4202613727958252
2017-01-19,0.8294634924741239
2017-01-20,0.6022309650638504
2017-01-21,0.7075638528914876
2017-01-22,0.8865787678276248
2017-01-23,0.8243586657289524
2017-01-24,0.46151747956712036
2017-01-25,0.5881049534651659
2017-01-26,-0.6346358540988702
2017-01-27,-0.5376157734001183
2017-01-28,-0.05640565318316911
2017-01-29,-1.8755832273418895
2017-01-30,-0.8589951039452449
2017-01-31,0.795607480987118
2017-02-01,0.7244072867194122
2017-02-02,0.8270958236407014
2017-02-03,0.9803415411854662
2017-02-04,0.968761211601896
2017-02-05,0.9330375251318594
2017-02-06,0.5127024747545627
2017-02-07,0.4738939590527186
2017-02-08,0.6816718431887457
2017-02-09,1.1362177254812094
2017-02-10,0.2050268208761873
2017-02-11,-1.682994012180619
2017-02-12,-0.41857068743057235
2017-02-13,-0.6945727402115327
2017-02-14,-0.3178250756162247
2017-02-15,-2.4184900062128944
2017-02-16,-0.8350820600600525
2017-02-17,0.23689446409208567
2017-02-18,0.057021128641472116
2017-02-19,-1.1090820460360489
2017-02-20,-3.2483232882173168
2017-02-21,-0.38515472443694654
2017-02-22,-0.16892530040578113
2017-02-23,0.36325689533436184
2017-02-24,0.8271752426454588
2017-02-25,1.0290546294730634
2017-02-26,-0.15389583477827914
2017-02-27,-0.796238951604468
2017-02-28,1.1773665651129033
2017-03-01,1.0181816726361232
2017-03-02,0.4077866658839227
2017-03-03,-1.1760516868573847
2017-03-04,1.0558235941694354
2017-03-05,0.7488772160128561
2017-03-06,1.0652912357781248
2017-03-07,0.6047700177599517
2017-03-08,0.9106368458273717
2017-03-09,-0.8246263354595571
2017-03-10,0.38986991831142
2017-03-11,0.48203608039894463
2017-03-12,-2.510259281479895
2017-03-13,-0.03440903454876536
2017-03-14,-0.6160942806969076
2017-03-15,-0.6912187469485938
2017-03-16,-1.037123060433516
2017-03-17,0.3985204592781398
2017-03-18,0.5590502481749473
2017-03-19,-0.09499265750592793
2017-03-20,-1.449963242646745
2017-03-21,-2.6378615674866412
2017-03-22,-0.5038623066931607
2017-03-23,0.30612004252275926
2017-03-24,-0.9358132327781717
2017-03-25,-0.10101469057044526
2017-03-26,0.3109054084640063
2017-03-27,1.1009520299819997
2017-03-28,0.2355176678411961
2017-03-29,-0.534669379856784
2017-03-30,-0.5443124932267356
2017-03-31,-2.286131066792872
2017-04-01,-0.08818992653942478
2017-04-02,-0.22864071176794618
2017-04-03,0.8491612789614816
2017-04-04,-1.0680426429928425
2017-04-05,-0.3754925646152912
2017-04-06,-1.9854656775402744
2017-04-07,-0.7653163341634228
2017-04-08,-1.818732159515175
2017-04-09,-1.193222308829182
2017-04-10,-0.24909560713856635
2017-04-11,-0.8885879223512917
2017-04-12,-1.0171069491187008
2017-04-13,0.07054094485766893
2017-04-14,0.11674998711049607
2017-04-15,-0.9085588195615222
2017-04-16,-0.4300696147025011
2017-04-17,0.2473280721204629
2017-04-18,0.6650497088816517
2017-04-19,0.4278501858042491
2017-04-20,0.0015721609045480352
2017-04-21,-0.1784253430046581
2017-04-22,0.9235804941286789
2017-04-23,0.29125623591525385
2017-04-24,-0.12605447717224388
2017-04-25,0.9703450622990338
2017-04-26,1.5196947667366127
2017-04-27,1.2069941420222872
2017-04-28,1.144115707819135
2017-04-29,0.142941191342189
2017-04-30,-0.1152473350535044
2017-05-01,0.7918075389115115
2017-05-02,0.6530857075026258
2017-05-03,-0.42040872904944315
2017-05-04,-0.4735062977619197
2017-05-05,-1.6784974105047452
2017-05-06,0.8921615559983804
2017-05-07,0.8932321986680328
2017-05-08,-1.5131495637588241
2017-05-09,-1.3584002113113847
2017-05-10,-0.1238013490945144
2017-05-11,0.7845381884454434
2017-05-12,-0.36446226321809505
2017-05-13,-0.10588152476968822
2017-05-14,-0.2264041557439749
2017-05-15,-0.5084115908092544
2017-05-16,1.2983818602887425
2017-05-17,0.811995842053263
2017-05-18,0.5110843748610772
2017-05-19,0.7596750046999444
2017-05-20,0.7767299731741929
2017-05-21,0.5011005809119801
2017-05-22,-0.581673019800566
2017-05-23,-0.5853595076196848
2017-05-24,-0.6762516183855636
2017-05-25,0.10584954553170321
2017-05-26,0.45956052458754365
2017-05-27,0.28162995215592
2017-05-28,-0.22657649093426468
2017-05-29,-0.7763844184631943
2017-05-30,-0.2639045855680627
2017-05-31,0.02462541940431877
2017-06-01,-0.3938667739944034
2017-06-02,-0.7165907282849463
2017-06-03,-0.694775325007421
2017-06-04,-0.12372833696552281
2017-06-05,-0.4859815406919912
2017-06-06,0.3768655517887054
2017-06-07,0.7827267085470948
2017-06-08,0.3758768203984733
2017-06-09,-0.3570426502188888
2017-06-10,-1.8976512141456543
2017-06-11,-0.4676500044641376
2017-06-12,-0.5229091859680627
2017-06-13,-0.4420191326541143
2017-06-14,-0.44730493944897376
2017-06-15,-1.3041942690819883
2017-06-16,-1.4190935045331226
2017-06-17,-0.1462503688225023
2017-06-18,1.2643251961741406
2017-06-19,0.5861964921733746
2017-06-20,-0.23323464302003957
2017-06-21,-0.518390008563025
2017-06-22,-0.28407029589765387
2017-06-23,0.4147696966600611
2017-06-24,0.03879064673387254
2017-06-25,0.6249854832855957
2017-06-26,-0.43794838865357755
2017-06-27,0.9243126153736745
2017-06-28,1.5804632230747158
2017-06-29,1.8095942548653612
2017-06-30,0.8164728350574902
2017-07-01,1.2291367183104895
2017-07-02,0.34070648869471665
2017-07-03,0.21590517102088824
2017-07-04,-0.4127686276963969
2017-07-05,-0.11778037100412034
2017-07-06,-0.23771925330939833
2017-07-07,-0.25615061662805305
2017-07-08,-0.5980335897034738
2017-07-09,0.4327167828850572
2017-07-10,0.8712697982574079
2017-07-11,0.5817218709938119
2017-07-12,0.8917579705832825
2017-07-13,0.04469501878353162
2017-07-14,-0.7345310330171727
2017-07-15,0.9064491916431298
2017-07-16,1.8292273991888182
2017-07-17,1.2388389640524706
2017-07-18,0.4666122736375744
2017-07-19,-0.21367011244409218
2017-07-20,0.30538605031431054
2017-07-21,0.77848454946712
2017-07-22,0.5111882265682579
2017-07-23,0.20460768079904867
2017-07-24,1.4646049127813188
2017-07-25,0.4810496238089039
2017-07-26,0.06492510207038941
2017-07-27,-0.13060530739439474
2017-07-28,0.56281811410134
2017-07-29,-0.07017253493705126
2017-07-30,-0.3482119447029491
2017-07-31,-1.2085757783483395
2017-08-01,-0.27455209673554765
2017-08-02,-0.45729572106762634
2017-08-03,-0.26372629844898887
2017-08-04,-0.02502423687994726
2017-08-05,-0.26544061848405304
2017-08-06,0.2180773515475946
2017-08-07,0.06022918508543714
2017-08-08,0.7391154272487146
2017-08-09,1.2878085267174184
2017-08-10,1.1396575266528817
2017-08-11,1.6779324034840217
2017-08-12,0.4280916050833528
2017-08-13,0.3153335078871916
2017-08-14,-0.09897087089459933
2017-08-15,-0.5216923906707032
2017-08-16,-0.25164621308056984
2017-08-17,-0.08737947908506837
2017-08-18,-0.31588657519135876
2017-08-19,0.48788484235716284
2017-08-20,0.9725858257964882
2017-08-21,1.4780046473401003
2017-08-22,0.8201857387314052
2017-08-23,-0.33302947759636004
2017-08-24,-0.37366558268035976
2017-08-25,-0.8277847896237072
2017-08-26,-1.074814592382327
2017-08-27,-0.23534381408957303
2017-08-28,0.2902349275256314
2017-08-29,0.25351212145165775
2017-08-30,-0.39957294253555026
2017-08-31,0.40100722046093884
2017-09-01,1.1435973535831117
2017-09-02,1.5190078811529808
2017-09-03,-0.14759043834760852
2017-09-04,-0.6480016174623082
2017-09-05,-0.5356667418908745
2017-09-06,-0.005717272906579682
2017-09-07,0.3063231243632572
2017-09-08,-0.3520354983466704
2017-09-09,1.0700624906582963
2017-09-10,0.9964143465684001
2017-09-11,0.8395740345052978
2017-09-12,1.5905659396728198
2017-09-13,0.407980631249058
2017-09-14,1.3641310271963618
2017-09-15,0.9792682631736163
2017-09-16,0.5584057668702528
2017-09-17,1.498639587618733
2017-09-18,0.6516015477039004
2017-09-19,-0.3574402904116785
2017-09-20,-0.09584898374773934
2017-09-21,-1.3890583393592746
2017-09-22,-1.0727418093710084
2017-09-23,-0.7872998601283563
2017-09-24,-1.2491844679114403
2017-09-25,-0.20086199958080295
2017-09-26,0.7829164698557424
2017-09-27,0.8434930965138918
2017-09-28,0.7603776467244034
2017-09-29,1.1641590820223866
2017-09-30,0.4861083122393242
2017-10-01,-2.6919488487955534
2017-10-02,-1.6707455325621434
2017-10-03,-0.08416841008016283
2017-10-04,-1.8010805664509328
2017-10-05,-0.05180703415485439
2017-10-06,0.5612350626000806
2017-10-07,0.5525353940636899
2017-10-08,0.5620794655668577
2017-10-09,-0.1883698373519306
2017-10-10,-1.5759933779114035
2017-10-11,-2.085756762825085
2017-10-12,-0.9961817196805061
2017-10-13,-1.3619711289436625
2017-10-14,-2.4697418323617297
2017-10-15,-2.478957083223535
2017-10-16,-2.4882052838881954
2017-10-17,-1.9584842655329175
2017-10-18,-1.0515113087184327
2017-10-19,-1.3485410906320083
2017-10-20,-1.2133516500015864
2017-10-21,-0.3219934852760488
2017-10-22,1.111778979559902
2017-10-23,0.5207360415911935
2017-10-24,0.23121541914189922
2017-10-25,0.5436989712527945
2017-10-26,-0.8649183547674758
2017-10-27,0.08690889308121592
2017-10-28,0.41169675312421405
2017-10-29,0.4021050035380404
2017-10-30,-0.29711289265816265
2017-10-31,0.39689605736129924
2017-11-01,-1.845122568027717
2017-11-02,0.19609265932298087
2017-11-03,-0.3495414980264966
2017-11-04,-0.9904278428029025
2017-11-05,1.1777471332307685
2017-11-06,0.19434040404380018
2017-11-07,-0.29334684094821845
2017-11-08,-0.41915149570157295
2017-11-09,-0.4287410760868389
2017-11-10,0.2692646752770026
2017-11-11,-1.3319416256291927
2017-11-12,0.5182335737136066
2017-11-13,1.0131692770987712
2017-11-14,1.2447083895743825
2017-11-15,1.2380910371849672
2017-11-16,0.9347858153081987
2017-11-17,0.7762025608294983
2017-11-18,0.6962534784976749
2017-11-19,-0.4577683264765844
2017-11-20,-0.5297824804939154
2017-11-21,-0.2617922244656152
2017-11-22,-0.5992862121125176
2017-11-23,-0.45922291725861747
2017-11-24,-0.9377558317036924
2017-11-25,0.8455831822686571
2017-11-26,0.9325456182560673
2017-11-27,0.2763506876123787
2017-11-28,0.2181725832609785
2017-11-29,0.2291430816634254
2017-11-30,-0.5370101096552612
2017-12-01,-0.8761192106541457
2017-12-02,0.8384021602807925
2017-12-03,0.6853135767981402
2017-12-04,-0.10010479051487495
2017-12-05,-0.8795032028983044
2017-12-06,-0.7999832718068359
2017-12-07,0.1951368526732989
2017-12-08,1.03394955339707
2017-12-09,0.07112810226974418
2017-12-10,0.7843008644523513
2017-12-11,0.7034385434273918
2017-12-12,0.1996297739914328
2017-12-13,0.562689744707572
2017-12-14,0.9413049099885463
2017-12-15,0.8575189517811274
2017-12-16,0.5381322089376236
2017-12-17,0.1719167540746814
2017-12-18,-1.9766445573404918
2017-12-19,-0.23718180248743406
2017-12-20,0.14397862121575583
2017-12-21,0.04246082553317794
2017-12-22,0.11615735692414558
2017-12-23,-0.40745455239715783
2017-12-24,0.09475782783550458
2017-12-25,-0.21894949677937983
2017-12-26,0.6609319347162744
2017-12-27,0.9891741684464551
2017-12-28,-0.007979472425883845
2017-12-29,-0.6466452177459875
2017-12-30,-0.4010983992518815
2017-12-31,-0.0702237125192239
2018-01-01,-0.13879035212695875
2018-01-02,0.17616910908759617
2018-01-03,0.22883087113532996
2018-01-04,0.6979737378882375
2018-01-05,0.2833941779558314
2018-01-06,0.37129193537554817
2018-01-07,0.520843338080876
2018-01-08,0.4837049962567531
2018-01-09,-0.35329335083441055
2018-01-10,-1.6884228706696134
2018-01-11,-0.0807069632492004
2018-01-12,0.8652796382103978
2018-01-13,0.7016931819668625
2018-01-14,-0.46143259341115084
2018-01-15,-0.9600394227277055
2018-01-16,0.5348110939697992
2018-01-17,0.34725686326178795
2018-01-18,0.12233193961550319
2018-01-19,0.49316627907011645
2018-01-20,-0.1756634736854832
2018-01-21,-0.03588011811103052
2018-01-22,-1.096214973392319
2018-01-23,-1.0412421834448504
2018-01-24,-1.2598936072093314
2018-01-25,-1.0590210203957118
2018-01-26,0.20702329645226186
2018-01-27,-0.9464156593045663
2018-01-28,-1.9967121541710855
2018-01-29,-0.7941734825686891
2018-01-30,-1.1115578128470278
2018-01-31,-0.2740726279488403
2018-02-01,0.6601211399652005
2018-02-02,0.10323436867743763
2018-02-03,0.018135756755211806
2018-02-04,-0.8067379503394914
2018-02-05,-0.03272386830250057
2018-02-06,-0.4311936571468315
2018-02-07,-0.08271671829547272
2018-02-08,-0.0699723038796325
2018-02-09,-1.7483423566066654
2018-02-10,0.4658765717676064
2018-02-11,-0.16728061687866957
2018-02-12,0.192754731197846
2018-02-13,0.10030111075485407
2018-02-14,-0.46490789542867306
2018-02-15,-0.8514300773192138
2018-02-16,-1.9086730017125595
2018-02-17,-0.30882766534608314
2018-02-18,0.4061942911176606
2018-02-19,0.5770969142834519
2018-02-20,0.47062519504612954
2018-02-21,0.7839486760487385
2018-02-22,0.6850119567836763
2018-02-23,0.841154241808024
2018-02-24,0.8546853703400535
2018-02-25,0.5782128933070917
2018-02-26,0.7313880825121089
2018-02-27,0.3434997284275542
2018-02-28,0.3802722190574174
2018-03-01,0.5088154094279438
2018-03-02,0.9121693892382914
2018-03-03,0.7147537655288474
2018-03-04,-0.549619092537721
2018-03-05,-0.36338861660561866
2018-03-06,-0.20020440942718096
2018-03-07,0.4903197708399622
2018-03-08,0.27634810508896296
2018-03-09,-0.15497397841577612
2018-03-10,0.39460844057565647
2018-03-11,0.7353786976564376
2018-03-12,0.8773860502209091
2018-03-13,0.8922222682219115
2018-03-14,-0.08656869116133634
2018-03-15,0.9357223005634004
2018-03-16,0.19272761581295028
2018-03-17,0.308784334308919
2018-03-18,0.46483960161970383
2018-03-19,-1.0564454745599168
2018-03-20,0.5190608850409525
2018-03-21,1.0287820333221398
2018-03-22,1.1771491953882751
2018-03-23,0.732587758499547
2018-03-24,-0.5736201278766313
2018-03-25,0.4986338296754362
2018-03-26,0.0564402786477597
2018-03-27,-1.220069709324099
2018-03-28,0.08893484415599882
2018-03-29,0.9666970700071355
2018-03-30,1.0025873208879408
2018-03-31,1.1908518085960988
2018-04-01,0.84891559090933
2018-04-02,-0.3111046647140655
2018-04-03,0.669475725392615
2018-04-04,0.9428919101591278
2018-04-05,0.36864047251383475
2018-04-06,-1.5100288174456478
2018-04-07,-0.17921175146351043
2018-04-08,-0.10557077570721066
2018-04-09,0.29151548924794835
2018-04-10,0.08896808315306895
2018-04-11,0.24419116208219702
2018-04-12,-0.05842399250474653
2018-04-13,-0.41169770780753945
2018-04-14,0.6912896727747211
2018-04-15,0.877545459391965
2018-04-16,-0.5976642763075491
2018-04-17,-0.13803607047074046
2018-04-18,1.2264258911859176
2018-04-19,0.7934662607758816
2018-04-20,0.7423637539925813
2018-04-21,0.3299080342752209
2018-04-22,-0.8140656737490478
2018-04-23,-0.030636930231006918
2018-04-24,-0.3544847550767033
2018-04-25,-0.09301125656821416
2018-04-26,-0.1652627282100208
2018-04-27,-1.7206903828126576
2018-04-28,-0.8333631187419961
2018-04-29,0.46326112938362884
2018-04-30,0.7813908097947476
2018-05-01,-0.20087981066324806
2018-05-02,0.7001306060285325
2018-05-03,1.3788268274776678
2018-05-04,1.2301889265247223
2018-05-05,-0.38611706617902086
2018-05-06,-0.34247014385653546
2018-05-07,-0.968728585609028
2018-05-08,-1.2585055108913028
2018-05-09,-1.8596299083519368
2018-05-10,-0.865239584370552
2018-05-11,-0.8273353244115208
2018-05-12,-0.6463006382642718
2018-05-13,0.47280206332418667
2018-05-14,0.46494483057068353
2018-05-15,0.008934905419939786
2018-05-16,-0.33769527026572155
2018-05-17,-1.3228330169222182
2018-05-18,-0.9261508583893249
2018-05-19,-0.03290533038567525
2018-05-20,0.5255389710497423
2018-05-21,0.5882243010544131
2018-05-22,-0.030805079216332777
2018-05-23,-0.41098465054425043
2018-05-24,-0.13702033889972304
2018-05-25,-1.3388741990271842
2018-05-26,-1.4766221079130124
2018-05-27,-0.8745552570372019
2018-05-28,-0.3951039051297432
2018-05-29,-1.5882798387360746
2018-05-30,0.31772632544775653
2018-05-31,-0.5756866154247469
2018-06-01,0.11105100197365897
2018-06-02,-0.688155641881276
2018-06-03,-0.9741949327246934
2018-06-04,0.2560901014976304
2018-06-05,0.06833436441816497
2018-06-06,-0.6926166690213734
2018-06-07,-1.1972694679959335
2018-06-08,0.050431470991525604
2018-06-09,0.9500588664548374
2018-06-10,0.01641455635873827
2018-06-11,-0.5338481310471646
2018-06-12,0.8877136501032505
2018-06-13,0.32583429022390703
2018-06-14,0.6664515637051904
2018-06-15,1.2690785802217248
2018-06-16,0.7816497145224499
2018-06-17,-0.22360190729124083
2018-06-18,0.5381228426216619
2018-06-19,0.49834665726130783
2018-06-20,0.07167399885131791
2018-06-21,-0.543373531261859
2018-06-22,0.3824980107817482
2018-06-23,1.0087654884989528
2018-06-24,0.14659957490813244
2018-06-25,0.5934307710584283
2018-06-26,1.5856685914526614
2018-06-27,0.5424567140124212
2018-06-28,-0.162577490761597
2018-06-29,-0.39538729463439953
2018-06-30,-0.48537353002767036
2018-07-01,0.16783404448541436
2018-07-02,0.3429475219363079
2018-07-03,-0.26591266397487995
2018-07-04,-0.1371829056401889
2018-07-05,0.07008830230017422
2018-07-06,-0.09426880011150342
2018-07-07,-0.7390700496008589
2018-07-08,-1.24819938845306
2018-07-09,0.060886428469045566
2018-07-10,-0.18782598948303897
2018-07-11,0.9799176223028518
2018-07-12,0.014382134068288612
2018-07-13,-1.0492686892598235
2018-07-14,-1.1262696738362235
2018-07-15,-0.05420426003033438
2018-07-16,0.7197322709216883
2018-07-17,-0.04362728015393312
2018-07-18,-0.5913796686006558
2018-07-19,-0.2682844269164775
2018-07-20,-0.03353842171320523
2018-07-21,1.0890591746865468
2018-07-22,0.7873826213890438
2018-07-23,0.6728547836407628
2018-07-24,0.6266146851165498
2018-07-25,-0.15018978601940788
2018-07-26,-1.2094076709820565
2018-07-27,-0.7111909532456326
2018-07-28,0.3377071760859215
2018-07-29,-0.3197131062988629
2018-07-30,-0.4090178755534953
2018-07-31,-0.10637622239387738
2018-08-01,-0.4799534064249706
2018-08-02,0.08401065306002493
2018-08-03,1.5134592136332
2018-08-04,0.7733916624587813
2018-08-05,0.35579193259287045
2018-08-06,-0.881191033561741
2018-08-07,-0.8427549447832826
2018-08-08,-0.8452851845012664
2018-08-09,-0.6168520045534744
2018-08-10,0.24778253664401131
2018-08-11,0.2513771040871623
2018-08-12,-0.7438025136174733
2018-08-13,0.14737981012140602
2018-08-14,-0.04000534828309864
2018-08-15,1.3181197486539027
2018-08-16,1.0910757091866794
2018-08-17,-0.10575328685243277
2018-08-18,-0.9633960255144212
2018-08-19,0.39662040809054894
2018-08-20,0.7404765556255165
2018-08-21,0.5127601890223498
2018-08-22,0.39943101573730055
2018-08-23,-1.1260193638653295
2018-08-24,-0.5294242798184067
2018-08-25,0.8483404307086757
2018-08-26,1.130820428426702
2018-08-27,0.9107108692652487
2018-08-28,-0.07021618920715123
2018-08-29,-0.641718127813413
2018-08-30,-0.3302921569795976
2018-08-31,0.8290965667618062
2018-09-01,0.36195351507172596
2018-09-02,-0.5523503378897814
2018-09-03,-0.9441533719660694
2018-09-04,-0.6627276499301648
2018-09-05,-1.3920832964380998
2018-09-06,-1.0448911087833146
2018-09-07,-0.4589554012217415
2018-09-08,-1.1706080790410007
2018-09-09,-1.2774670780251307
2018-09-10,-1.877416182534598
2018-09-11,-1.5967338034130953
2018-09-12,-1.1983577484438117
2018-09-13,-0.8827558475847804
2018-09-14,-1.143806897751915
2018-09-15,-1.5238129437883354
2018-09-16,-1.6693623286726287
2018-09-17,-1.6404571341850496
2018-09-18,-1.6479794579401432
2018-09-19,-1.2500774372935133
2018-09-20,0.4599675175444302
2018-09-21,-0.5371001348010284
2018-09-22,-0.32857281994826715
2018-09-23,0.6919521425990964
2018-09-24,0.9005879214646976
2018-09-25,1.6798823257389661
2018-09-26,1.366231749480494
2018-09-27,0.6332694630023878
2018-09-28,0.10640341728915587
2018-09-29,0.723459667452905
2018-09-30,0.10714178888658159
2018-10-01,0.6537380252157375
2018-10-02,1.3935586655413328
2018-10-03,0.6372024958679784
2018-10-04,1.251846426760012
2018-10-05,1.1221849161173767
2018-10-06,0.6925176218528911
2018-10-07,-1.4441996642628998
2018-10-08,-1.0144341299168806
2018-10-09,0.1778011705790664
2018-10-10,-0.005342447752039318
2018-10-11,-0.0024620309218726724
2018-10-12,-0.1007221056973389
2018-10-13,0.2707643271749222
2018-10-14,-0.7505952354849327
2018-10-15,-0.2461151590529587
2018-10-16,0.7347801597079664
2018-10-17,0.29405052988739505
2018-10-18,0.6007853458750453
2018-10-19,0.010071436929855293
2018-10-20,-0.36293045926577433
2018-10-21,0.31385147713098244
2018-10-22,1.5589751996162748
2018-10-23,1.025188806832644
2018-10-24,0.5629255180107341
2018-10-25,-0.07433024539482336
2018-10-26,0.3958893430734718
2018-10-27,1.3943354895246394
2018-10-28,1.1605191566485096
2018-10-29,1.1380711664648246
2018-10-30,0.8946574115104333
2018-10-31,0.7666692099105037
2018-11-01,0.40058676055856884
2018-11-02,0.6037813733880549
2018-11-03,0.6841273217947101
2018-11-04,0.7702387574301752
2018-11-05,0.6930791267034825
2018-11-06,0.38396468183275717
2018-11-07,-0.4500588509908662
2018-11-08,-1.6457923762313809
2018-11-09,-1.12464778694876
2018-11-10,-1.3627556034192105
2018-11-11,-0.7038927386271682
2018-11-12,-1.6106825472086184
2018-11-13,-1.43996634682372
2018-11-14,-0.7277923027306136
2018-11-15,0.4979935089644243
2018-11-16,1.149260292274691
2018-11-17,1.2536298328850417
2018-11-18,1.0704509353255698
2018-11-19,0.7674747414186471
2018-11-20,0.6968468009760371
2018-11-21,-0.478731470081258
2018-11-22,-1.5653970804385606
2018-11-23,0.718207622631968
2018-11-24,0.5160726058409418
2018-11-25,-0.47589809864508165
2018-11-26,-0.03218502766635155
2018-11-27,0.6658995145220474
2018-11-28,1.0549733840306539
2018-11-29,0.3304247925452099
2018-11-30,-0.7060542423330639
2018-12-01,-0.21902338012427808
2018-12-02,-0.3995498515109167
2018-12-03,0.6448674148896617
2018-12-04,-0.24329924806925435
2018-12-05,-1.3866905873089137
2018-12-06,-0.10299950286086294
2018-12-07,0.1806206144023314
2018-12-08,0.8857511493462722
2018-12-09,1.0824740938439954
2018-12-10,0.40628025706132154
2018-12-11,-0.38466794270146365
2018-12-12,-0.7500345001544058
2018-12-13,0.5749847796400341
2018-12-14,0.8085895680957523
2018-12-15,0.7070210860794557
2018-12-16,-0.24504616404293492
2018-12-17,-0.2503836539369634
2018-12-18,-0.06383485218134353
2018-12-19,-0.33870411521757443
2018-12-20,-0.08146531186957133
2018-12-21,0.6909035327365632
2018-12-22,0.954523893972909
2018-12-23,-0.15665486589264613
2018-12-24,0.444411908424128
2018-12-25,-0.1856383942224381
2018-12-26,-1.642083024785807
2018-12-27,-1.580996141759457
2018-12-28,-1.8573663562709466
2018-12-29,-1.1377758249962484
2018-12-30,0.17369336115960232
2018-12-31,-1.450722558468579
2019-01-01,-0.25207650150765454
2019-01-02,0.6001444252920402
2019-01-03,-0.2393086221189937
2019-01-04,-0.8437194298863255
2019-01-05,-0.42717883819867153
2019-01-06,-1.3206624561855649
2019-01-07,-2.2701428973602136
2019-01-08,-0.29339697078309374
2019-01-09,-0.04608409064057794
2019-01-10,0.3832255569252786
2019-01-11,0.34594261665652415
2019-01-12,-0.49325723036735425
2019-01-13,-0.08379385714400772
2019-01-14,0.419702562120896
2019-01-15,-0.09903203791559259
2019-01-16,0.6586566837711381
2019-01-17,0.6111103519665809
2019-01-18,0.1646963005850677
2019-01-19,-0.40933084891140314
2019-01-20,-1.215407018185728
2019-01-21,0.4763009381188288
2019-01-22,-0.0836228042741153
2019-01-23,-0.04032760171314757
2019-01-24,0.7996472239959609
2019-01-25,0.8861594019235343
2019-01-26,-0.12270108811703508
2019-01-27,0.7258404741289112
2019-01-28,0.2861362841828389
2019-01-29,-0.6089358012652865
2019-01-30,-0.5563652194174291
2019-01-31,0.09346083527230002
2019-02-01,0.9241004700727573
2019-02-02,0.28234334695298025
2019-02-03,-0.1884306910636365
2019-02-04,0.805197874010569
2019-02-05,0.6910325281544345
2019-02-06,0.9076642652483728
2019-02-07,-0.7725599448914966
2019-02-08,-1.6413108321309517
2019-02-09,-0.11153425006443628
2019-02-10,0.7476101709552259
2019-02-11,0.6186740373211979
2019-02-12,-0.17527607294938446
2019-02-13,-0.37481462371409546
2019-02-14,-0.6762861558170938
2019-02-15,-0.18358843381480602
2019-02-16,-0.21185908473498444
2019-02-17,-2.095713381382245
2019-02-18,-1.089731911359377
2019-02-19,-0.9243142175735166
2019-02-20,-1.7985798256954537
2019-02-21,-1.271991808145916
2019-02-22,-0.4560563065546574
2019-02-23,0.9794064664550414
2019-02-24,1.0167208822461782
2019-02-25,1.0454397749154838
2019-02-26,0.11965459634681125
2019-02-27,-0.8530665546843144
2019-02-28,-0.16877351359833995
2019-03-01,-0.6203157779133455
2019-03-02,-1.234859917385883
2019-03-03,-0.8378505765470612
2019-03-04,0.6848555005586334
2019-03-05,0.7632516090896377
2019-03-06,0.1604362521845409
2019-03-07,0.8170792125756003
2019-03-08,0.4417281596662052
2019-03-09,0.21410040068981692
2019-03-10,0.6436667432607784
2019-03-11,0.705136668233872
2019-03-12,-0.04424380994649462
2019-03-13,0.43254595609376845
2019-03-14,0.30699875499382434
2019-03-15,0.45026425506052337
2019-03-16,0.35575654813722357
2019-03-17,0.36744649158282383
2019-03-18,0.4963898986559081
2019-03-19,0.9322236267251575
2019-03-20,1.0693445935024721
2019-03-21,0.9267555105807298
2019-03-22,0.41892240038946144
2019-03-23,0.19400446451698744
2019-03-24,-0.570825511949133
2019-03-25,-0.006490718233694091
2019-03-26,1.0025162159585674
2019-03-27,1.0661184723741413
2019-03-28,1.0681445980393527
2019-03-29,0.7626825042281065
2019-03-30,-0.7071573697393129
2019-03-31,-1.970206433068322
2019-04-01,-1.2502781375009606
2019-04-02,-1.000860048954018
2019-04-03,0.608226170088205
2019-04-04,1.006000567870621
2019-04-05,0.28499099650778736
2019-04-06,-1.9990830932924775
2019-04-07,-0.6219192237576476
2019-04-08,0.17976527805783588
2019-04-09,-0.15604560331939968
2019-04-10,-0.7539687110086799
2019-04-11,-1.3936835853383251
2019-04-12,-0.2330002884419012
2019-04-13,0.18334526259133743
2019-04-14,0.18409009727649836
2019-04-15,0.7771616373570976
2019-04-16,-1.0369436600592177
2019-04-17,-1.8871244126850024
2019-04-18,0.0457651371062976
2019-04-19,-0.10351267058022398
2019-04-20,-0.24344227602283153
2019-04-21,-0.42926552698243586
2019-04-22,0.5126006998877294
2019-04-23,0.8935961941069799
2019-04-24,0.6493500578766077
2019-04-25,-0.5363353874322268
2019-04-26,0.5388765527742717
2019-04-27,0.778598436189301
2019-04-28,0.3753773740137698
2019-04-29,-0.033725689368610666
2019-04-30,-0.36163670714126905
2019-05-01,-1.029748142589821
2019-05-02,-0.05671647375346379
2019-05-03,0.7803617737840377
2019-05-04,-0.43461653053436067
2019-05-05,0.5311317865962792
2019-05-06,0.39201767947035776
2019-05-07,-0.7103511339150882
2019-05-08,0.6779491889012842
2019-05-09,1.0015495193090516
2019-05-10,0.4983711733898876
2019-05-11,0.39088444629540586
2019-05-12,0.6639299202208042
2019-05-13,1.3981917822914922
2019-05-14,1.1264207332130243
2019-05-15,0.7706030074567007
2019-05-16,0.11691580091906671
2019-05-17,-0.49492197457013815
2019-05-18,0.2948102900056596
2019-05-19,0.16569502487028212
2019-05-20,0.7307691587752586
2019-05-21,0.5297494321378764
2019-05-22,-0.25141076135205437
2019-05-23,-1.1038912178680176
2019-05-24,-1.2587015354807136
2019-05-25,-1.4965155236560532
2019-05-26,0.33132474542133084
2019-05-27,0.20645748593082608
2019-05-28,-0.047393983655721575
2019-05-29,-0.5493352930408523
2019-05-30,0.4065262995526513
2019-05-31,0.2387775276063667
2019-06-01,-0.14420526289841915
2019-06-02,-0.08963469231576454
2019-06-03,0.13739062202054916
2019-06-04,-0.29664481208334004
2019-06-05,-0.12280535969342464
2019-06-06,0.5539546732656957
2019-06-07,0.3256940616197462
2019-06-08,0.09920495137114335
2019-06-09,0.06278986812069261
2019-06-10,0.6904499676662614
2019-06-11,0.13788017285839793
2019-06-12,0.2021384011400993
2019-06-13,-0.6518238831763833
2019-06-14,0.4820251435675379
2019-06-15,0.1997086713293771
2019-06-16,-0.556718422450339
2019-06-17,-1.0180234329274473
2019-06-18,-0.8698860102467271
2019-06-19,-0.9318130346452526
2019-06-20,-0.3664542315284711
2019-06-21,-0.4636615414701995
2019-06-22,0.174438424348047
2019-06-23,-1.4512070614879222
2019-06-24,-0.6315641376755767
2019-06-25,0.38548252645941916
2019-06-26,0.6378639882316053
2019-06-27,0.6402103052398058
2019-06-28,-1.0788644567023467
2019-06-29,-0.254100560798767
2019-06-30,-0.3115003763631295
2019-07-01,-1.2287693523539531
2019-07-02,0.27903842965942466
2019-07-03,0.2810001663518206
2019-07-04,0.5428914542690786
2019-07-05,0.10585607462565906
2019-07-06,0.5751139895819769
2019-07-07,0.8066246104023448
2019-07-08,0.7773784075510727
2019-07-09,0.876828481351669
2019-07-10,1.0572587728825078
2019-07-11,1.0587377045473756
2019-07-12,-0.20218669347515594
2019-07-13,0.30440071720944417
2019-07-14,0.5430259364958459
2019-07-15,1.1450650028348346
2019-07-16,1.102802299057909
2019-07-17,0.060457780788679305
2019-07-18,-0.07318242288166134
2019-07-19,0.32169921933941154
2019-07-20,0.4001733824139717
2019-07-21,0.38860346251345407
2019-07-22,-0.3753733677878537
2019-07-23,0.514348185159653
2019-07-24,0.2815088268531023
2019-07-25,-0.5182560066398272
2019-07-26,0.5835511776284069
2019-07-27,0.7107565347768984
2019-07-28,0.6126511621541072
2019-07-29,1.082048762270938
2019-07-30,0.18869643701697122
2019-07-31,0.8645642050514035
2019-08-01,-0.08445272630676821
2019-08-02,1.0459952873855742
2019-08-03,0.18950148588374538
2019-08-04,0.1339975175661596
2019-08-05,0.28873348628684214
2019-08-06,0.2991386634397645
2019-08-07,1.2406367531433007
2019-08-08,-0.2375806529392519
2019-08-09,-0.8789763126313375
2019-08-10,-0.605591724671514
2019-08-11,-1.0241570937893403
2019-08-12,-0.4482061828262797
2019-08-13,0.3904704701701941
2019-08-14,0.2942292903287525
2019-08-15,-0.3001870807611784
2019-08-16,-0.6245802692649086
2019-08-17,-0.6250409969552553
2019-08-18,-0.6255740422014132
2019-08-19,-0.806729977012131
2019-08-20,-1.0812192375070393
2019-08-21,-1.7614253300025007
2019-08-22,-0.016465855380213168
2019-08-23,0.4697407102470449
2019-08-24,0.050339664141970795
2019-08-25,-0.41262691896630177
2019-08-26,0.030771784390840776
2019-08-27,-1.2029886003618275
2019-08-28,-1.2040341261393352
2019-08-29,-1.2051336093054021
2019-08-30,-0.6357111201440855
2019-08-31,-0.6196333623257806
2019-09-01,-1.621809106548091
2019-09-02,-1.6000491544147308
2019-09-03,0.7840838293444116
2019-09-04,0.8822371238368998
2019-09-05,-1.7506554506827134
2019-09-06,0.6386073832560162
2019-09-07,-0.6204479576656446
2019-09-08,1.2234285676539025
2019-09-09,0.5138824849537318
2019-09-10,-0.13831167870755934
2019-09-11,0.36459342718382276
2019-09-12,0.689874800853344
2019-09-13,0.5728940961274739
2019-09-14,0.4917322312406249
2019-09-15,-0.17335452914982577
2019-09-16,-1.2015924456026894
2019-09-17,-0.3975074905164569
2019-09-18,-0.8250680384040107
2019-09-19,0.02175187032213414
2019-09-20,0.9228805813724886
2019-09-21,0.08934832633714655
2019-09-22,0.519454122381857
2019-09-23,0.629516893794576
2019-09-24,0.08293610289573314
2019-09-25,0.7152954413047554
2019-09-26,0.02425009246639654
2019-09-27,-0.445426304253992
2019-09-28,0.1370413220556071
2019-09-29,-0.11059259223831618
2019-09-30,0.5224823200458515
2019-10-01,-0.15003079643486716
2019-10-02,0.6113973845967076
2019-10-03,0.8484668290376632
2019-10-04,-0.09369024898190928
2019-10-05,-0.2222803509521675
2019-10-06,-1.4074749743715513
2019-10-07,1.0937221220777875
2019-10-08,-0.12292279131313952
2019-10-09,0.8480054036774749
2019-10-10,0.78324838103685
2019-10-11,-1.5317879802015542
2019-10-12,-0.3305666700711238
2019-10-13,-1.1516645256717981
2019-10-14,0.18051514796556184
2019-10-15,1.289067731462844
2019-10-16,0.7818908832117183
2019-10-17,-1.4030422074571418
2019-10-18,-0.3535696558854173
2019-10-19,0.9481648442966355
2019-10-20,1.1801871547195146
2019-10-21,1.0993847756575326
2019-10-22,-0.9735059999734651
2019-10-23,0.4855985200611074
2019-10-24,0.7827193860274669
2019-10-25,0.6135777144244798
2019-10-26,-0.27652988306944776
2019-10-27,-1.2202818303279452
2019-10-28,-1.095007752869001
2019-10-29,0.1631906232982457
2019-10-30,-1.9366105460649015
2019-10-31,-0.6106275582896356
2019-11-01,0.4371607435896156
2019-11-02,0.7107378959112854
2019-11-03,1.3630263450961702
2019-11-04,1.156314943740801
2019-11-05,1.3638413942163894
2019-11-06,0.6523684531044869
2019-11-07,0.4998298365769263
2019-11-08,0.7450780855241317
2019-11-09,-0.574787331991461
2019-11-10,-0.04533015455142445
2019-11-11,0.9945913112714064
2019-11-12,0.5436657952410177
2019-11-13,-0.3826256757220546
2019-11-14,0.30438486061693004
2019-11-15,0.9771725073360433
2019-11-16,0.7041600923513296
2019-11-17,0.7836544204112176
2019-11-18,0.62363715193723
2019-11-19,0.8292557845415743
2019-11-20,-1.0657222055820852
2019-11-21,0.23811113912155973
2019-11-22,0.4925799821729666
2019-11-23,0.48919011975825244
2019-11-24,0.8303559300449161
2019-11-25,0.6704140499584054
2019-11-26,-0.5262842543321696
2019-11-27,0.9888723257520491
2019-11-28,1.0815325508580975
2019-11-29,1.0782845213626493
2019-11-30,-0.5645150304845459
2019-12-01,0.7320564357403486
2019-12-02,0.8917953780528391
2019-12-03,0.927519569090629
2019-12-04,0.9617414694125568
2019-12-05,0.07299546099972118
2019-12-06,-1.0158908932026587
2019-12-07,0.1727997225918918
2019-12-08,-0.23162657450663682
2019-12-09,0.8320015189002297
2019-12-10,1.0276035763511413
2019-12-11,0.3385623150157771
2019-12-12,0.00516566027682549
2019-12-13,1.1175735213957305
2019-12-14,1.014099822466718
2019-12-15,0.5766326126400773
2019-12-16,0.6186160143009074
2019-12-17,1.0528026850294527
2019-12-18,0.09289750442037921
2019-12-19,0.0769741874705458
2019-12-20,1.1857166978674196
2019-12-21,1.2415383745335071
2019-12-22,1.2381536166173115
2019-12-23,0.9580689273591497
2019-12-24,0.553707197512295
2019-12-25,-0.09227572144797351
2019-12-26,-0.32426015353754717
2019-12-27,-1.7230731448817973
2019-12-28,0.343837211055892
2019-12-29,0.5120114097881022
2019-12-30,0.6344650167128943
2019-12-31,-0.6685966332806367
2020-01-01,-0.6717884448395199
2020-01-02,-0.6942132688157685
2020-01-03,-0.3871447720074434
2020-01-04,-0.8697624596707361
2020-01-05,-0.2596635352528916
2020-01-06,-0.7128370904061347
2020-01-07,-0.8941963919803838
2020-01-08,0.14247049256987404
2020-01-09,-0.9563383761995539
2020-01-10,-0.6491489105960985
2020-01-11,-0.09161667407406805
2020-01-12,0.07677422865389182
2020-01-13,-1.7564478479159782
2020-01-14,-1.131810839553752
2020-01-15,-1.3266484614313547
2020-01-16,-1.783068459176328
2020-01-17,-0.527773404390936
2020-01-18,0.04555612857351757
2020-01-19,0.8791669468442038
2020-01-20,1.1814119677018224
2020-01-21,0.42329415914767804
2020-01-22,-1.3334657893946653
2020-01-23,-2.4229730583026012
2020-01-24,-0.09218697439123812
2020-01-25,-0.18909661760711705
2020-01-26,-1.6862518969996134
2020-01-27,-0.26589875970721144
2020-01-28,0.888209783189851
2020-01-29,1.0066964839742856
2020-01-30,-0.10168272939586256
2020-01-31,0.4230045135864565
2020-02-01,0.49680507309733607
2020-02-02,0.2866797894706305
2020-02-03,0.32441453098638934
2020-02-04,1.0682627762360397
2020-02-05,1.1202962590140633
2020-02-06,0.6221755335850425
2020-02-07,-1.354532300407278
2020-02-08,-2.184451786256531
2020-02-09,0.16291392397184032
2020-02-10,0.8818791101161992
2020-02-11,1.1434217669512403
2020-02-12,0.3461218785184928
2020-02-13,0.264686447952431
2020-02-14,0.4004786996061725
2020-02-15,-1.9391963173685267
2020-02-16,-1.2368057751644714
2020-02-17,-0.1091672710955027
2020-02-18,-0.884721164610691
2020-02-19,-0.33692433339871986
2020-02-20,-0.6196678616068771
2020-02-21,-1.1076678302357823
2020-02-22,-1.4287419286870382
2020-02-23,0.2186497878010836
2020-02-24,-0.14907603297807379
2020-02-25,0.8521230863709651
2020-02-26,1.13904550513865
2020-02-27,0.8151074154614499
2020-02-28,0.8151103887243862
2020-02-29,0.7289022907224189
2020-03-01,1.104040789384752
2020-03-02,1.1254198092889747
2020-03-03,0.7340020835212534
2020-03-04,-0.879180759523593
2020-03-05,0.32672559953987246
2020-03-06,0.858202730644176
2020-03-07,0.4453107551459261
2020-03-08,0.10242574827137785
2020-03-09,-0.18619055393471085
2020-03-10,-0.13365142735630003
2020-03-11,-0.482708471543229
2020-03-12,0.23960576966440827
2020-03-13,-0.4250730777106585
2020-03-14,-0.6675283775528517
2020-03-15,0.6893944858912742
2020-03-16,-0.7301980677793
2020-03-17,-2.015827876408899
2020-03-18,-0.6279800968740124
2020-03-19,-0.677641436475037
2020-03-20,-1.7571154640656548
2020-03-21,-2.0545225424598317
2020-03-22,0.34527816055732047
2020-03-23,0.8652379507333045
2020-03-24,0.8391951020915273
2020-03-25,1.1238429581251348
2020-03-26,1.1113489199599638
2020-03-27,1.0639552321402008
2020-03-28,0.0517210784764523
2020-03-29,-1.6547739793416887
2020-03-30,-1.7522455856332402
2020-03-31,0.7627110011935526
2020-04-01,0.7767111414528645
2020-04-02,-0.42593199209792837
2020-04-03,-0.6196559101365061
2020-04-04,0.8686844640479789
2020-04-05,0.9712339083427833
2020-04-06,0.4952126320874694
2020-04-07,0.10771113266892685
2020-04-08,-0.24834493017208245
2020-04-09,-0.7627812848875755
2020-04-10,-0.9352637817017938
2020-04-11,-0.3713058510681995
2020-04-12,-0.4688918303076449
2020-04-13,0.17569931705684727
2020-04-14,-0.26578271468581477
2020-04-15,0.47732442687940674
2020-04-16,-0.7602474909853005
2020-04-17,-0.628445808048616
2020-04-18,-0.7465442144065243
2020-04-19,-1.0987584111830608
2020-04-20,0.25899547169731524
2020-04-21,1.1173405396157439
2020-04-22,1.1283674374998856
2020-04-23,0.44414105038611473
2020-04-24,-0.659226882789327
2020-04-25,-0.09495297378580826
2020-04-26,-0.6709842814445632
2020-04-27,-0.46241065586666563
2020-04-28,0.7657585638894489
2020-04-29,1.0308314240638785
2020-04-30,0.5571862624908942
2020-05-01,0.9677761325347001
2020-05-02,0.8688866206965146
2020-05-03,0.012698759803711428
2020-05-04,-0.02794923876934472
2020-05-05,0.41401339102910545
2020-05-06,-0.2304447378034548
2020-05-07,0.1103354274648426
2020-05-08,-0.6293942934165866
2020-05-09,0.258120277740669
2020-05-10,0.4244365437994876
2020-05-11,0.7833323911801723
2020-05-12,0.669928518971232
2020-05-13,0.6745257282465879
2020-05-14,0.6791148887043437
2020-05-15,0.7123695594350143
2020-05-16,0.09701505821319983
2020-05-17,0.1835682116626046
2020-05-18,0.7964164365088134
2020-05-19,0.5266181907438013
2020-05-20,1.1245072201732533
2020-05-21,0.8730323925734301
2020-05-22,-0.5068771161738748
2020-05-23,0.1661372208291956
2020-05-24,-0.24716113716040067
2020-05-25,-0.04635437126913038
2020-05-26,0.03838603317440644
2020-05-27,0.4824046510705069
2020-05-28,-0.3997928582841651
2020-05-29,0.17716107367755615
2020-05-30,0.014132315825381343
2020-05-31,-1.0716618686203756
2020-06-01,-0.3288274026263901
2020-06-02,-0.1771582874175459
2020-06-03,0.19372317164189512
2020-06-04,1.5206061852136707
2020-06-05,0.9185200191360455
2020-06-06,0.47443175667979254
2020-06-07,1.014882482107391
2020-06-08,0.21409793692657733
2020-06-09,-0.20749715128556068
2020-06-10,-0.10629651139379212
2020-06-11,-0.2749743211484047
2020-06-12,0.15748763694530754
2020-06-13,0.5493738494910858
2020-06-14,0.46414353477026093
2020-06-15,0.46966678215781876
2020-06-16,0.47519548966702907
2020-06-17,0.49118815919532577
2020-06-18,0.07007451995693016
2020-06-19,-0.23646309995072656
2020-06-20,0.14669996544704964
2020-06-21,-0.3292163462054154
2020-06-22,-0.5777645481537104
2020-06-23,-0.6622540710383455
2020-06-24,-0.5988084014827343
2020-06-25,-0.4721608502858034
2020-06-26,-0.8759426908050942
2020-06-27,-0.9844655951373754
2020-06-28,-1.3376356181485611
2020-06-29,0.2873236527250332
2020-06-30,-0.021619779395720014
2020-07-01,-0.1893568421173554
2020-07-02,-0.4002808791717566
2020-07-03,-0.010421728026829119
2020-07-04,0.7383429108499703
2020-07-05,0.35256332997154693
2020-07-06,0.042228794772272954
2020-07-07,0.801954878707978
2020-07-08,-0.04233506561021407
2020-07-09,-1.181638167316051
2020-07-10,-0.6168887663649145
2020-07-11,-0.28044782004540714
2020-07-12,0.7361816178728019
2020-07-13,1.0948046018265103
2020-07-14,0.8749620792417757
2020-07-15,-0.8796944448936086
2020-07-16,-0.9237556787457243
2020-07-17,-0.8823483712088271
2020-07-18,0.0016367528212563223
2020-07-19,-0.6100688983306325
2020-07-20,-0.4049406816289267
2020-07-21,-0.39300343732998033
2020-07-22,-0.40383991325302376
2020-07-23,-0.44646151082848323
2020-07-24,0.08603282289146787
2020-07-25,-0.3390936404602783
2020-07-26,-0.2785809187623779
2020-07-27,-1.2506883331325152
2020-07-28,-0.9912434371894845
2020-07-29,-0.6649562359087557
2020-07-30,-0.9833052701524657
2020-07-31,-0.5236549728299226
2020-08-01,-0.40214903933511903
2020-08-02,-0.4064973775281528
2020-08-03,0.987340711619339
2020-08-04,0.7434985618436638
2020-08-05,1.0080906410219275
2020-08-06,1.0327788782967837
2020-08-07,0.8080212194768338
2020-08-08,1.091504044657051
2020-08-09,0.28534512714754484
2020-08-10,-0.39679449930194016
2020-08-11,-0.8495508866444318
2020-08-12,-1.4424483964426085
2020-08-13,-0.019341729526655752
2020-08-14,-0.03964126747178667
2020-08-15,-0.49585949944943125
2020-08-16,-0.8120547241223155
2020-08-17,0.13596324056022444
2020-08-18,0.5271736496598067
2020-08-19,-0.3358292133568247
2020-08-20,-1.4970786820520334
2020-08-21,-1.3130006547168547
2020-08-22,-0.3462866899256922
2020-08-23,-0.38524461193411513
2020-08-24,0.1769921991221264
2020-08-25,-0.060269221065789344
2020-08-26,-0.029565733076083716
2020-08-27,-0.3239036395752681
2020-08-28,0.5776563156089042
2020-08-29,1.7226685324247815
2020-08-30,1.4937268467818823
2020-08-31,0.3287130746590752
2020-09-01,-1.1465766060111275
2020-09-02,-1.3646915781612907
2020-09-03,-1.2588560309620613
2020-09-04,-0.7396923577693734
2020-09-05,-0.9075701458086394
2020-09-06,-0.6057329695340284
2020-09-07,-0.1593719282177579
2020-09-08,0.7353462964789175
2020-09-09,-0.2873261927814512
2020-09-10,-1.1813623411817824
2020-09-11,0.02228899902730707
2020-09-12,0.6340347055111386
2020-09-13,0.5486604410202257
2020-09-14,1.0220887192524253
2020-09-15,0.5273274062195394
2020-09-16,-0.3865451342941483
2020-09-17,0.5353349681109888
2020-09-18,0.9764530949477125
2020-09-19,-0.140620697050476
2020-09-20,-0.22312340179645523
2020-09-21,-1.1199469408806866
2020-09-22,-0.6820969677911266
2020-09-23,0.4037741427669116
2020-09-24,0.40211771689290443
2020-09-25,1.6385733716974702
2020-09-26,1.182871603125633
2020-09-27,0.8684298416864775
2020-09-28,-0.2229312354347944
2020-09-29,-0.5127598143913444
2020-09-30,-0.9776276647526456
2020-10-01,0.3058649741546426
2020-10-02,1.8333691720101106
2020-10-03,1.3886319666819589
2020-10-04,1.6097139004696537
2020-10-05,1.254845646829944
2020-10-06,1.0640931468001837
2020-10-07,1.2013120913122177
2020-10-08,-1.480684334886962
2020-10-09,-1.8891634778249338
2020-10-10,0.16463776029000943
2020-10-11,0.6805185214747276
2020-10-12,1.4077942814399258
2020-10-13,-0.15888703763088613
2020-10-14,0.4762973538259701
2020-10-15,0.5084807223388941
2020-10-16,-0.5171075054200872
2020-10-17,-1.8808925614029235
2020-10-18,-1.7554550202779897
2020-10-19,-2.9532106020118722
2020-10-20,-1.3084198813916001
2020-10-21,0.6113143601539036
2020-10-22,0.8099982308857813
2020-10-23,0.8059078508721805
2020-10-24,0.8017384657095645
2020-10-25,0.7974505457223298
2020-10-26,0.7930364106790581
2020-10-27,0.8464916282191527
2020-10-28,-0.6207807664572499
2020-10-29,0.2852443342517462
2020-10-30,-0.9722717723754607
2020-10-31,-0.9511775293854575
2020-11-01,-0.0764286864374036
2020-11-02,-0.5057537602780469
2020-11-03,-0.7587415355362689
2020-11-04,-1.8625533438220867
2020-11-05,0.5357660886608522
2020-11-06,0.8244732864619674
2020-11-07,-0.8668598365156681
2020-11-08,-1.9484023278484033
2020-11-09,-2.1361897355997947
2020-11-10,-2.269542895806748
2020-11-11,-1.8397907226284542
2020-11-12,-0.75659858543463
2020-11-13,-1.5706545511255745
2020-11-14,-1.2558240601422357
2020-11-15,-0.6011448438550496
2020-11-16,0.5298844031758706
2020-11-17,1.412224371183799
2020-11-18,0.3901744534947263
2020-11-19,-1.1775647532654463
2020-11-20,-1.1834191352382273
2020-11-21,1.5416694596529552
2020-11-22,1.0352476559312707
2020-11-23,-1.6286710863301097
2020-11-24,-1.6347460790687227
2020-11-25,-1.1300510597021918
2020-11-26,-1.1362116397643494
2020-11-27,-0.1920479932115846
2020-11-28,0.6865753251242024
2020-11-29,1.1123407672264842
2020-11-30,0.38487805484614784
2020-12-01,-0.16697181521647306
2020-12-02,0.39742262821309776
2020-12-03,-0.8630930241073332
2020-12-04,1.2904164576322439
2020-12-05,1.0825515607051752
2020-12-06,0.5090453101083511
2020-12-07,0.5027098652234657
2020-12-08,0.49637174204740264
2020-12-09,0.49005362947582176
2020-12-10,-0.9171292671649449
2020-12-11,-1.0597788388252012
2020-12-12,0.058409103182728156
2020-12-13,-0.06792712320945699
2020-12-14,-1.4240919690161034
2020-12-15,-0.6681627750697261
2020-12-16,0.07290997417416586
2020-12-17,-0.7981444058411937
2020-12-18,-2.37277364252191
2020-12-19,-0.9436549195546944
2020-12-20,-1.914698608459814
2020-12-21,-1.7177440683018725
2020-12-22,-0.32728746548611437
2020-12-23,-0.3332629822672652
2020-12-24,1.1569571801000607
2020-12-25,1.0474219119754358
2020-12-26,1.174110153993808
2020-12-27,1.1682210965467992
2020-12-28,1.2536647752465295
2020-12-29,0.8812446167739975
2020-12-30,-0.42086689879961353
2020-12-31,-0.11144621904060156
2021-01-01,-0.11704926296255805
2021-01-02,-0.12259123521806367
2021-01-03,-0.1280793586744404
2021-01-04,-0.030879213648116622
2021-01-05,0.07258557884138901
2021-01-06,0.13965800158646802
2021-01-07,0.13450599701564275
2021-01-08,-0.23055539359422317
2021-01-09,0.8998793383566203
2021-01-10,0.8155850052732065
2021-01-11,0.761696427242763
2021-01-12,-0.050657591017523075
2021-01-13,-0.12615643752516967
2021-01-14,-0.130884124510134
2021-01-15,0.5145847250175142
2021-01-16,0.18535164958087377
2021-01-17,-0.39744323644453117
2021-01-18,-0.8312255347605383
2021-01-19,-0.1570483170027739
2021-01-20,0.8340831937323671
2021-01-21,1.0107887894375391
2021-01-22,1.2658425609508703
2021-01-23,1.1310890244091092
2021-01-24,1.1270461877288942
2021-01-25,0.9130617344916792
2021-01-26,-0.5288538078885983
2021-01-27,-2.0341230260932353
2021-01-28,-2.037808928519957
2021-01-29,0.8782527646905561
2021-01-30,0.8073067504798211
2021-01-31,0.031198685156569535
2021-02-01,-0.8428891059043622
2021-02-02,-1.2308415302081803
2021-02-03,0.6914463644155412
2021-02-04,0.5768576878720312
2021-02-05,-0.0015185372048229695
2021-02-06,0.5059702967775398
2021-02-07,0.8558938745647656
2021-02-08,0.9496346011198744
2021-02-09,0.7770076357458584
2021-02-10,0.974934403609464
2021-02-11,0.15924629714169916
2021-02-12,0.04976782143210432
2021-02-13,1.0050634750515306
2021-02-14,0.9750446494341353
2021-02-15,-0.6169568100079582
2021-02-16,0.06893358756222608
2021-02-17,-0.11515940199878738
2021-02-18,-0.7235059484103046
2021-02-19,0.017143274538446156
2021-02-20,-0.5732133652959966
2021-02-21,-0.7337635957706035
2021-02-22,-0.21348377439998945
2021-02-23,-0.21458554026396734
2021-02-24,-0.817619474064661
2021-02-25,-1.0912169622942847
2021-02-26,-1.8736181684910767
2021-02-27,-0.4294947488656389
2021-02-28,0.6178174269629608
2021-03-01,0.0890134684120262
2021-03-02,-0.3352002937302694
2021-03-03,-0.3355104169939039
2021-03-04,-0.3357159998259511
2021-03-05,-0.5922569566830326
2021-03-06,0.029156162524349473
2021-03-07,-0.6447733672870662
2021-03-08,-0.45772665906176074
2021-03-09,0.22673106050837782
2021-03-10,0.1832273952099181
2021-03-11,0.19318033197320042
2021-03-12,0.7834268529389498
2021-03-13,0.5771252396262965
2021-03-14,0.9013241079404999
2021-03-15,0.18451281805735023
2021-03-16,-0.1556957962392784
2021-03-17,-1.3697455200572157
2021-03-18,-0.3198469445822137
2021-03-19,0.2032777329936568
2021-03-20,0.8634159230618923
2021-03-21,1.0120327518700116
2021-03-22,0.8247012571862438
2021-03-23,0.29055853166701046
2021-03-24,-0.6941629707655564
2021-03-25,-0.6580879988865842
2021-03-26,-0.8462019769713564
2021-03-27,-0.8440255392203606
2021-03-28,-0.8417111491568582
2021-03-29,-0.8392751626340891
2021-03-30,-1.2489678731984963
2021-03-31,-0.9560857848420357
2021-04-01,-0.6986386785550814
2021-04-02,-0.15924365731776916
2021-04-03,0.00625324392346757
2021-04-04,0.766560284225806
2021-04-05,0.14714838379163583
2021-04-06,0.8069583220787647
2021-04-07,0.19984759360353554
2021-04-08,-0.33244748692084797
2021-04-09,0.11040751142788006
2021-04-10,0.8174147955710431
2021-04-11,1.1458529785254477
2021-04-12,0.9583800006731241
2021-04-13,0.0016664533741606645
2021-04-14,-0.18636962265341736
2021-04-15,-1.1090200156161991
2021-04-16,0.10465971965496988
2021-04-17,0.772857261872307
2021-04-18,0.08630464514283687
2021-04-19,-0.25485149729366147
2021-04-20,-0.6227711049910581
2021-04-21,-0.6174156118662365
2021-04-22,-1.044579588886419
2021-04-23,0.33340030116011116
2021-04-24,0.08640101879408113
2021-04-25,-1.2303634024999317
2021-04-26,-0.01609597032253016
2021-04-27,0.13912922426861246
2021-04-28,-0.3638190888526429
2021-04-29,0.7016118418591923
2021-04-30,-0.20856177708254672
2021-05-01,0.4037240223924116
2021-05-02,0.9951674026960011
2021-05-03,-0.40793831892166865
2021-05-04,0.18497398921886984
2021-05-05,1.0352969836316954
2021-05-06,0.9603750971413308
2021-05-07,1.086932453221235
2021-05-08,-1.1729479645246979
2021-05-09,-0.6979225097684763
2021-05-10,0.8753926112845106
2021-05-11,0.7775391971375187
2021-05-12,1.048973980792893
2021-05-13,0.8038249871914047
2021-05-14,0.6862300659469953
2021-05-15,0.2445576130653078
2021-05-16,0.920698485237444
2021-05-17,1.2487374515470049
2021-05-18,0.5941729525743423
2021-05-19,0.4591753854036823
2021-05-20,-0.9750583580523181
2021-05-21,0.7100515879592565
2021-05-22,1.3306326312664911
2021-05-23,0.729125052768877
2021-05-24,0.31026451040330055
2021-05-25,0.9333210183777368
2021-05-26,-0.5570504885338345
2021-05-27,-0.3952570889928661
2021-05-28,-1.0180339077224023
2021-05-29,-1.2096823171420865
2021-05-30,0.451796225752553
2021-05-31,0.11869707530757459
2021-06-01,0.1252091212302669
2021-06-02,-1.2546025381383217
2021-06-03,-1.3245208566325097
2021-06-04,-0.632885426625984
2021-06-05,0.15836459283329746
2021-06-06,-0.2280282341924353
2021-06-07,-0.7786253330786902
2021-06-08,-0.3795380600398427
2021-06-09,-0.009029658017987139
2021-06-10,-0.1052999793676469
2021-06-11,-0.5653184910622847
2021-06-12,-0.6406991798803802
2021-06-13,-0.4287437103558129
2021-06-14,-0.443764422080326
2021-06-15,-0.4379341616988413
2021-06-16,-1.4759922362547575
2021-06-17,-0.663812033335604
2021-06-18,-0.0013758919021561412
2021-06-19,-0.42939975895987875
2021-06-20,0.2834732358913619
2021-06-21,0.4299127088911841
2021-06-22,-0.38486646170270494
2021-06-23,-0.33881866669634086
2021-06-24,-0.031126924442923146
2021-06-25,-0.03603007660002093
2021-06-26,-0.5637493991943191
2021-06-27,-0.8637138177119716
2021-06-28,-0.7501541341898739
2021-06-29,0.10031451076851841
2021-06-30,1.0993474922450295
2021-07-01,0.8870762089267726
2021-07-02,-0.09769000778729113
2021-07-03,-0.42787007567037666
2021-07-04,-0.16327625519329508
2021-07-05,0.32158430347067973
2021-07-06,-0.7269712165503909
2021-07-07,0.1848074596548092
2021-07-08,0.4908644672492501
2021-07-09,0.4851674817187382
2021-07-10,0.09873022635301949
2021-07-11,0.29513308414728184
2021-07-12,0.3648100429257422
2021-07-13,1.4000858454957537
2021-07-14,1.1512527638808219
2021-07-15,-0.01913748221527051
2021-07-16,-0.18913643500176866
2021-07-17,0.6582319233210858
2021-07-18,1.0717778059950593
2021-07-19,1.0452600840532966
2021-07-20,-0.4940002429392545
2021-07-21,-0.5358096458833164
2021-07-22,-0.0957259527129998
2021-07-23,-0.6873753978562821
2021-07-24,0.3326813627194318
2021-07-25,1.5167584672500087
2021-07-26,1.3046949317583183
2021-07-27,1.1052817256879834
2021-07-28,1.0350908396814011
2021-07-29,0.019209964773259838
2021-07-30,-0.22160950052488645
2021-07-31,0.50505094446995
2021-08-01,1.5318437782385825
2021-08-02,1.1029948571421888
2021-08-03,0.1314278559152964
2021-08-04,0.15029900149854447
2021-08-05,1.4514371667186619
2021-08-06,0.9893096442294731
2021-08-07,1.1924583901431398
2021-08-08,1.0754051672659377
2021-08-09,-0.11701224640637439
2021-08-10,-0.2732721491301701
2021-08-11,-0.4501591731177029
2021-08-12,-0.8106862274981557
2021-08-13,-0.9393836879430201
2021-08-14,-1.0256013016911059
2021-08-15,-0.4269737777637411
2021-08-16,0.8706888844091011
2021-08-17,0.03498041612177053
2021-08-18,-0.1841627246211305
2021-08-19,-0.2938105968892039
2021-08-20,-0.5831838063966254
2021-08-21,-0.5203312837079098
2021-08-22,0.06772415967310061
2021-08-23,0.26301758845573303
2021-08-24,0.4428022111723855
2021-08-25,0.5469127561693935
2021-08-26,0.22410430678327045
2021-08-27,0.3179379109379689
2021-08-28,0.7132740550463756
2021-08-29,0.3429995624774498
2021-08-30,-0.613713090657416
2021-08-31,-1.1019110026381491
2021-09-01,-0.6193065938517753
2021-09-02,-0.16084908828373054
2021-09-03,-0.37968083802736124
2021-09-04,-0.7195270852489039
2021-09-05,-0.723036164539781
2021-09-06,0.9440011823789556
2021-09-07,0.5117899716379847
2021-09-08,0.020379013999611548
2021-09-09,-1.0288672222830855
2021-09-10,-0.9516329640941067
2021-09-11,-0.5546016840315876
2021-09-12,-0.3550309599654036
2021-09-13,-0.2712547056616808
2021-09-14,-0.9688156081604367
2021-09-15,0.552624912120754
2021-09-16,1.215903040891681
2021-09-17,0.8368384377490427
2021-09-18,0.2813595860494708
2021-09-19,0.8825431945619493
2021-09-20,0.6378670745682881
2021-09-21,-0.0719985851088559
2021-09-22,-0.5396454977733938
2021-09-23,0.0279632417001786
2021-09-24,0.18998768582042821
2021-09-25,-0.4655447658654445
2021-09-26,0.5304318169566921
2021-09-27,-0.31561588864740414
2021-09-28,-0.387147235746237
2021-09-29,-0.31353820100602064
2021-09-30,0.42653421850619977
2021-10-01,-0.1454301690611854
2021-10-02,-0.5408078915343129
2021-10-03,0.7814273149104374
2021-10-04,1.212974120274195
2021-10-05,1.0464148484139402
2021-10-06,0.9888632042915999
2021-10-07,1.5548231050828931
2021-10-08,1.5212246871340445
2021-10-09,1.363056579112464
2021-10-10,1.3098890736368085
2021-10-11,0.8874388632330407
2021-10-12,-0.5268370397379314
2021-10-13,-0.5333826089606462
2021-10-14,1.1434460823210613
2021-10-15,0.6998565294176606
2021-10-16,0.8789009144901344
2021-10-17,-0.07137750290346934
2021-10-18,-1.2748345062909403
2021-10-19,-1.3268763689373673
2021-10-20,0.16851386733712986
2021-10-21,1.1730858835177098
2021-10-22,0.2490930833983692
2021-10-23,0.19083651482613073
2021-10-24,1.101919608304251
2021-10-25,0.644399655672918
2021-10-26,-0.19926364534595248
2021-10-27,0.802884717295381
2021-10-28,0.2333426089063357
2021-10-29,-1.9895973193954348
2021-10-30,-1.555162319881739
2021-10-31,-0.22196489335072625
2021-11-01,0.8229703883902726
2021-11-02,1.0091685175322231
2021-11-03,0.8909172701694887
2021-11-04,0.8606178683151352
2021-11-05,0.18571278273187752
2021-11-06,1.0615827806450933
2021-11-07,0.7729164150189953
2021-11-08,0.25451776723181896
2021-11-09,1.0010306125495014
2021-11-10,0.6189856072638437
2021-11-11,-0.36756390347626794
2021-11-12,-0.5251648952793267
2021-11-13,-0.30154667592061496
2021-11-14,0.36550107015380806
2021-11-15,0.7492752015479566
2021-11-16,0.7880163909134722
2021-11-17,-0.1868807542183561
2021-11-18,0.11096420278719415
2021-11-19,-0.7897238474558468
2021-11-20,-0.7972242273058275
2021-11-21,-0.41846911431964506
2021-11-22,-0.2363468917375835
2021-11-23,0.8628374339810322
2021-11-24,0.2596515807836436
2021-11-25,0.2522836440033131
2021-11-26,-0.24993977900868125
2021-11-27,0.890226888026728
2021-11-28,0.8562643840984704
2021-11-29,0.8490445109565
2021-11-30,-0.4186575848742415
2021-12-01,0.6818724311557691
2021-12-02,0.6747875825308259
2021-12-03,0.667752221383259
2021-12-04,0.6607685571796206
2021-12-05,0.7220305300595184
2021-12-06,0.7151568106248538
2021-12-07,0.7083412984763737
2021-12-08,0.73469259379465
2021-12-09,0.7279998594240891
2021-12-10,-0.15111645837337193
2021-12-11,0.7715160558830491
2021-12-12,0.765023055870944
2021-12-13,-0.7474016352503497
2021-12-14,-1.8126984130708281
2021-12-15,-0.7259323342463223
2021-12-16,0.06441949034014431
2021-12-17,0.05829926120929474
2021-12-18,0.0522593320124665
2021-12-19,-0.926999433417032
2021-12-20,0.45674891077922825
2021-12-21,-2.61709206761307
2021-12-22,-1.3300242821553108
2021-12-23,-0.4037802945652727
2021-12-24,0.5934865772832592
2021-12-25,0.7092983398825831
2021-12-26,0.7039649226036867
2021-12-27,-0.28839516976647805
2021-12-28,-0.35605564393559175
2021-12-29,-0.15457812393679932
2021-12-30,-0.15951879490490503
2021-12-31,-1.1192860480978577
