date,energy,
01/01/2015,0.460097627,
02/01/2015,0.456609878,
03/01/2015,0.67632986,
04/01/2015,0.730617746,
05/01/2015,0.925171335,
06/01/2015,0.536740101,
07/01/2015,-1.239293838,
08/01/2015,-1.899616191,
09/01/2015,0.060599945,
10/01/2015,0.935419459,
11/01/2015,1.109806107,
12/01/2015,0.209322601,
13/01/2015,0.027063929,
14/01/2015,0.388939781,
15/01/2015,0.06422405,
16/01/2015,-0.12943069,
17/01/2015,0.435192086,
18/01/2015,-0.113847261,
19/01/2015,-0.674257923,
20/01/2015,-0.700881391,
21/01/2015,-0.508606645,
22/01/2015,0.015024025,
23/01/2015,-0.044601985,
24/01/2015,0.504210349,
25/01/2015,0.470509283,
26/01/2015,0.546259963,
27/01/2015,0.189304001,
28/01/2015,0.767453989,
29/01/2015,0.709109452,
30/01/2015,1.129134166,
31/01/2015,0.064769802,
01/02/2015,0.941926903,
02/02/2015,0.162489176,
03/02/2015,0.224376454,
04/02/2015,0.650915163,
05/02/2015,0.432230947,
06/02/2015,0.444506475,
07/02/2015,-0.594869747,
08/02/2015,0.221509388,
09/02/2015,1.180998249,
10/02/2015,1.153535546,
11/02/2015,0.548786575,
12/02/2015,-1.311430639,
13/02/2015,-2.478973127,
14/02/2015,-2.270752533,
15/02/2015,-1.274662138,
16/02/2015,-0.032569681,
17/02/2015,0.18982348,
18/02/2015,0.375455929,
19/02/2015,-0.301493617,
20/02/2015,-1.251081593,
21/02/2015,0.047841672,
22/02/2015,0.349726578,
23/02/2015,-0.920835834,
24/02/2015,-0.12440601,
25/02/2015,-0.260285576,
26/02/2015,-0.559072055,
27/02/2015,0.224264118,
28/02/2015,-0.519833282,
01/03/2015,-0.08043428,
02/03/2015,1.06453477,
03/03/2015,-0.072526852,
04/03/2015,-0.083204455,
05/03/2015,0.524424983,
06/03/2015,0.919838138,
07/03/2015,0.981269447,
08/03/2015,0.2316239,
09/03/2015,-0.255379673,
10/03/2015,-0.447803659,
11/03/2015,-0.636637976,
12/03/2015,0.766849962,
13/03/2015,0.444026148,
14/03/2015,-1.613247203,
15/03/2015,-0.439925736,
16/03/2015,0.374079794,
17/03/2015,-0.164968815,
18/03/2015,-1.191189208,
19/03/2015,-0.405442389,
20/03/2015,-0.596844329,
21/03/2015,-0.094695478,
22/03/2015,0.00801937,
23/03/2015,-0.491422335,
24/03/2015,-0.14323137,
25/03/2015,0.844351838,
26/03/2015,-0.273091345,
27/03/2015,0.558089656,
28/03/2015,1.154877814,
29/03/2015,0.356794011,
30/03/2015,0.847621652,
31/03/2015,0.67842176,
01/04/2015,0.729364708,
02/04/2015,0.113702828,
03/04/2015,0.470157714,
04/04/2015,-0.060073267,
05/04/2015,0.487074979,
06/04/2015,1.077687296,
07/04/2015,1.145998059,
08/04/2015,1.225059558,
09/04/2015,0.772381726,
10/04/2015,-0.87247371,
11/04/2015,-0.146130719,
12/04/2015,-0.424770788,
13/04/2015,-0.444169691,
14/04/2015,-0.666672427,
15/04/2015,-0.610912364,
16/04/2015,-0.422464838,
17/04/2015,0.224134988,
18/04/2015,0.394214756,
19/04/2015,0.628701134,
20/04/2015,0.134181875,
21/04/2015,0.730418319,
22/04/2015,0.034570722,
23/04/2015,0.455930503,
24/04/2015,-0.159209942,
25/04/2015,-1.948321115,
26/04/2015,-0.902791049,
27/04/2015,0.305928028,
28/04/2015,0.837019768,
29/04/2015,-0.199868901,
30/04/2015,0.456323694,
01/05/2015,0.833717798,
02/05/2015,0.820902711,
03/05/2015,-0.263620025,
04/05/2015,-0.945389618,
05/05/2015,-0.281659314,
06/05/2015,0.024284518,
07/05/2015,0.181464849,
08/05/2015,-0.688525009,
09/05/2015,0.141124232,
10/05/2015,1.00988774,
11/05/2015,0.944275804,
12/05/2015,0.156989578,
13/05/2015,0.032220811,
14/05/2015,1.174565632,
15/05/2015,0.847420821,
16/05/2015,0.102217546,
17/05/2015,0.46989475,
18/05/2015,-0.099567024,
19/05/2015,-0.381178913,
20/05/2015,0.461743318,
21/05/2015,0.27057417,
22/05/2015,0.647862195,
23/05/2015,0.77706943,
24/05/2015,-0.548099158,
25/05/2015,-0.769055901,
26/05/2015,-0.878769386,
27/05/2015,0.755563882,
28/05/2015,0.918626811,
29/05/2015,0.019275572,
30/05/2015,-0.625249146,
31/05/2015,-1.521374429,
01/06/2015,-1.939067744,
02/06/2015,-0.925396507,
03/06/2015,-0.023200506,
04/06/2015,0.034892333,
05/06/2015,0.46023893,
06/06/2015,-0.687934994,
07/06/2015,-0.671436471,
08/06/2015,-0.912760587,
09/06/2015,-1.38316135,
10/06/2015,-1.159248995,
11/06/2015,-0.745716623,
12/06/2015,-0.990508878,
13/06/2015,-0.333938765,
14/06/2015,0.722918347,
15/06/2015,0.085765475,
16/06/2015,-0.192523132,
17/06/2015,0.496845505,
18/06/2015,1.273217875,
19/06/2015,0.002282492,
20/06/2015,-0.332207615,
21/06/2015,0.824239095,
22/06/2015,0.184734067,
23/06/2015,1.060285809,
24/06/2015,0.624036191,
25/06/2015,0.665347801,
26/06/2015,1.165822694,
27/06/2015,0.984460299,
28/06/2015,0.545949605,
29/06/2015,0.780107646,
30/06/2015,0.528360943,
01/07/2015,0.046043004,
02/07/2015,-0.912767573,
03/07/2015,-0.132314255,
04/07/2015,0.195523088,
05/07/2015,-1.086520915,
06/07/2015,-0.97324064,
07/07/2015,-1.123811789,
08/07/2015,0.19971617,
09/07/2015,0.555753523,
10/07/2015,0.790904142,
11/07/2015,-0.289951793,
12/07/2015,-0.380048398,
13/07/2015,-0.120823548,
14/07/2015,-0.758280563,
15/07/2015,-0.484038908,
16/07/2015,-1.157272006,
17/07/2015,-0.897260225,
18/07/2015,-0.773469634,
19/07/2015,-0.755987903,
20/07/2015,-0.604362245,
21/07/2015,-0.105645778,
22/07/2015,-0.886375149,
23/07/2015,-0.389733886,
24/07/2015,-0.472328247,
25/07/2015,0.047837278,
26/07/2015,0.766935422,
27/07/2015,1.200797585,
28/07/2015,1.048052916,
29/07/2015,0.886319931,
30/07/2015,0.397312757,
31/07/2015,0.624749845,
01/08/2015,-0.076486309,
02/08/2015,-0.454280115,
03/08/2015,0.138527849,
04/08/2015,0.030495401,
05/08/2015,-0.141910971,
06/08/2015,0.432777849,
07/08/2015,0.059986999,
08/08/2015,-0.572351108,
09/08/2015,-0.255360044,
10/08/2015,-0.303799658,
11/08/2015,-0.429280533,
12/08/2015,0.368633904,
13/08/2015,0.367191037,
14/08/2015,-0.438536,
15/08/2015,0.491662678,
16/08/2015,0.980056558,
17/08/2015,1.149391905,
18/08/2015,0.289171463,
19/08/2015,0.164323671,
20/08/2015,0.113087913,
21/08/2015,0.602049969,
22/08/2015,0.633253972,
23/08/2015,-1.148595731,
24/08/2015,-0.1522591,
25/08/2015,0.597407286,
26/08/2015,-0.18947175,
27/08/2015,-0.904853662,
28/08/2015,-1.270526544,
29/08/2015,-0.288047963,
30/08/2015,-0.505874266,
31/08/2015,-0.965338133,
01/09/2015,-0.599514651,
02/09/2015,0.445523944,
03/09/2015,0.615934105,
04/09/2015,0.548944743,
05/09/2015,1.182859277,
06/09/2015,0.687378479,
07/09/2015,0.019832444,
08/09/2015,0.685736667,
09/09/2015,0.421417234,
10/09/2015,0.752013222,
11/09/2015,-1.131379561,
12/09/2015,-1.088623329,
13/09/2015,-0.472410815,
14/09/2015,0.840896674,
15/09/2015,0.675192604,
16/09/2015,0.724987954,
17/09/2015,0.733683052,
18/09/2015,0.824097098,
19/09/2015,0.252681222,
20/09/2015,0.867188758,
21/09/2015,1.537941767,
22/09/2015,0.323366022,
23/09/2015,0.979927225,
24/09/2015,0.36298455,
25/09/2015,-0.345144445,
26/09/2015,0.686517331,
27/09/2015,1.044697163,
28/09/2015,0.985567125,
29/09/2015,1.057590982,
30/09/2015,0.624030591,
01/10/2015,-0.098911853,
02/10/2015,0.079510105,
03/10/2015,-0.320981667,
04/10/2015,0.324825068,
05/10/2015,0.330223207,
06/10/2015,0.709696502,
07/10/2015,0.980529276,
08/10/2015,-0.152801598,
09/10/2015,-0.638188837,
10/10/2015,0.515542136,
11/10/2015,1.056437634,
12/10/2015,-0.060026546,
13/10/2015,0.222929286,
14/10/2015,1.013727805,
15/10/2015,0.884060319,
16/10/2015,0.441716784,
17/10/2015,-0.445767185,
18/10/2015,-1.047111352,
19/10/2015,0.169464685,
20/10/2015,0.344239464,
21/10/2015,0.7863649,
22/10/2015,1.350588737,
23/10/2015,1.516712703,
24/10/2015,1.131482111,
25/10/2015,1.126125273,
26/10/2015,-1.880249232,
27/10/2015,-1.942863214,
28/10/2015,-0.618872631,
29/10/2015,0.070651298,
30/10/2015,0.464823189,
31/10/2015,1.004263893,
01/11/2015,0.67835509,
02/11/2015,-0.199106442,
03/11/2015,-0.922930622,
04/11/2015,-0.40941709,
05/11/2015,-1.45866058,
06/11/2015,-0.475082868,
07/11/2015,0.679864388,
08/11/2015,0.276476937,
09/11/2015,0.16065963,
10/11/2015,-0.22794666,
11/11/2015,-0.908588362,
12/11/2015,-1.429181252,
13/11/2015,-0.901633465,
14/11/2015,-0.282022394,
15/11/2015,-0.909523257,
16/11/2015,-1.034330649,
17/11/2015,-0.550638818,
18/11/2015,-0.524301599,
19/11/2015,-1.012185112,
20/11/2015,0.964257673,
21/11/2015,1.50479702,
22/11/2015,1.208578178,
23/11/2015,-1.086147328,
24/11/2015,-0.346178926,
25/11/2015,0.190449205,
26/11/2015,0.574055034,
27/11/2015,0.62478904,
28/11/2015,0.231505802,
29/11/2015,-0.45252673,
30/11/2015,0.490570159,
01/12/2015,0.679721503,
02/12/2015,-0.956382747,
03/12/2015,-1.467453464,
04/12/2015,-1.685678976,
05/12/2015,-1.833542744,
06/12/2015,-1.557795171,
07/12/2015,-1.460829679,
08/12/2015,-0.997577139,
09/12/2015,-0.85160545,
10/12/2015,0.991182221,
11/12/2015,0.71212179,
12/12/2015,-0.217057681,
13/12/2015,-0.704279,
14/12/2015,-1.909736781,
15/12/2015,-1.198607088,
16/12/2015,0.360338807,
17/12/2015,0.179122901,
18/12/2015,-0.850479514,
19/12/2015,-0.594292079,
20/12/2015,-0.547099174,
21/12/2015,-1.027640039,
22/12/2015,-0.589299351,
23/12/2015,-0.971947056,
24/12/2015,-0.333556053,
25/12/2015,-0.407906173,
26/12/2015,-0.450778895,
27/12/2015,-1.157306709,
28/12/2015,-1.139459867,
29/12/2015,-0.131448193,
30/12/2015,0.297898792,
31/12/2015,-0.411255412,
01/01/2016,-2.220460621,0.782013044
02/01/2016,-0.021925867,0.781630549
03/01/2016,0.650499048,0.782011924
04/01/2016,0.70923645,0.782092646
05/01/2016,0.328906283,0.781335606
06/01/2016,0.668814911,0.7806109
07/01/2016,0.547082807,0.780630905
08/01/2016,0.583140224,0.778572485
09/01/2016,0.680724553,0.773024961
10/01/2016,0.895680256,0.774426968
11/01/2016,0.968197721,0.774536731
12/01/2016,1.018645537,0.774195136
13/01/2016,0.703136575,0.77498211
14/01/2016,0.468797182,0.775358355
15/01/2016,0.59081755,0.775702149
16/01/2016,0.640354337,0.776400619
17/01/2016,1.042206666,0.778238752
18/01/2016,0.803573886,0.779024265
19/01/2016,-0.889064589,0.780425087
20/01/2016,-0.91526641,0.781106886
21/01/2016,-0.914735964,0.781720683
22/01/2016,-0.777604521,0.782336306
23/01/2016,-0.544011502,0.782871583
24/01/2016,0.289641136,0.783004697
25/01/2016,-0.315165632,0.782756732
26/01/2016,-0.138832292,0.782415964
27/01/2016,-0.845931345,0.783162429
28/01/2016,-1.132358824,0.785337936
29/01/2016,-1.119823036,0.786465968
30/01/2016,0.035630479,0.785572528
31/01/2016,1.010744642,0.78512679
01/02/2016,0.031276078,0.785120065
02/02/2016,0.130835036,0.78357018
03/02/2016,0.811974283,0.784700557
04/02/2016,0.993486207,0.786358011
05/02/2016,0.61804558,0.786284437
06/02/2016,-0.660203471,0.786682112
07/02/2016,0.178984065,0.786383291
08/02/2016,0.305778057,0.785962485
09/02/2016,0.912120149,0.787345769
10/02/2016,1.018079718,0.786717885
11/02/2016,0.186902965,0.784427701
12/02/2016,0.273043298,0.784021435
13/02/2016,0.951645562,0.78266172
14/02/2016,0.799011845,0.772969346
15/02/2016,0.423537021,0.76402462
16/02/2016,-0.107605522,0.761072564
17/02/2016,-0.139996363,0.761111479
18/02/2016,-0.074189727,0.761069683
19/02/2016,0.628780701,0.761514842
20/02/2016,0.503350758,0.761762835
21/02/2016,0.539179297,0.75934596
22/02/2016,0.308399283,0.759493074
23/02/2016,0.446612963,0.759624497
24/02/2016,0.040897638,0.758014991
25/02/2016,0.170543166,0.758012646
26/02/2016,-0.031785154,0.757870566
27/02/2016,-0.047986002,0.757259648
28/02/2016,0.808772305,0.758290987
29/02/2016,0.566442882,0.758261675
01/03/2016,-0.320346676,0.758463034
02/03/2016,0.138096688,0.756549844
03/03/2016,0.91279086,0.757939141
04/03/2016,0.417121586,0.758182373
05/03/2016,0.566612509,0.758260472
06/03/2016,0.530610455,0.757285934
07/03/2016,0.595988371,0.756230069
08/03/2016,-0.301148094,0.756355833
09/03/2016,-1.006677222,0.75814895
10/03/2016,-0.704586651,0.758708721
11/03/2016,-0.778613197,0.759085112
12/03/2016,0.438984924,0.75840221
13/03/2016,0.358278032,0.758285843
14/03/2016,0.584487766,0.753963542
15/03/2016,-0.878318433,0.755061809
16/03/2016,-1.455872387,0.758827914
17/03/2016,-0.07652058,0.758781266
18/03/2016,-0.263023194,0.756250741
19/03/2016,-0.530606901,0.756475542
20/03/2016,-0.159961708,0.755831854
21/03/2016,-0.394935646,0.756129167
22/03/2016,-0.327085986,0.756356301
23/03/2016,0.444148039,0.756180003
24/03/2016,0.813207137,0.7572328
25/03/2016,-0.024086608,0.756040863
26/03/2016,-0.730876466,0.756921657
27/03/2016,-0.295250738,0.756600553
28/03/2016,0.311610039,0.754435291
29/03/2016,0.3878195,0.754474527
30/03/2016,-0.236533139,0.753359841
31/03/2016,-0.157215002,0.752628284
01/04/2016,-0.375735652,0.751986481
02/04/2016,-0.525528496,0.752500696
03/04/2016,-1.240055106,0.754966728
04/04/2016,-1.46933006,0.758905505
05/04/2016,-1.664496647,0.763484807
06/04/2016,-1.313489445,0.764465093
07/04/2016,-0.663008919,0.762837269
08/04/2016,-0.262092038,0.760187177
09/04/2016,0.581439251,0.759710113
10/04/2016,0.462418182,0.758792621
11/04/2016,0.397947487,0.759063464
12/04/2016,-0.008540975,0.758753952
13/04/2016,0.470419329,0.758826543
14/04/2016,0.539418167,0.758575387
15/04/2016,-0.501426467,0.758357077
16/04/2016,0.37194013,0.758292976
17/04/2016,0.392482453,0.75848146
18/04/2016,0.076265494,0.758209157
19/04/2016,0.446560885,0.757853587
20/04/2016,0.910877006,0.75932408
21/04/2016,-0.178249533,0.758412243
22/04/2016,-0.067586646,0.758417136
23/04/2016,0.646093244,0.758797707
24/04/2016,1.038063033,0.760700248
25/04/2016,0.95270305,0.755435171
26/04/2016,0.642630627,0.754647181
27/04/2016,0.65328639,0.755235347
28/04/2016,-0.524959654,0.754521606
29/04/2016,-0.613607433,0.755146238
30/04/2016,-1.201399352,0.757421771
01/05/2016,0.30533631,0.756338982
02/05/2016,-0.040526755,0.75512514
03/05/2016,0.92980385,0.756557602
04/05/2016,0.866923538,0.756260301
05/05/2016,0.671538302,0.756899226
06/05/2016,-0.284911124,0.757057048
07/05/2016,-1.092491512,0.759193537
08/05/2016,-0.841254624,0.759618635
09/05/2016,-1.660934679,0.764567093
10/05/2016,-0.779087936,0.763820718
11/05/2016,-0.11515368,0.762225223
12/05/2016,0.846757433,0.763481786
13/05/2016,1.026149759,0.765377809
14/05/2016,0.904264207,0.764369432
15/05/2016,0.819825933,0.764286729
16/05/2016,-0.088205903,0.764280046
17/05/2016,-0.885987924,0.765266808
18/05/2016,-0.955474084,0.766857333
19/05/2016,0.55198214,0.767168036
20/05/2016,0.324377345,0.76697189
21/05/2016,1.115667024,0.769078763
22/05/2016,-0.038056738,0.768319824
23/05/2016,0.845343587,0.768518846
24/05/2016,0.970075364,0.769682705
25/05/2016,0.166314285,0.768681525
26/05/2016,-1.357589255,0.770587039
27/05/2016,-1.613447311,0.774156816
28/05/2016,-0.777723452,0.773675566
29/05/2016,0.283470479,0.773828063
30/05/2016,0.944711759,0.77476614
31/05/2016,0.770190904,0.771747979
01/06/2016,0.009614632,0.765031542
02/06/2016,0.878983445,0.764835956
03/06/2016,0.200880134,0.764899374
04/06/2016,-0.683430942,0.765756756
05/06/2016,-1.030464031,0.767308538
06/06/2016,-0.848148007,0.76774999
07/06/2016,-0.057520487,0.766941218
08/06/2016,-0.300381598,0.765599609
09/06/2016,-0.113291623,0.762151952
10/06/2016,-1.496758099,0.763773587
11/06/2016,0.138660656,0.762775882
12/06/2016,0.635450219,0.76165536
13/06/2016,0.482541639,0.761822065
14/06/2016,0.876916863,0.76225451
15/06/2016,0.878943896,0.763571051
16/06/2016,0.89714318,0.764858565
17/06/2016,0.736066174,0.765365602
18/06/2016,-0.537578458,0.763123274
19/06/2016,-0.086833404,0.763143134
20/06/2016,-0.47580547,0.763361421
21/06/2016,-0.267971045,0.762340205
22/06/2016,0.623061284,0.762949591
23/06/2016,0.96504924,0.762609131
24/06/2016,0.490831645,0.762350491
25/06/2016,-0.355644366,0.761838929
26/06/2016,-0.549468564,0.760008152
27/06/2016,0.910357804,0.759757513
28/06/2016,0.779710939,0.76030803
29/06/2016,-0.131662767,0.759270302
30/06/2016,-0.980846719,0.760530082
01/07/2016,-1.711300486,0.765788156
02/07/2016,-0.98215968,0.766022922
03/07/2016,-0.108853177,0.76601295
04/07/2016,-0.130332586,0.765972451
05/07/2016,-0.833397849,0.765104881
06/07/2016,-0.886447245,0.764816393
07/07/2016,-0.288894458,0.762702463
08/07/2016,-0.664113697,0.763420871
09/07/2016,-0.709989766,0.763755304
10/07/2016,-1.721166718,0.767857853
11/07/2016,-1.888897466,0.773967452
12/07/2016,-0.85239187,0.774968573
13/07/2016,0.595284285,0.775611297
14/07/2016,1.061671496,0.776671194
15/07/2016,0.710347936,0.777186399
16/07/2016,1.31080201,0.77789021
17/07/2016,1.004691941,0.77823787
18/07/2016,0.744649673,0.778126235
19/07/2016,0.788388916,0.77815636
20/07/2016,0.663139687,0.778222791
21/07/2016,-0.662622429,0.779005958
22/07/2016,-0.145761291,0.777619566
23/07/2016,-1.014300637,0.779197692
24/07/2016,-0.413943533,0.779103615
25/07/2016,-0.501156071,0.779568925
26/07/2016,0.15891407,0.778606611
27/07/2016,-0.35590338,0.776343535
28/07/2016,-0.706446954,0.775318596
29/07/2016,-0.746704741,0.774919985
30/07/2016,-0.703501558,0.775503977
31/07/2016,-0.069406862,0.774809385
01/08/2016,0.838245648,0.776056947
02/08/2016,0.580589816,0.776296677
03/08/2016,0.412398249,0.776563542
04/08/2016,-0.598102569,0.777190087
05/08/2016,0.167258249,0.77720565
06/08/2016,0.522302294,0.777356674
07/08/2016,1.117986541,0.779547928
08/08/2016,0.871801161,0.780287586
09/08/2016,0.040339095,0.780169412
10/08/2016,0.867599716,0.781294064
11/08/2016,0.464200111,0.781313907
12/08/2016,1.349801184,0.78421758
13/08/2016,1.053497714,0.785880706
14/08/2016,-0.235753547,0.785630181
15/08/2016,-0.884184534,0.786645921
16/08/2016,-0.391244857,0.785295163
17/08/2016,0.533497064,0.783504663
18/08/2016,0.019615312,0.78336657
19/08/2016,-0.041099136,0.783327514
20/08/2016,-1.140686338,0.785600352
21/08/2016,-0.731536117,0.78590941
22/08/2016,1.161709837,0.787559896
23/08/2016,1.426293678,0.788759152
24/08/2016,1.302524247,0.791607843
25/08/2016,0.990587123,0.792670043
26/08/2016,0.258184051,0.792701475
27/08/2016,-0.555373807,0.791800807
28/08/2016,-0.945253131,0.790534816
29/08/2016,-0.078060316,0.790389372
30/08/2016,-1.091983662,0.792043821
31/08/2016,-0.598548241,0.791030824
01/09/2016,-0.630988645,0.79109968
02/09/2016,0.307020603,0.790926946
03/09/2016,0.435058817,0.790607509
04/09/2016,-0.462902019,0.790506197
05/09/2016,1.15305547,0.790386858
06/09/2016,1.3770577,0.79281825
07/09/2016,0.137999897,0.792844468
08/09/2016,0.686395429,0.792845995
09/09/2016,0.487671064,0.792946628
10/09/2016,-0.975446843,0.793688849
11/09/2016,-0.889202721,0.792834901
12/09/2016,-0.790151946,0.791853646
13/09/2016,-1.435818524,0.79506247
14/09/2016,-1.91810714,0.8002179
15/09/2016,-0.44621019,0.79977863
16/09/2016,-0.098068423,0.798887167
17/09/2016,1.138904039,0.800191578
18/09/2016,0.739941801,0.799965448
19/09/2016,0.595047021,0.800465014
20/09/2016,0.49191635,0.79958865
21/09/2016,-1.006252836,0.797212197
22/09/2016,-0.139463029,0.797049277
23/09/2016,-0.762377901,0.796316778
24/09/2016,-1.589476015,0.800301797
25/09/2016,-0.957741351,0.801620678
26/09/2016,-0.509802175,0.801159097
27/09/2016,-0.773283756,0.800136836
28/09/2016,-0.336259045,0.798516856
29/09/2016,-1.275855548,0.799086926
30/09/2016,-0.755055445,0.799193486
01/10/2016,-0.796007775,0.800152741
02/10/2016,0.572400413,0.800780379
03/10/2016,0.736409238,0.801690378
04/10/2016,0.149096031,0.801522372
05/10/2016,0.750512517,0.802359194
06/10/2016,-1.001581123,0.802953505
07/10/2016,0.811249476,0.802408849
08/10/2016,0.126225992,0.8024406
09/10/2016,-0.101878504,0.801846132
10/10/2016,0.207059378,0.80141757
11/10/2016,-0.224013908,0.799385771
12/10/2016,0.681072384,0.800296136
13/10/2016,-0.154288459,0.800190338
14/10/2016,0.830234946,0.799580484
15/10/2016,0.705297306,0.799063628
16/10/2016,0.057749559,0.798669419
17/10/2016,-0.728017434,0.799188557
18/10/2016,-0.282586093,0.797575165
19/10/2016,-0.324790031,0.797622956
20/10/2016,0.342994953,0.797621273
21/10/2016,0.333594291,0.796670801
22/10/2016,-0.715085099,0.794023778
23/10/2016,-1.351570093,0.792601695
24/10/2016,-1.051659713,0.791787764
25/10/2016,-0.756012924,0.79010247
26/10/2016,0.036322084,0.784442787
27/10/2016,0.942531356,0.780063722
28/10/2016,1.54866826,0.784048992
29/10/2016,1.181061549,0.786688143
30/10/2016,1.17682069,0.788851823
31/10/2016,1.145515325,0.789404355
01/11/2016,-0.208335856,0.788518098
02/11/2016,1.090021395,0.790744333
03/11/2016,0.877421013,0.790902103
04/11/2016,-0.446273397,0.790950898
05/11/2016,0.863269593,0.788895899
06/11/2016,1.267421894,0.791512673
07/11/2016,0.920360311,0.792206938
08/11/2016,0.079934197,0.792062552
09/11/2016,0.632669559,0.792765082
10/11/2016,0.707929128,0.793643967
11/11/2016,1.13348029,0.794632211
12/11/2016,1.214079898,0.793846961
13/11/2016,-0.476318799,0.792860337
14/11/2016,-0.890714577,0.794055982
15/11/2016,-0.084361982,0.792688932
16/11/2016,-1.495795203,0.794677502
17/11/2016,-0.760085771,0.795137881
18/11/2016,-0.236142014,0.794777663
19/11/2016,0.384181869,0.79333809
20/11/2016,-0.504485457,0.792093478
21/11/2016,-0.314020934,0.788213873
22/11/2016,-0.356375937,0.785759434
23/11/2016,-0.624799574,0.784423891
24/11/2016,-0.481537347,0.784607481
25/11/2016,-0.035393667,0.784525856
26/11/2016,-1.824198876,0.789497666
27/11/2016,-1.890823664,0.794690035
28/11/2016,-0.136457289,0.794578732
29/11/2016,1.410756149,0.797895151
30/11/2016,1.335801633,0.800640762
01/12/2016,0.301721177,0.799961978
02/12/2016,1.087824266,0.800642691
03/12/2016,-1.9661708,0.803517142
04/12/2016,-1.150054254,0.800977349
05/12/2016,-1.007935413,0.797033252
06/12/2016,-1.172144632,0.795256117
07/12/2016,0.516264608,0.792187611
08/12/2016,-0.349454793,0.790719298
09/12/2016,-1.574990309,0.79370666
10/12/2016,-0.67920607,0.792677237
11/12/2016,-0.063394152,0.791738165
12/12/2016,0.219924472,0.791780006
13/12/2016,0.403251424,0.791295508
14/12/2016,-2.112414638,0.792689464
15/12/2016,-0.428240813,0.790579742
16/12/2016,0.201305045,0.790413228
17/12/2016,0.194926044,0.790424649
18/12/2016,-1.20102316,0.791643383
19/12/2016,-0.178751081,0.791118765
20/12/2016,0.580440979,0.791260916
21/12/2016,0.009725289,0.789491103
22/12/2016,-0.124240429,0.788938897
23/12/2016,0.573399241,0.787933148
24/12/2016,0.068266355,0.787760823
25/12/2016,0.206165489,0.787562314
26/12/2016,-0.285589803,0.787354656
27/12/2016,0.821517169,0.786224905
28/12/2016,1.132145069,0.786181168
29/12/2016,1.334143218,0.789211019
30/12/2016,1.103084247,0.791138503
31/12/2016,0.778558054,0.791842153
01/01/2017,-0.443205809,0.783504922
02/01/2017,0.465530931,0.783848911
03/01/2017,0.706908361,0.783978636
04/01/2017,0.352995275,0.783342421
05/01/2017,1.161021094,0.78544675
06/01/2017,1.275500671,0.787453002
07/01/2017,1.171963912,0.789266167
08/01/2017,0.902670209,0.790061076
09/01/2017,0.880907107,0.790584479
10/01/2017,-0.838203006,0.790558917
11/01/2017,0.071052852,0.789006773
12/01/2017,0.687746144,0.788047939
13/01/2017,1.173500015,0.789549178
14/01/2017,0.498877833,0.789597583
15/01/2017,-0.5714654,0.789633329
16/01/2017,-0.18666316,0.78902758
17/01/2017,0.02604555,0.787187769
18/01/2017,-0.379604273,0.786356806
19/01/2017,0.505295309,0.785372565
20/01/2017,-0.115734917,0.783895492
21/01/2017,-0.323374765,0.782582914
22/01/2017,0.152827207,0.781507409
23/01/2017,0.591218047,0.781520211
24/01/2017,0.368780408,0.781605425
25/01/2017,0.616938588,0.782021758
26/01/2017,-0.24284518,0.782100244
27/01/2017,-1.801437011,0.78659528
28/01/2017,-1.885394485,0.790597132
29/01/2017,-0.92092006,0.78987969
30/01/2017,-1.739025942,0.795214247
31/01/2017,0.036220507,0.793502191
01/02/2017,0.613026709,0.79412176
02/02/2017,0.210503573,0.794164689
03/02/2017,0.806855239,0.794150652
04/02/2017,1.061784837,0.794389295
05/02/2017,0.952796844,0.795278002
06/02/2017,0.672182606,0.795225192
07/02/2017,-0.082884569,0.795198944
08/02/2017,-1.230002816,0.797727402
09/02/2017,0.081510337,0.796346814
10/02/2017,-0.301238971,0.794765288
11/02/2017,-1.401551539,0.798118586
12/02/2017,-2.01340251,0.804927726
13/02/2017,-1.287035381,0.806165587
14/02/2017,-0.011715649,0.805054656
15/02/2017,-0.111663755,0.804750324
16/02/2017,-0.798025545,0.805783926
17/02/2017,0.147530701,0.805800656
18/02/2017,0.311999485,0.80597308
19/02/2017,0.042103388,0.80527849
20/02/2017,-1.134422434,0.806947248
21/02/2017,-0.059887572,0.806421427
22/02/2017,0.511213488,0.806717067
23/02/2017,0.375999189,0.80661383
24/02/2017,0.860556547,0.807918094
25/02/2017,0.842099683,0.809106922
26/02/2017,0.143696488,0.809149045
27/02/2017,-0.281227819,0.809267175
28/02/2017,0.778185394,0.809183413
01/03/2017,0.774034151,0.809664992
02/03/2017,0.422813569,0.809828604
03/03/2017,-0.863464309,0.811008576
04/03/2017,0.671280523,0.810349154
05/03/2017,0.726191409,0.810962773
06/03/2017,1.098500599,0.812483694
07/03/2017,0.945967689,0.813535761
08/03/2017,1.289023098,0.815760078
09/03/2017,0.962191866,0.817200071
10/03/2017,1.164249868,0.817805826
11/03/2017,1.228190908,0.819491917
12/03/2017,0.46802644,0.818821592
13/03/2017,0.001409899,0.818508778
14/03/2017,0.391204976,0.818549414
15/03/2017,0.29490766,0.818128637
16/03/2017,0.521444341,0.817258027
17/03/2017,0.110853099,0.813658875
18/03/2017,1.100871758,0.81562755
19/03/2017,0.781239895,0.816472743
20/03/2017,-0.547124098,0.816503686
21/03/2017,-1.775046278,0.821822814
22/03/2017,-0.774882858,0.822581674
23/03/2017,-0.817627678,0.823537962
24/03/2017,-2.350652359,0.832434786
25/03/2017,-1.320805671,0.834229951
26/03/2017,0.477274998,0.834603228
27/03/2017,0.293360443,0.833860914
28/03/2017,0.203250676,0.833779009
29/03/2017,0.14037094,0.833654345
30/03/2017,0.599717417,0.833994988
31/03/2017,-0.024200145,0.833900501
01/04/2017,-0.440298581,0.834182953
02/04/2017,0.437815471,0.834250619
03/04/2017,-0.001833919,0.833784029
04/04/2017,-1.330258423,0.83416727
05/04/2017,-1.825608384,0.836101626
06/04/2017,-0.946539505,0.83300568
07/04/2017,-0.153186775,0.830161876
08/04/2017,-0.729832992,0.83031811
09/04/2017,-0.958785013,0.831745535
10/04/2017,-1.816211281,0.836660723
11/04/2017,-0.730387949,0.837191324
12/04/2017,-0.369514797,0.837153669
13/04/2017,0.395106143,0.837410638
14/04/2017,0.481979406,0.837428675
15/04/2017,0.316248136,0.83711552
16/04/2017,0.408001025,0.836976643
17/04/2017,0.312921245,0.8369107
18/04/2017,0.579852725,0.837208067
19/04/2017,0.967430678,0.838720536
20/04/2017,0.932840419,0.839808029
21/04/2017,0.76145353,0.839402812
22/04/2017,0.259663361,0.839453147
23/04/2017,0.619604136,0.8400562
24/04/2017,-0.747554268,0.84031429
25/04/2017,0.157115654,0.838604636
26/04/2017,0.465043864,0.837476237
27/04/2017,0.471931149,0.837165082
28/04/2017,0.653678586,0.837165921
29/04/2017,0.182455945,0.836767232
30/04/2017,0.478661284,0.836513811
01/05/2017,0.247296534,0.834214677
02/05/2017,-0.167295419,0.834120238
03/05/2017,-1.225254832,0.836602356
04/05/2017,-1.022800838,0.836910068
05/05/2017,-0.447191759,0.835994566
06/05/2017,-0.528448236,0.835688513
07/05/2017,0.852712232,0.83677033
08/05/2017,0.014150955,0.834826379
09/05/2017,0.075611356,0.833675254
10/05/2017,-0.820796474,0.830236986
11/05/2017,0.3793304,0.829454915
12/05/2017,0.125554447,0.829453865
13/05/2017,0.455889021,0.828620706
14/05/2017,-0.370014622,0.827122805
15/05/2017,-0.230673037,0.825857286
16/05/2017,0.95737951,0.826263109
17/05/2017,0.882157005,0.827537578
18/05/2017,-0.367774024,0.8264569
19/05/2017,-0.065384026,0.824936037
20/05/2017,0.736251556,0.825326465
21/05/2017,1.057802681,0.826989709
22/05/2017,0.379626087,0.82518232
23/05/2017,-0.903457218,0.826548322
24/05/2017,-0.914391947,0.826758247
25/05/2017,0.38853506,0.825444771
26/05/2017,1.009369185,0.827091849
27/05/2017,0.800919051,0.825079786
28/05/2017,0.361757596,0.820909527
29/05/2017,-1.27762871,0.822639614
30/05/2017,-0.281445669,0.822654523
31/05/2017,-0.440399466,0.821519506
01/06/2017,-1.069752147,0.82244951
02/06/2017,-0.500412898,0.822864055
03/06/2017,-0.791204712,0.822595917
04/06/2017,-0.431648606,0.822823234
05/06/2017,-1.025710983,0.823786578
06/06/2017,0.218000838,0.822129587
07/06/2017,0.497391887,0.821360849
08/06/2017,0.674309206,0.822116198
09/06/2017,-0.754343456,0.822912418
10/06/2017,-1.427328688,0.826261514
11/06/2017,0.527055665,0.823016575
12/06/2017,-0.479888096,0.823367137
13/06/2017,-0.478032398,0.823065487
14/06/2017,-0.100993465,0.822685107
15/06/2017,-0.73123333,0.822252022
16/06/2017,-1.382848029,0.824048668
17/06/2017,-0.110258045,0.822670275
18/06/2017,1.027025999,0.823542168
19/06/2017,1.010233781,0.82484158
20/06/2017,-0.884918851,0.826088333
21/06/2017,-0.271540474,0.825846001
22/06/2017,-1.112195449,0.827729277
23/06/2017,-0.102028835,0.827058097
24/06/2017,-0.145990603,0.825470054
25/06/2017,0.550006918,0.82557677
26/06/2017,-0.05595155,0.825394436
27/06/2017,0.347989175,0.825156412
28/06/2017,0.893381683,0.825104469
29/06/2017,1.139430014,0.82627269
30/06/2017,0.040611035,0.826257224
01/07/2017,-0.034623054,0.824715857
02/07/2017,0.264286312,0.820039125
03/07/2017,1.190296885,0.820846795
04/07/2017,0.592246341,0.821419989
05/07/2017,-0.583196615,0.821954164
06/07/2017,-0.89430203,0.82212876
07/07/2017,-0.890888863,0.822141857
08/07/2017,-0.619210448,0.822636832
09/07/2017,-0.761152959,0.822865548
10/07/2017,0.704915663,0.822867878
11/07/2017,0.702246808,0.818728933
12/07/2017,0.267480748,0.812796321
13/07/2017,0.384057467,0.811765104
14/07/2017,-0.002738061,0.811195132
15/07/2017,0.623315231,0.809965481
16/07/2017,1.36241513,0.812219874
17/07/2017,1.29422918,0.812147824
18/07/2017,0.045632997,0.810487133
19/07/2017,-0.927363961,0.811052981
20/07/2017,-0.74797131,0.810970983
21/07/2017,-0.684524777,0.811021802
22/07/2017,0.288341729,0.810420629
23/07/2017,0.260157833,0.810496671
24/07/2017,0.870930521,0.8100084
25/07/2017,1.154139596,0.811918002
26/07/2017,0.247728189,0.811565384
27/07/2017,0.188106783,0.811581118
28/07/2017,0.557026775,0.811844319
29/07/2017,-0.466026233,0.811354965
30/07/2017,-1.141848664,0.812635924
31/07/2017,-0.972500197,0.813409691
01/08/2017,-0.121043836,0.81342889
02/08/2017,-0.636910617,0.812993582
03/08/2017,-0.395326756,0.81272089
04/08/2017,-0.829740084,0.813622212
05/08/2017,-0.493856737,0.813428729
06/08/2017,0.291048657,0.813521992
07/08/2017,0.552774048,0.813576571
08/08/2017,-0.817060685,0.812615515
09/08/2017,-0.361185026,0.811548248
10/08/2017,0.113992359,0.811568143
11/08/2017,1.312317883,0.813206054
12/08/2017,1.286110194,0.81562693
13/08/2017,1.169979579,0.814865848
14/08/2017,0.655865901,0.813721985
15/08/2017,0.483379094,0.814021423
16/08/2017,0.2904224,0.81283619
17/08/2017,0.332898632,0.812752044
18/08/2017,-0.464810244,0.812653041
19/08/2017,-0.018729376,0.812653438
20/08/2017,1.032781925,0.814428821
21/08/2017,1.314330765,0.815065125
22/08/2017,0.891321394,0.815417315
23/08/2017,-0.63392317,0.8139148
24/08/2017,-1.377261743,0.813766443
25/08/2017,-1.283738022,0.813697136
26/08/2017,-1.260757712,0.814681299
27/08/2017,-0.991715901,0.816179706
28/08/2017,0.300680997,0.815843859
29/08/2017,0.800440473,0.815459996
30/08/2017,-0.251675127,0.815553362
31/08/2017,-0.260968361,0.813673576
01/09/2017,0.711357752,0.8139266
02/09/2017,0.835997654,0.814418679
03/09/2017,1.212324003,0.816710544
04/09/2017,-0.89527347,0.817761238
05/09/2017,-0.743075777,0.818330122
06/09/2017,0.155013986,0.816146957
07/09/2017,0.695869116,0.813771703
08/09/2017,-0.141492726,0.813771398
09/09/2017,0.735043106,0.813888184
10/09/2017,0.921162575,0.814917957
11/09/2017,1.1222122,0.815423109
12/09/2017,1.486316189,0.817740149
13/09/2017,0.436650218,0.816960833
14/09/2017,0.78975201,0.814415425
15/09/2017,0.237418379,0.808127438
16/09/2017,0.536727132,0.808185774
17/09/2017,0.864889134,0.809337287
18/09/2017,0.295968266,0.807374974
19/09/2017,1.115530402,0.808518422
20/09/2017,0.869964739,0.80917183
21/09/2017,0.408117986,0.809052959
22/09/2017,-1.146624519,0.809579099
23/09/2017,-1.25548199,0.812318415
24/09/2017,-1.077178701,0.813323137
25/09/2017,-0.454637623,0.80929818
26/09/2017,-0.673202275,0.808483205
27/09/2017,-0.210443145,0.808086371
28/09/2017,0.497663483,0.807349538
29/09/2017,0.600858515,0.807655319
30/09/2017,-0.053291297,0.804731863
01/10/2017,-1.849692616,0.809716283
02/10/2017,-1.512099359,0.812596476
03/10/2017,-0.747968804,0.813138427
04/10/2017,-1.443751882,0.815946129
05/10/2017,-0.060326978,0.815933165
06/10/2017,1.092166701,0.816959504
07/10/2017,1.343411809,0.81806849
08/10/2017,0.494756843,0.817410606
09/10/2017,-0.923846708,0.818920908
10/10/2017,-1.378185993,0.822191797
11/10/2017,-1.043715118,0.824033604
12/10/2017,-1.483264201,0.827685897
13/10/2017,-0.629674888,0.827648739
14/10/2017,0.309934774,0.82774377
15/10/2017,-0.093288395,0.82666366
16/10/2017,-1.448593713,0.829391707
17/10/2017,-2.307833877,0.838175379
18/10/2017,-1.932249546,0.843395236
19/10/2017,-2.002188605,0.849731081
20/10/2017,-2.504219996,0.859549227
21/10/2017,-1.368223395,0.862261609
22/10/2017,0.835683689,0.863219598
23/10/2017,1.265069985,0.865026406
24/10/2017,1.411805047,0.865345264
25/10/2017,1.158116614,0.865714277
26/10/2017,0.141181501,0.864827567
27/10/2017,0.907110078,0.866108222
28/10/2017,0.908168304,0.866008531
29/10/2017,0.902639248,0.863514972
30/10/2017,0.056749372,0.861322021
31/10/2017,-0.041512851,0.859126073
01/11/2017,-0.73271286,0.857873904
02/11/2017,-0.352241499,0.85800029
03/11/2017,-0.058290654,0.85608082
04/11/2017,-1.0802001,0.856645207
05/11/2017,0.157745458,0.856391835
06/11/2017,0.403693132,0.855440924
07/11/2017,0.273639523,0.852937361
08/11/2017,0.090895649,0.851542696
09/11/2017,0.08515199,0.851544393
10/11/2017,-1.033648309,0.852507203
11/11/2017,-1.49494413,0.855104403
12/11/2017,0.38366614,0.853207566
13/11/2017,0.788916942,0.851795807
14/11/2017,0.032519936,0.851484312
15/11/2017,-0.507965571,0.850660082
16/11/2017,0.513881423,0.851129716
17/11/2017,1.147924667,0.849858108
18/11/2017,0.698045897,0.849801685
19/11/2017,-0.112867363,0.849739028
20/11/2017,0.534412213,0.849969452
21/11/2017,-0.353030363,0.849767959
22/11/2017,-1.258980117,0.852108647
23/11/2017,-1.727418772,0.856600151
24/11/2017,-1.68696678,0.860438007
25/11/2017,0.663828246,0.86085612
26/11/2017,0.944992431,0.862338235
27/11/2017,1.230175752,0.859598335
28/11/2017,0.413014374,0.85421304
29/11/2017,0.801277569,0.855222323
30/11/2017,0.787183226,0.853018282
01/12/2017,-1.033571046,0.851813994
02/12/2017,-1.110875991,0.853594899
03/12/2017,-0.121241191,0.851656001
04/12/2017,-0.008361474,0.845508757
05/12/2017,0.154578366,0.843445596
06/12/2017,-0.329041492,0.841986893
07/12/2017,0.061889598,0.839774883
08/12/2017,0.799981663,0.840386509
09/12/2017,0.887560378,0.841474135
10/12/2017,0.498641067,0.837807675
11/12/2017,0.946462205,0.838471239
12/12/2017,0.891385217,0.839723554
13/12/2017,0.694365021,0.840408869
14/12/2017,1.019713504,0.841805944
15/12/2017,0.982305071,0.835884424
16/12/2017,0.482325679,0.835886738
17/12/2017,0.630445197,0.836431993
18/12/2017,0.618886296,0.836956254
19/12/2017,0.046344931,0.83446636
20/12/2017,0.033302097,0.834392375
21/12/2017,0.853132479,0.835003325
22/12/2017,1.135712557,0.836983454
23/12/2017,0.752786077,0.837773767
24/12/2017,-0.204216522,0.837403409
25/12/2017,-0.213340729,0.837504819
26/12/2017,0.145460211,0.837477266
27/12/2017,0.870961139,0.838438183
28/12/2017,0.863803684,0.838549057
29/12/2017,0.335663918,0.836739222
30/12/2017,-0.528024294,0.834495363
31/12/2017,-0.227585174,0.832717287
01/01/2018,0.730665563,0.83260299
02/01/2018,0.812520407,0.833237882
03/01/2018,0.730411637,0.833729772
04/01/2018,0.454797292,0.833275807
05/01/2018,0.500992315,0.83346755
06/01/2018,-0.079073681,0.831387779
07/01/2018,-0.197024492,0.828901832
08/01/2018,0.402568824,0.826960167
09/01/2018,0.097964515,0.825685296
10/01/2018,-0.284621418,0.824608131
11/01/2018,-0.930280495,0.824884126
12/01/2018,-0.300399498,0.825047109
13/01/2018,0.434227636,0.82458868
14/01/2018,-1.589970781,0.826612664
15/01/2018,-1.181210254,0.828545825
16/01/2018,0.883574663,0.829267026
17/01/2018,0.944483163,0.830645919
18/01/2018,0.594195108,0.831204487
19/01/2018,0.882103319,0.832188693
20/01/2018,-0.04177135,0.831798966
21/01/2018,0.848575243,0.832911241
22/01/2018,0.144436638,0.832745929
23/01/2018,-0.098974787,0.832738737
24/01/2018,-0.100256407,0.832218691
25/01/2018,-1.78046583,0.837289934
26/01/2018,-1.202284385,0.839075802
27/01/2018,-2.594591932,0.84991495
28/01/2018,-1.499955863,0.848310054
29/01/2018,-0.93561231,0.843969657
30/01/2018,-0.505685401,0.843003929
31/01/2018,-0.336091826,0.83823595
01/02/2018,0.542165213,0.838701111
02/02/2018,0.824665576,0.839191854
03/02/2018,0.896358011,0.840407719
04/02/2018,-0.068696824,0.839381514
05/02/2018,-1.46078966,0.841064665
06/02/2018,0.026060939,0.839587132
07/02/2018,0.307100087,0.839001994
08/02/2018,0.15932001,0.839033421
09/02/2018,-0.896666725,0.837876028
10/02/2018,0.83613594,0.839005557
11/02/2018,0.353796075,0.839056033
12/02/2018,0.071792572,0.835824304
13/02/2018,0.038784252,0.829085717
14/02/2018,-0.287788545,0.826433301
15/02/2018,0.897668932,0.827715964
16/02/2018,-0.33246072,0.827891479
17/02/2018,-1.745846566,0.831923055
18/02/2018,-0.49875935,0.832327267
19/02/2018,-0.974155539,0.833777205
20/02/2018,-1.507899406,0.837541383
21/02/2018,-0.218145902,0.83549098
22/02/2018,-0.485468015,0.835882083
23/02/2018,0.534977101,0.835922273
24/02/2018,-0.107882625,0.835719886
25/02/2018,0.451411546,0.83484659
26/02/2018,0.388494439,0.833936206
27/02/2018,-0.385534862,0.834151143
28/02/2018,-0.546733588,0.834513495
01/03/2018,-0.115689738,0.833540986
02/03/2018,0.566756633,0.833083134
03/03/2018,0.754011454,0.833725185
04/03/2018,-0.151666527,0.832536791
05/03/2018,0.121045522,0.83181979
06/03/2018,0.724918758,0.831816747
07/03/2018,0.602780234,0.830424958
08/03/2018,0.44457434,0.829270015
09/03/2018,-1.1343837,0.828599197
10/03/2018,-0.111145507,0.827047809
11/03/2018,0.200970003,0.82482195
12/03/2018,0.793494771,0.823338115
13/03/2018,0.807990738,0.824077671
14/03/2018,0.056438944,0.824085796
15/03/2018,0.165649136,0.823865191
16/03/2018,0.392267449,0.823981572
17/03/2018,0.510907479,0.823962934
18/03/2018,0.372561027,0.824186669
19/03/2018,0.675141255,0.82290681
20/03/2018,0.225573132,0.821943493
21/03/2018,0.632255581,0.822174278
22/03/2018,0.997208538,0.818673323
23/03/2018,0.656672301,0.818414116
24/03/2018,-0.447503012,0.817633131
25/03/2018,-0.226992734,0.80840371
26/03/2018,0.24141508,0.805509926
27/03/2018,-1.196426138,0.807586877
28/03/2018,-0.116159784,0.807467802
29/03/2018,0.681352035,0.808180133
30/03/2018,0.478125075,0.808529441
31/03/2018,0.754376906,0.808881679
01/04/2018,0.033715453,0.808881618
02/04/2018,-0.080923138,0.808557468
03/04/2018,-0.249616986,0.808350346
04/04/2018,-0.173890891,0.808403923
05/04/2018,0.003068543,0.80537433
06/04/2018,0.752511741,0.800558261
07/04/2018,-0.237456799,0.799082856
08/04/2018,-0.368766702,0.799287635
09/04/2018,0.435803172,0.798630416
10/04/2018,0.109773761,0.796997622
11/04/2018,-0.909700924,0.792666465
12/04/2018,0.037194269,0.79167881
13/04/2018,-0.458989341,0.791815233
14/04/2018,-0.064996073,0.791593227
15/04/2018,0.021461671,0.791230769
16/04/2018,-0.635605871,0.79183077
17/04/2018,-0.202832778,0.791656845
18/04/2018,0.549500052,0.791993621
19/04/2018,0.351795434,0.791641668
20/04/2018,0.601394854,0.790671448
21/04/2018,-0.414041078,0.789537709
22/04/2018,-1.901062929,0.794887243
23/04/2018,-0.769064071,0.795811526
24/04/2018,-0.339833913,0.795360624
25/04/2018,-0.953904514,0.795966387
26/04/2018,-1.023686085,0.797725154
27/04/2018,-1.04718169,0.799215966
28/04/2018,-0.770749478,0.799820186
29/04/2018,-0.818046534,0.800177826
30/04/2018,0.18498954,0.800179535
01/05/2018,-0.731300478,0.800641061
02/05/2018,0.534347576,0.801040708
03/05/2018,0.997306518,0.802748333
04/05/2018,-0.410860837,0.800503268
05/05/2018,-0.340995572,0.798932494
06/05/2018,0.176654526,0.798659386
07/05/2018,0.077465939,0.79820293
08/05/2018,-0.251286095,0.797037457
09/05/2018,-1.128883574,0.799186374
10/05/2018,-0.672006166,0.799918822
11/05/2018,-0.207892982,0.798864585
12/05/2018,-0.74569222,0.799520285
13/05/2018,0.304695389,0.799661205
14/05/2018,0.933020783,0.800817766
15/05/2018,0.563273268,0.80116337
16/05/2018,0.08391375,0.801095108
17/05/2018,-1.02673094,0.801247535
18/05/2018,-0.628621799,0.800504587
19/05/2018,-0.237602305,0.800378133
20/05/2018,-0.400430615,0.800623248
21/05/2018,-1.200629327,0.802013484
22/05/2018,-0.588094692,0.800539021
23/05/2018,-0.277105076,0.800355699
24/05/2018,-0.00599229,0.799049713
25/05/2018,-0.432049519,0.797982053
26/05/2018,-0.489422132,0.798047829
27/05/2018,-1.34612563,0.799141503
28/05/2018,-2.10662234,0.805224994
29/05/2018,-1.404358649,0.808072401
30/05/2018,-1.430181928,0.808746925
31/05/2018,-0.866245995,0.809783563
01/06/2018,-0.222414764,0.809576545
02/06/2018,-0.832900864,0.808853871
03/06/2018,-1.082269057,0.810312457
04/06/2018,-0.685734005,0.810067352
05/06/2018,0.812160214,0.811074883
06/06/2018,-0.139493986,0.809468415
07/06/2018,-0.004081725,0.809353746
08/06/2018,0.53311104,0.809421586
09/06/2018,1.038268591,0.810531507
10/06/2018,0.318618665,0.809898264
11/06/2018,-0.973184793,0.808115733
12/06/2018,0.432168739,0.807948319
13/06/2018,1.03765444,0.809581488
14/06/2018,0.216190395,0.809357955
15/06/2018,1.168375711,0.81178976
16/06/2018,1.116022581,0.813167883
17/06/2018,0.599935262,0.810706828
18/06/2018,0.86329642,0.812008957
19/06/2018,1.142353647,0.812437953
20/06/2018,0.229636569,0.810754315
21/06/2018,-0.656185265,0.81017378
22/06/2018,0.893674277,0.811468779
23/06/2018,1.038229361,0.811296935
24/06/2018,0.656320824,0.812030281
25/06/2018,0.390082609,0.812264688
26/06/2018,1.43620626,0.815244555
27/06/2018,1.60297755,0.819557516
28/06/2018,1.26995333,0.822042824
29/06/2018,0.219450881,0.820795955
30/06/2018,0.654855865,0.819343788
01/07/2018,-0.083751211,0.819352465
02/07/2018,0.43614229,0.81966879
03/07/2018,0.221089602,0.8196338
04/07/2018,-0.239415381,0.817350563
05/07/2018,-0.163878481,0.816795751
06/07/2018,0.914804332,0.817646665
07/07/2018,1.131004646,0.818441429
08/07/2018,1.171151786,0.819361497
09/07/2018,1.192791181,0.821024376
10/07/2018,-0.087089634,0.820035034
11/07/2018,0.863855868,0.820442645
12/07/2018,0.837721056,0.820783221
13/07/2018,-0.362942755,0.820917989
14/07/2018,-0.70368106,0.821548612
15/07/2018,-0.729791344,0.822464009
16/07/2018,0.873331881,0.823077983
17/07/2018,0.535926079,0.820490324
18/07/2018,0.73551576,0.818610028
19/07/2018,0.105295767,0.818623603
20/07/2018,-0.220541223,0.817244558
21/07/2018,0.376474571,0.816502461
22/07/2018,0.894128581,0.816979496
23/07/2018,1.115006527,0.818872573
24/07/2018,1.485107182,0.822356236
25/07/2018,1.137934215,0.823228931
26/07/2018,0.850072094,0.822237327
27/07/2018,-0.323548999,0.822350598
28/07/2018,0.217514136,0.822368424
29/07/2018,0.589658559,0.822428474
30/07/2018,0.674158577,0.822738049
31/07/2018,0.901684048,0.821737256
01/08/2018,0.655166177,0.820702384
02/08/2018,0.471858188,0.82098035
03/08/2018,0.174980313,0.820254375
04/08/2018,-0.616972759,0.820656876
05/08/2018,-0.853756611,0.820727356
06/08/2018,-1.570712394,0.824557998
07/08/2018,-1.245032051,0.827153076
08/08/2018,-0.765352917,0.827740748
09/08/2018,-1.190421192,0.829012368
10/08/2018,-0.647285992,0.829512755
11/08/2018,-0.430296353,0.829840171
12/08/2018,-0.772642237,0.828121546
13/08/2018,0.434147835,0.82574002
14/08/2018,0.561642914,0.824019772
15/08/2018,0.10626109,0.823346617
16/08/2018,0.199544856,0.823035104
17/08/2018,-1.150662221,0.825140541
18/08/2018,-0.724041146,0.825847372
19/08/2018,0.046405178,0.825483708
20/08/2018,0.270060021,0.825598133
21/08/2018,-0.099825041,0.823862287
22/08/2018,-0.656159424,0.821708825
23/08/2018,-0.734708941,0.821262316
24/08/2018,-0.937463811,0.822050788
25/08/2018,0.495558107,0.819322816
26/08/2018,1.415409015,0.819901269
27/08/2018,1.448446521,0.820667988
28/08/2018,1.216456499,0.821379359
29/08/2018,-0.092680603,0.821266918
30/08/2018,-0.933194069,0.821739743
31/08/2018,0.322205118,0.821780777
01/09/2018,0.884042098,0.822907532
02/09/2018,0.465593644,0.822440125
03/09/2018,0.286354294,0.821441877
04/09/2018,0.010287366,0.819043372
05/09/2018,-0.194617248,0.81773412
06/09/2018,-1.00322014,0.818506833
07/09/2018,0.279396064,0.818591577
08/09/2018,-0.015942936,0.817811895
09/09/2018,-0.365703898,0.818011041
10/09/2018,-0.365804321,0.817366061
11/09/2018,0.709262785,0.816792497
12/09/2018,0.147932491,0.814735228
13/09/2018,-0.781533552,0.812058028
14/09/2018,-1.176975214,0.81405231
15/09/2018,-1.388563269,0.816181699
16/09/2018,-0.951432918,0.817552694
17/09/2018,-1.424204912,0.820349048
18/09/2018,-1.50773201,0.822707191
19/09/2018,-1.482460743,0.82604175
20/09/2018,-1.124854048,0.825819598
21/09/2018,-0.995469899,0.825959384
22/09/2018,-1.495488793,0.829100292
23/09/2018,0.061115019,0.827116458
24/09/2018,1.276418425,0.827549283
25/09/2018,1.457699273,0.829431108
26/09/2018,1.539381265,0.833179702
27/09/2018,1.250637668,0.835147401
28/09/2018,0.690471295,0.835912071
29/09/2018,0.842976654,0.836689749
30/09/2018,0.712435857,0.836935656
01/10/2018,0.619422482,0.837592741
02/10/2018,0.049648406,0.832056991
03/10/2018,1.089780434,0.830295532
04/10/2018,0.536837996,0.829849835
05/10/2018,0.406420267,0.826652183
06/10/2018,0.254138665,0.826746112
07/10/2018,0.002908958,0.824788011
08/10/2018,-0.430435195,0.822104548
09/10/2018,-0.631913801,0.822353909
10/10/2018,-1.170320566,0.823209959
11/10/2018,-1.761794519,0.825205681
12/10/2018,-0.458984014,0.823754747
13/10/2018,0.081266831,0.820107795
14/10/2018,-0.390449321,0.819699438
15/10/2018,0.301520806,0.819690871
16/10/2018,-0.181981896,0.819731958
17/10/2018,-1.008226119,0.817919846
18/10/2018,-0.454340504,0.809271195
19/10/2018,-0.492231784,0.803295112
20/10/2018,0.372113455,0.796551063
21/10/2018,0.333724236,0.785674643
22/10/2018,0.271740822,0.782375055
23/10/2018,1.213649974,0.78369008
24/10/2018,0.519166047,0.781438191
25/10/2018,0.370119536,0.778277716
26/10/2018,0.920907111,0.777430597
27/10/2018,0.896676056,0.778741077
28/10/2018,1.187755359,0.779747246
29/10/2018,1.26768012,0.781084233
30/10/2018,0.660915304,0.780445504
31/10/2018,-0.638437801,0.781221945
01/11/2018,-0.008423167,0.781215964
02/11/2018,-0.28727756,0.780376305
03/11/2018,-0.276169341,0.780284924
04/11/2018,0.29225376,0.780393803
05/11/2018,-0.476733315,0.778679494
06/11/2018,-1.102216615,0.780898008
07/11/2018,0.117141799,0.780663116
08/11/2018,-0.163002028,0.780617914
09/11/2018,-1.899528935,0.787065854
10/11/2018,-1.733340652,0.792374044
11/11/2018,-2.117857148,0.798308964
12/11/2018,-2.972162787,0.809602367
13/11/2018,-1.693316302,0.814226676
14/11/2018,0.271093713,0.813305188
15/11/2018,0.250619285,0.813408437
16/11/2018,0.148870047,0.813006195
17/11/2018,-0.031477614,0.812567164
18/11/2018,0.551235707,0.810857778
19/11/2018,-0.091436716,0.810045428
20/11/2018,0.451048443,0.810370509
21/11/2018,0.22130269,0.809969316
22/11/2018,-0.481528113,0.810149948
23/11/2018,-1.554834334,0.811554121
24/11/2018,-0.070757307,0.806512164
25/11/2018,0.591468794,0.802222495
26/11/2018,0.636082477,0.802161671
27/11/2018,0.941011233,0.802148958
28/11/2018,1.181180186,0.801948504
29/11/2018,0.720657832,0.802535297
30/11/2018,-1.643654542,0.806088003
01/12/2018,-1.33913829,0.808073925
02/12/2018,-1.247064571,0.808895986
03/12/2018,0.370571676,0.807048163
04/12/2018,0.381914573,0.807270072
05/12/2018,0.350020077,0.807475901
06/12/2018,-0.936679823,0.808924641
07/12/2018,-0.316055457,0.808910494
08/12/2018,0.930552945,0.810368204
09/12/2018,0.796850328,0.810359768
10/12/2018,0.433125045,0.809345922
11/12/2018,-0.444147954,0.809255637
12/12/2018,-2.23928833,0.816126181
13/12/2018,-0.879763979,0.816011635
14/12/2018,-0.488052177,0.815532544
15/12/2018,0.673323081,0.814524067
16/12/2018,0.026809716,0.812832081
17/12/2018,0.018905546,0.812404122
18/12/2018,0.973384475,0.81335812
19/12/2018,-0.348503826,0.812838203
20/12/2018,-0.257628871,0.812919748
21/12/2018,-0.405420993,0.813154806
22/12/2018,0.842852017,0.813124474
23/12/2018,0.39072015,0.811134179
24/12/2018,0.710492924,0.811025401
25/12/2018,0.689186719,0.811843189
26/12/2018,0.143816401,0.811833728
27/12/2018,-0.23588036,0.811857232
28/12/2018,-1.215763658,0.812857165
29/12/2018,-0.548310934,0.811938804
30/12/2018,-0.709633331,0.812462525
31/12/2018,0.737805677,0.813072882
01/01/2019,0.561287413,0.813610181
02/01/2019,0.344079215,0.812865003
03/01/2019,1.001720626,0.813465605
04/01/2019,0.79945772,0.813651537
05/01/2019,0.485400771,0.813703542
06/01/2019,0.308117258,0.813418172
07/01/2019,0.468687831,0.81384078
08/01/2019,0.249090092,0.813929365
09/01/2019,0.296328677,0.813792768
10/01/2019,0.646009797,0.8145376
11/01/2019,-0.042605358,0.814429486
12/01/2019,0.696554149,0.813944426
13/01/2019,-0.005224343,0.813818054
14/01/2019,0.527902117,0.81397766
15/01/2019,0.395734173,0.810126425
16/01/2019,0.195669117,0.807911113
17/01/2019,-0.030646493,0.806534997
18/01/2019,0.115410088,0.804986353
19/01/2019,-0.949303905,0.805799659
20/01/2019,-1.634900238,0.808773974
21/01/2019,-1.208704533,0.81111078
22/01/2019,-0.075268671,0.809790526
23/01/2019,-0.29735602,0.809848074
24/01/2019,-0.103966127,0.809849136
25/01/2019,0.781981708,0.810977228
26/01/2019,0.709897015,0.806738326
27/01/2019,0.299074819,0.80457206
28/01/2019,0.548869467,0.793775194
29/01/2019,-1.170431628,0.792273628
30/01/2019,-0.374502132,0.791030721
31/01/2019,0.524543509,0.791110134
01/02/2019,0.566221413,0.791501431
02/02/2019,0.700385109,0.791846394
03/02/2019,0.245523306,0.790754763
04/02/2019,0.320863298,0.789518563
05/02/2019,0.919981619,0.791012887
06/02/2019,0.87426435,0.788684462
07/02/2019,-0.066670687,0.788690126
08/02/2019,-0.614743891,0.789169401
09/02/2019,-0.423210076,0.789423733
10/02/2019,0.346809738,0.788259116
11/02/2019,0.67443396,0.787832387
12/02/2019,0.785228341,0.788691497
13/02/2019,0.874242119,0.790013753
14/02/2019,0.787004969,0.791083394
15/02/2019,0.567901781,0.791490698
16/02/2019,-0.196545547,0.790170348
17/02/2019,-1.159543241,0.792305718
18/02/2019,-1.403675165,0.790441491
19/02/2019,-1.233743693,0.792641214
20/02/2019,-1.716438922,0.796076151
21/02/2019,-0.947278215,0.793711531
22/02/2019,0.194068158,0.793697968
23/02/2019,0.905239022,0.794705097
24/02/2019,0.625339397,0.794885192
25/02/2019,0.588982808,0.795455422
26/02/2019,0.679708195,0.795896606
27/02/2019,0.66564693,0.796394521
28/02/2019,-0.100431602,0.796150499
01/03/2019,0.438282747,0.7959412
02/03/2019,0.256986958,0.796019808
03/03/2019,-1.616338017,0.800004772
04/03/2019,0.622358243,0.799696117
05/03/2019,0.615983259,0.800294355
06/03/2019,-0.238306352,0.800372825
07/03/2019,0.371602251,0.799714536
08/03/2019,-0.203366632,0.799169991
09/03/2019,0.229338009,0.798922211
10/03/2019,0.503075639,0.797130027
11/03/2019,0.714615057,0.797967463
12/03/2019,0.840133989,0.799090334
13/03/2019,0.210321588,0.798103367
14/03/2019,0.369204083,0.79722714
15/03/2019,-0.050876621,0.797228493
16/03/2019,0.548703671,0.797689558
17/03/2019,-0.154066497,0.797478436
18/03/2019,0.116785223,0.797060579
19/03/2019,-0.70621953,0.797691205
20/03/2019,0.576645815,0.797480018
21/03/2019,0.68911735,0.798204512
22/03/2019,0.372584534,0.797758794
23/03/2019,0.197609239,0.796119419
24/03/2019,-0.468871269,0.795749414
25/03/2019,0.464313388,0.795781746
26/03/2019,0.564003549,0.79623932
27/03/2019,0.389561088,0.796399249
28/03/2019,0.866311023,0.795193467
29/03/2019,0.605091857,0.795779523
30/03/2019,0.335866814,0.795185106
31/03/2019,-0.99458607,0.796527579
01/04/2019,-1.598489808,0.799946758
02/04/2019,-0.824690727,0.801099686
03/04/2019,-0.02889675,0.801090653
04/04/2019,0.414154484,0.801284581
05/04/2019,0.262834288,0.801353472
06/04/2019,-1.630190232,0.805865191
07/04/2019,-0.426225132,0.805182504
08/04/2019,0.062213527,0.805101662
09/04/2019,0.338969009,0.805082556
10/04/2019,0.474621275,0.805143473
11/04/2019,-0.47189237,0.805488529
12/04/2019,-1.401438631,0.807405368
13/04/2019,-0.553638267,0.807903595
14/04/2019,-0.849788827,0.808755838
15/04/2019,0.166374089,0.808804338
16/04/2019,-0.632493396,0.809454782
17/04/2019,-0.761745078,0.80974754
18/04/2019,-0.13343698,0.809711094
19/04/2019,-0.689215422,0.809943039
20/04/2019,-0.395152791,0.809954298
21/04/2019,-0.031863266,0.809303126
22/04/2019,0.645239008,0.809783952
23/04/2019,0.40480053,0.804035759
24/04/2019,-0.172752168,0.803098615
25/04/2019,-0.92457162,0.80433893
26/04/2019,0.014822256,0.802819263
27/04/2019,0.219444054,0.801138729
28/04/2019,0.662429615,0.800027076
29/04/2019,0.229765833,0.799095175
30/04/2019,-0.183224471,0.797997016
01/05/2019,-0.592394648,0.798549501
02/05/2019,-0.321013887,0.79780447
03/05/2019,0.470126124,0.797694436
04/05/2019,-0.450296954,0.796339814
05/05/2019,0.635381543,0.796741162
06/05/2019,0.89167199,0.797891122
07/05/2019,0.633967808,0.798517667
08/05/2019,-0.065131001,0.79851787
09/05/2019,0.74117059,0.799325154
10/05/2019,-0.482865927,0.797516591
11/05/2019,-0.352473068,0.796941694
12/05/2019,-0.031920055,0.796861905
13/05/2019,-0.793174523,0.79698949
14/05/2019,0.680748148,0.797609906
15/05/2019,-0.394917595,0.79643335
16/05/2019,-0.355782358,0.796131324
17/05/2019,-1.025438467,0.797947291
18/05/2019,0.044056501,0.796118903
19/05/2019,0.273865338,0.795542626
20/05/2019,0.797663914,0.796502108
21/05/2019,0.997728272,0.797869514
22/05/2019,0.542548599,0.795787308
23/05/2019,-0.009389751,0.795148936
24/05/2019,-0.018910966,0.794997072
25/05/2019,-0.957729784,0.796647098
26/05/2019,0.363044664,0.796493893
27/05/2019,0.423372921,0.796315286
28/05/2019,0.685355978,0.793807331
29/05/2019,0.935018163,0.787265318
30/05/2019,-0.147854318,0.783685619
31/05/2019,0.725320262,0.780682449
01/06/2019,0.717521394,0.779988434
02/06/2019,-0.520696515,0.78043229
03/06/2019,0.395071871,0.779257182
04/06/2019,-0.345107321,0.777259388
05/06/2019,-0.646914779,0.777160377
06/06/2019,0.33933518,0.776294597
07/06/2019,-0.093256947,0.776266461
08/06/2019,0.413904103,0.776485107
09/06/2019,-0.515680857,0.776659386
10/06/2019,-1.135804862,0.77742732
11/06/2019,-0.391121602,0.777636704
12/06/2019,-0.184517791,0.775894153
13/06/2019,-0.189288273,0.775732562
14/06/2019,-0.899014034,0.775561511
15/06/2019,0.171800967,0.775537615
16/06/2019,0.214219383,0.773339979
17/06/2019,-0.436297884,0.771671621
18/06/2019,-0.581944248,0.771772698
19/06/2019,-1.202716012,0.773226121
20/06/2019,-0.473343778,0.771444305
21/06/2019,-0.878330457,0.772797673
22/06/2019,0.022564398,0.771988437
23/06/2019,0.397226951,0.770884922
24/06/2019,0.802739282,0.770129703
25/06/2019,1.119185592,0.771559109
26/06/2019,0.908011415,0.772714742
27/06/2019,0.914355743,0.770574583
28/06/2019,0.307135714,0.766243854
29/06/2019,1.027658652,0.765261511
30/06/2019,0.087156505,0.765196055
01/07/2019,-1.422583217,0.768135563
02/07/2019,-1.048910722,0.770109908
03/07/2019,-1.04302784,0.771729181
04/07/2019,-0.208445478,0.771722571
05/07/2019,-0.771128655,0.772677035
06/07/2019,-0.05085915,0.772633966
07/07/2019,1.145289791,0.773474889
08/07/2019,0.709604428,0.772100447
09/07/2019,0.926399531,0.771188547
10/07/2019,0.871564376,0.770008165
11/07/2019,0.876533205,0.771362021
12/07/2019,-0.453331813,0.770396546
13/07/2019,0.760668967,0.770176732
14/07/2019,1.015696885,0.771781093
15/07/2019,-0.421993495,0.771216911
16/07/2019,0.976995163,0.77194248
17/07/2019,0.813115429,0.771763558
18/07/2019,-0.799764074,0.772408823
19/07/2019,-1.060383175,0.773442487
20/07/2019,-1.639490562,0.77813901
21/07/2019,-1.201877285,0.780562803
22/07/2019,0.219710437,0.780393167
23/07/2019,1.067289987,0.780995295
24/07/2019,0.567282897,0.779356909
25/07/2019,-0.436364508,0.775711628
26/07/2019,-0.589570916,0.77392064
27/07/2019,0.849345087,0.773918398
28/07/2019,1.539027385,0.778038851
29/07/2019,1.250324026,0.780757381
30/07/2019,0.558949718,0.780694035
31/07/2019,0.021745137,0.77986387
01/08/2019,-0.015503642,0.778381301
02/08/2019,0.345387616,0.777815702
03/08/2019,0.830785935,0.778661692
04/08/2019,0.491885808,0.779052646
05/08/2019,-0.143833682,0.778446403
06/08/2019,-0.317762592,0.77736862
07/08/2019,0.194285362,0.773148762
08/08/2019,0.196500666,0.770503434
09/08/2019,0.334069397,0.769674926
10/08/2019,-0.743439202,0.768137655
11/08/2019,-0.360180713,0.767622372
12/08/2019,-0.961179136,0.768937543
13/08/2019,-0.450914657,0.768237453
14/08/2019,1.140739957,0.770218964
15/08/2019,1.078262537,0.771721072
16/08/2019,0.082611803,0.771713347
17/08/2019,0.082749902,0.771655745
18/08/2019,0.0827458,0.769297401
19/08/2019,-1.416122189,0.771941406
20/08/2019,-1.228763133,0.774620473
21/08/2019,-1.141445077,0.776783271
22/08/2019,-0.30850741,0.77693053
23/08/2019,0.378536374,0.776434639
24/08/2019,-0.086030356,0.775496245
25/08/2019,-0.411039401,0.774239478
26/08/2019,-0.769136354,0.774851181
27/08/2019,-0.893518865,0.772677536
28/08/2019,-1.112387354,0.771044902
29/08/2019,-0.671557776,0.769096197
30/08/2019,-0.501758598,0.769498903
31/08/2019,-0.520889675,0.768461455
01/09/2019,-1.449947703,0.771873349
02/09/2019,-1.397088303,0.773719895
03/09/2019,0.598930809,0.773985849
04/09/2019,1.1134525,0.776119321
05/09/2019,-0.300976248,0.776247027
06/09/2019,-0.457512946,0.776521791
07/09/2019,-0.162907556,0.774877672
08/09/2019,0.69870172,0.775642922
09/09/2019,0.888580389,0.777117248
10/09/2019,-0.338708329,0.77708604
11/09/2019,0.231703949,0.776994183
12/09/2019,1.05414985,0.778092592
13/09/2019,1.265088168,0.780945801
14/09/2019,0.941944189,0.781528983
15/09/2019,0.243205346,0.779260952
16/09/2019,-1.400032754,0.779316769
17/09/2019,-0.007747127,0.777753288
18/09/2019,-0.118831788,0.774223878
19/09/2019,-0.027150866,0.7702026
20/09/2019,1.158684672,0.768645157
21/09/2019,-0.00879619,0.766351676
22/09/2019,-0.361585226,0.764786954
23/09/2019,1.086781611,0.762749211
24/09/2019,0.657320292,0.763475352
25/09/2019,0.71595634,0.761509554
26/09/2019,0.541116809,0.758266347
27/09/2019,-0.795885499,0.75523809
28/09/2019,0.415170187,0.752737601
29/09/2019,0.345711548,0.752096784
30/09/2019,0.933054103,0.752385728
01/10/2019,-0.399418849,0.751775629
02/10/2019,1.043957673,0.753053649
03/10/2019,0.904357786,0.754514708
04/10/2019,1.279539964,0.755324958
05/10/2019,0.475281549,0.755213808
06/10/2019,-0.936153192,0.756533724
07/10/2019,0.306864577,0.756586402
08/10/2019,0.971392482,0.758271924
09/10/2019,0.059520635,0.757929381
10/10/2019,0.279269662,0.757315737
11/10/2019,-0.009895191,0.754780705
12/10/2019,-1.40413346,0.752703532
13/10/2019,-1.797736795,0.758247116
14/10/2019,-2.083960961,0.766108352
15/10/2019,-0.211230893,0.765911685
16/10/2019,0.487356789,0.766169541
17/10/2019,-0.926839755,0.767659983
18/10/2019,-1.613677193,0.770495818
19/10/2019,-0.891448011,0.771544754
20/10/2019,-0.461234841,0.771492071
21/10/2019,-2.149325254,0.779394724
22/10/2019,-1.507673943,0.783136763
23/10/2019,-1.15781545,0.785289765
24/10/2019,-0.271640867,0.78276247
25/10/2019,-0.574424941,0.782793777
26/10/2019,0.00566473,0.782526712
27/10/2019,-1.36910288,0.784120831
28/10/2019,-1.44205939,0.786090157
29/10/2019,-0.521830656,0.783883159
30/10/2019,-0.817871594,0.781934453
31/10/2019,-0.792523151,0.782030505
01/11/2019,-1.440239623,0.784804566
02/11/2019,0.541637563,0.785412997
03/11/2019,1.192068754,0.787988892
04/11/2019,1.13063252,0.790288741
05/11/2019,1.178025819,0.792667011
06/11/2019,0.776021199,0.793477343
07/11/2019,-0.5409744,0.791951794
08/11/2019,0.704637865,0.792854568
09/11/2019,0.494489258,0.793303367
10/11/2019,0.131092082,0.78727716
11/11/2019,0.265006798,0.782313604
12/11/2019,1.039284842,0.77650218
13/11/2019,1.005393004,0.762660577
14/11/2019,-0.642543375,0.758235409
15/11/2019,0.849531061,0.759398891
16/11/2019,0.873447428,0.760649852
17/11/2019,1.05058511,0.762572702
18/11/2019,0.417038624,0.762869143
19/11/2019,-0.439586153,0.762699085
20/11/2019,0.622895488,0.763360996
21/11/2019,-0.063685158,0.76301777
22/11/2019,-0.58385312,0.763559375
23/11/2019,-0.590145813,0.763770082
24/11/2019,0.914173301,0.760855679
25/11/2019,-0.395285372,0.761140826
26/11/2019,0.109289038,0.76054972
27/11/2019,0.766570042,0.760874868
28/11/2019,1.06612192,0.76132242
29/11/2019,1.059974477,0.760837776
30/11/2019,0.135173463,0.759953736
01/12/2019,-0.398218174,0.755311851
02/12/2019,0.288544175,0.752123027
03/12/2019,0.531427775,0.749682255
04/12/2019,0.486886523,0.749855588
05/12/2019,-0.734826306,0.750654886
06/12/2019,-1.028977906,0.752442581
07/12/2019,0.495576329,0.751206861
08/12/2019,-0.593416766,0.751684696
09/12/2019,0.60062853,0.750783922
10/12/2019,0.889936071,0.751064707
11/12/2019,1.103321581,0.752897361
12/12/2019,0.001232645,0.752507226
13/12/2019,1.008071455,0.744903846
14/12/2019,0.923906736,0.744843652
15/12/2019,0.519830373,0.744772852
16/12/2019,-0.161608633,0.744094888
17/12/2019,0.120496565,0.744108494
18/12/2019,0.165174989,0.744139462
19/12/2019,0.546510635,0.742997902
20/12/2019,0.582493436,0.743279873
21/12/2019,1.085146197,0.745137608
22/12/2019,1.08029756,0.746750774
23/12/2019,0.609708282,0.746166534
24/12/2019,0.553444096,0.746422603
25/12/2019,-0.078260066,0.745630246
26/12/2019,0.462018345,0.745184033
27/12/2019,-0.937183466,0.746915174
28/12/2019,0.9853036,0.748414806
29/12/2019,1.061928386,0.747402838
30/12/2019,0.847297749,0.747914789
31/12/2019,0.286862039,0.746950335
01/01/2020,0.28264209,0.746187275
02/01/2020,0.444797594,0.745994598
03/01/2020,-0.432578423,0.746267355
04/01/2020,0.005959299,0.744602648
05/01/2020,1.06571387,0.745468775
06/01/2020,0.98387295,0.746723749
07/01/2020,0.414401317,0.746845176
08/01/2020,0.293717197,0.746632401
09/01/2020,-0.931247586,0.748315247
10/01/2020,-0.836410556,0.749619568
11/01/2020,-0.105426351,0.748992792
12/01/2020,0.051005982,0.748980099
13/01/2020,-1.392596265,0.751928411
14/01/2020,-1.932064512,0.758928401
15/01/2020,-1.698638312,0.763837683
16/01/2020,0.074796683,0.763594336
17/01/2020,-0.342523822,0.76377999
18/01/2020,0.164390466,0.7638112
19/01/2020,0.160606872,0.763829912
20/01/2020,0.166924782,0.762165097
21/01/2020,-0.459069938,0.757610772
22/01/2020,-1.336511467,0.758211996
23/01/2020,-0.718705891,0.759198713
24/01/2020,-0.864274047,0.760439208
25/01/2020,-0.400286758,0.760734849
26/01/2020,-0.934985334,0.761344314
27/01/2020,-0.055435884,0.760494147
28/01/2020,0.965267551,0.761965357
29/01/2020,0.839526999,0.762669753
30/01/2020,-0.148843529,0.760165342
31/01/2020,0.398055128,0.760130959
01/02/2020,-0.21471233,0.75978251
02/02/2020,0.352946806,0.759446578
03/02/2020,0.554883538,0.759128812
04/02/2020,0.969889995,0.760655414
05/02/2020,1.16515843,0.762834797
06/02/2020,1.031394662,0.763214464
07/02/2020,0.377503952,0.762144145
08/02/2020,-1.493015707,0.766251931
09/02/2020,-0.334257768,0.765753942
10/02/2020,0.971290807,0.766999512
11/02/2020,1.012980565,0.768551542
12/02/2020,0.183148132,0.767847974
13/02/2020,-0.028474511,0.766822648
14/02/2020,0.909215182,0.766931016
15/02/2020,0.597094394,0.766477787
16/02/2020,-1.679060724,0.771093587
17/02/2020,-0.576807711,0.771639154
18/02/2020,-0.005134233,0.769173246
19/02/2020,0.11580396,0.765560687
20/02/2020,0.828661899,0.76386559
21/02/2020,-0.181924553,0.758447361
22/02/2020,0.3854406,0.756921576
23/02/2020,0.302710771,0.757004435
24/02/2020,0.217373536,0.755697741
25/02/2020,0.768629113,0.756040966
26/02/2020,0.997165187,0.757158664
27/02/2020,0.712267597,0.757236241
28/02/2020,0.713540639,0.757349211
29/02/2020,-0.121247868,0.757360392
01/03/2020,0.713962874,0.757896868
02/03/2020,0.883775058,0.759099416
03/03/2020,0.899674435,0.755441579
04/03/2020,-0.160216274,0.754915796
05/03/2020,0.066674287,0.754322943
06/03/2020,0.788750522,0.755182328
07/03/2020,-0.273063507,0.75517289
08/03/2020,0.52363977,0.755475593
09/03/2020,-0.4033461,0.755779495
10/03/2020,0.299220166,0.755515769
11/03/2020,-0.895421695,0.756287558
12/03/2020,0.239680699,0.755196838
13/03/2020,-0.165464403,0.755217386
14/03/2020,-1.07554351,0.757249184
15/03/2020,0.6294582,0.757877383
16/03/2020,-0.206129627,0.757502312
17/03/2020,-2.027463071,0.765060429
18/03/2020,-0.204362531,0.765142156
19/03/2020,-1.280652147,0.76723624
20/03/2020,-2.160131528,0.775143442
21/03/2020,-1.605164173,0.778967036
22/03/2020,0.06245775,0.77874185
23/03/2020,1.066076184,0.780633829
24/03/2020,0.431105643,0.780529074
25/03/2020,0.002766262,0.780174748
26/03/2020,0.827296594,0.780804186
27/03/2020,-0.030960131,0.78056082
28/03/2020,-1.606105978,0.78385447
29/03/2020,-1.602199375,0.78772246
30/03/2020,-1.784279452,0.793031086
31/03/2020,0.311402508,0.791501821
01/04/2020,0.794639725,0.788148102
02/04/2020,-0.6360139,0.787665261
03/04/2020,-0.784899312,0.788747195
04/04/2020,0.779936537,0.789499953
05/04/2020,0.543107227,0.789886752
06/04/2020,-0.454821112,0.785595816
07/04/2020,-0.394043165,0.785548795
08/04/2020,-0.706619533,0.786433206
09/04/2020,-1.071670886,0.788255207
10/04/2020,-0.320188386,0.788046898
11/04/2020,-0.748978302,0.788635065
12/04/2020,-1.78168319,0.790733966
13/04/2020,-0.226387693,0.790292321
14/04/2020,-0.221856682,0.789123537
15/04/2020,0.556968954,0.789611022
16/04/2020,-0.894320411,0.790306296
17/04/2020,-1.260177342,0.79205331
18/04/2020,-1.509679751,0.795948333
19/04/2020,-0.97737677,0.796770849
20/04/2020,-0.922623842,0.797956434
21/04/2020,-0.325447623,0.798130602
22/04/2020,-0.254260637,0.797503646
23/04/2020,-0.238241582,0.797298466
24/04/2020,-1.220185215,0.799758616
25/04/2020,0.313155846,0.798510764
26/04/2020,-0.650653433,0.799211558
27/04/2020,-0.534894793,0.799586245
28/04/2020,0.654716255,0.799568473
29/04/2020,1.028693135,0.801323999
30/04/2020,0.68039479,0.802088593
01/05/2020,0.643635806,0.802228904
02/05/2020,0.624264408,0.802733198
03/05/2020,0.334955965,0.802545842
04/05/2020,0.339761085,0.802403873
05/05/2020,0.344587653,0.801915286
06/05/2020,0.349411006,0.800759097
07/05/2020,0.785547962,0.801128985
08/05/2020,-0.757455576,0.802091867
09/05/2020,-0.731938936,0.802031799
10/05/2020,-0.428105331,0.801948323
11/05/2020,-0.423411492,0.802040087
12/05/2020,-0.418716106,0.802324654
13/05/2020,-0.414013673,0.801555632
14/05/2020,-0.409290766,0.801009185
15/05/2020,0.72952329,0.80169403
16/05/2020,-0.353334447,0.801691141
17/05/2020,-0.563654173,0.800449972
18/05/2020,0.036869389,0.800448778
19/05/2020,-0.483154467,0.800696329
20/05/2020,0.11570262,0.799604136
21/05/2020,1.123865575,0.800067575
22/05/2020,0.699278608,0.800406882
23/05/2020,-0.042414366,0.800408537
24/05/2020,0.102191509,0.800430415
25/05/2020,0.563356696,0.799449501
26/05/2020,0.876804325,0.800550989
27/05/2020,0.971961158,0.801868487
28/05/2020,0.976695388,0.802698772
29/05/2020,-0.097963276,0.801205801
30/05/2020,-1.263982517,0.803867094
31/05/2020,-0.810449644,0.804031823
01/06/2020,0.46343853,0.803508707
02/06/2020,0.320994608,0.803258644
03/06/2020,0.013635882,0.802976986
04/06/2020,0.976428646,0.804447746
05/06/2020,0.945774673,0.805294937
06/06/2020,0.387854878,0.805355712
07/06/2020,0.62522037,0.806014221
08/06/2020,0.511121221,0.806167849
09/06/2020,0.422204313,0.806022114
10/06/2020,0.929351414,0.805275515
11/06/2020,0.766233691,0.805984247
12/06/2020,-0.482285536,0.8063304
13/06/2020,0.300018053,0.806407611
14/06/2020,0.808124623,0.806074822
15/06/2020,0.812254871,0.807112271
16/06/2020,0.816340246,0.808130411
17/06/2020,0.820378621,0.808865737
18/06/2020,1.023238777,0.809938127
19/06/2020,0.016638064,0.80737609
20/06/2020,0.339859677,0.807109332
21/06/2020,0.783205704,0.806653181
22/06/2020,1.322848226,0.809454295
23/06/2020,1.260304326,0.81175433
24/06/2020,0.268899038,0.810861837
25/06/2020,-1.593048676,0.813361968
26/06/2020,-1.65596103,0.816835701
27/06/2020,-1.380342224,0.81879948
28/06/2020,-1.732700977,0.823762333
29/06/2020,0.177864047,0.822092647
30/06/2020,0.216365508,0.822152995
01/07/2020,-0.130352563,0.818743944
02/07/2020,-0.554558321,0.817390117
03/07/2020,-0.247905741,0.815620661
04/07/2020,0.393558785,0.815768053
05/07/2020,1.194432043,0.817011323
06/07/2020,0.776628932,0.817942865
07/07/2020,0.957775157,0.817299658
08/07/2020,0.399493673,0.816751251
09/07/2020,-1.153488982,0.817709719
10/07/2020,-1.728715546,0.821587014
11/07/2020,-0.396000598,0.820618777
12/07/2020,1.060762343,0.822089238
13/07/2020,1.115768014,0.82318093
14/07/2020,-0.096343838,0.821530071
15/07/2020,-0.496719312,0.82164764
16/07/2020,-0.333623905,0.82028687
17/07/2020,-0.269253122,0.819329641
18/07/2020,0.425766108,0.818532225
19/07/2020,-0.036360653,0.816614204
20/07/2020,-0.640941461,0.812740509
21/07/2020,-0.192712312,0.810310097
22/07/2020,-0.307339374,0.81041798
23/07/2020,-0.514172626,0.809012229
24/07/2020,0.469154187,0.80884384
25/07/2020,0.521355696,0.808940395
26/07/2020,0.288387531,0.808447156
27/07/2020,-0.191316066,0.807339024
28/07/2020,-0.73279071,0.804306369
29/07/2020,-1.320866914,0.804649141
30/07/2020,-1.357179957,0.807234163
31/07/2020,-0.642091746,0.80791968
01/08/2020,0.483769669,0.808326152
02/08/2020,-0.072397563,0.808124499
03/08/2020,0.716436316,0.807821968
04/08/2020,1.095345479,0.809456738
05/08/2020,0.367844093,0.809658361
06/08/2020,0.36891523,0.809724276
07/08/2020,1.067769954,0.811589061
08/08/2020,0.92727333,0.812970235
09/08/2020,0.85859045,0.814017925
10/08/2020,-0.052517177,0.813080509
11/08/2020,-1.436868174,0.816349639
12/08/2020,-1.202708828,0.817228269
13/08/2020,-0.894180778,0.818229523
14/08/2020,0.48117495,0.816436892
15/08/2020,0.369477679,0.814709232
16/08/2020,-0.875223384,0.815971849
17/08/2020,-0.064803915,0.815964669
18/08/2020,0.711983605,0.816814037
19/08/2020,-0.030162722,0.813455244
20/08/2020,-0.630665083,0.811579053
21/08/2020,-0.961008494,0.810937465
22/08/2020,-0.642053749,0.811474509
23/08/2020,-0.245680796,0.81133481
24/08/2020,-0.191477254,0.811383912
25/08/2020,0.600743392,0.811706574
26/08/2020,-0.038691207,0.810703301
27/08/2020,0.219585579,0.809414832
28/08/2020,0.118816629,0.8073064
29/08/2020,0.595944399,0.807092547
30/08/2020,0.680203007,0.80738929
31/08/2020,0.51013544,0.807306546
01/09/2020,0.488162389,0.8039899
02/09/2020,-1.263686888,0.80337345
03/09/2020,-0.501332378,0.803279784
04/09/2020,0.87708979,0.802494801
05/09/2020,-0.115576444,0.80234907
06/09/2020,-0.39819778,0.802257895
07/09/2020,-0.436808153,0.802558881
08/09/2020,0.660917717,0.802473972
09/09/2020,0.191963194,0.801236963
10/09/2020,-0.3465852,0.80124672
11/09/2020,0.122089069,0.801187698
12/09/2020,0.098572054,0.799360995
13/09/2020,0.908256863,0.79805071
14/09/2020,0.576580746,0.797116881
15/09/2020,-0.079039885,0.797041756
16/09/2020,-0.099742738,0.793613006
17/09/2020,0.94681941,0.795097378
18/09/2020,1.38017515,0.79823499
19/09/2020,0.400636915,0.798472939
20/09/2020,-1.134670244,0.798552427
21/09/2020,-0.733865828,0.799520311
22/09/2020,-0.063742052,0.799285466
23/09/2020,0.831076526,0.798459856
24/09/2020,0.8293876,0.798888382
25/09/2020,0.827658192,0.799177195
26/09/2020,0.825863127,0.79982629
27/09/2020,0.986678668,0.800279824
28/09/2020,1.019121305,0.801710952
29/09/2020,0.226790895,0.801604783
30/09/2020,-1.107416542,0.802366342
01/10/2020,-0.10293514,0.802092081
02/10/2020,0.612641809,0.800899633
03/10/2020,1.248727297,0.80214402
04/10/2020,0.484221033,0.799796018
05/10/2020,0.494412956,0.799826631
06/10/2020,0.408303009,0.798519972
07/10/2020,1.174868556,0.800656218
08/10/2020,1.282247693,0.801828211
09/10/2020,0.39279645,0.802057151
10/10/2020,-0.303100325,0.802130077
11/10/2020,0.558006754,0.802613558
12/10/2020,0.383298921,0.799322051
13/10/2020,0.489540306,0.793913052
14/10/2020,0.725365028,0.786904126
15/10/2020,1.249895641,0.789306805
16/10/2020,0.828974427,0.790029081
17/10/2020,-0.293574175,0.788577653
18/10/2020,-1.117256638,0.786129769
19/10/2020,-0.975595034,0.78641879
20/10/2020,-1.528692067,0.7902976
21/10/2020,-1.504940497,0.786092982
22/10/2020,-1.507680008,0.786093015
23/10/2020,-1.510429184,0.787792747
24/10/2020,-1.513170408,0.791843913
25/10/2020,-1.515908511,0.795388125
26/10/2020,-1.518674437,0.799569382
27/10/2020,-1.521429229,0.800344046
28/10/2020,1.108509281,0.798511158
29/10/2020,0.315312879,0.798077905
30/10/2020,-0.497618697,0.797300399
31/10/2020,-0.681300243,0.796999703
01/11/2020,-0.23153448,0.793304
02/11/2020,-0.930889427,0.794552917
03/11/2020,-1.223512427,0.795065529
04/11/2020,-1.350096886,0.796337234
05/11/2020,0.169406637,0.794115618
06/11/2020,0.893515532,0.794440488
07/11/2020,0.158801814,0.793896421
08/11/2020,-0.231776331,0.793241861
09/11/2020,0.026148049,0.792872522
10/11/2020,-0.168511739,0.792923976
11/11/2020,-1.239992274,0.795602811
12/11/2020,-1.422236114,0.797419657
13/11/2020,-2.115825228,0.803516348
14/11/2020,-2.028972797,0.809849952
15/11/2020,-1.310953983,0.811567123
16/11/2020,0.054491471,0.810284517
17/11/2020,0.844579218,0.809623523
18/11/2020,0.617019204,0.80997401
19/11/2020,-0.908517146,0.811040289
20/11/2020,-0.911240119,0.811765853
21/11/2020,1.109133013,0.813850463
22/11/2020,0.583582347,0.813855433
23/11/2020,-0.500081837,0.813690048
24/11/2020,-0.502736783,0.812700877
25/11/2020,-0.730894249,0.813333301
26/11/2020,-0.733504324,0.814203287
27/11/2020,-1.960625648,0.819569186
28/11/2020,-0.138393181,0.817635723
29/11/2020,0.525304712,0.816181896
30/11/2020,0.996164021,0.817866108
01/12/2020,-0.430697682,0.8179094
02/12/2020,0.741508752,0.818714676
03/12/2020,0.286628503,0.81836668
04/12/2020,0.591194593,0.818560436
05/12/2020,1.057600787,0.819607684
06/12/2020,1.22579826,0.820407497
07/12/2020,1.223318845,0.822502468
08/12/2020,1.22085762,0.824397461
09/12/2020,1.218427491,0.826256362
10/12/2020,0.518233547,0.825392373
11/12/2020,-0.874251888,0.82464177
12/12/2020,-1.180615861,0.826937975
13/12/2020,1.213937808,0.827699082
14/12/2020,1.257324038,0.828906993
15/12/2020,-0.405353931,0.828715174
16/12/2020,-1.577391759,0.832734549
17/12/2020,-2.938464992,0.846649547
18/12/2020,-2.20734722,0.854283861
19/12/2020,-2.430674182,0.862952958
20/12/2020,-1.298200541,0.864871624
21/12/2020,-1.495447276,0.866202245
22/12/2020,-0.679034831,0.864816582
23/12/2020,-0.681017232,0.864748315
24/12/2020,0.956699066,0.865780814
25/12/2020,0.938370211,0.867329024
26/12/2020,-0.168344462,0.866934815
27/12/2020,-0.170090267,0.865715239
28/12/2020,1.325782781,0.867012603
29/12/2020,1.013646354,0.866846777
30/12/2020,0.72353025,0.866520224
31/12/2020,0.673519362,0.867166769
01/01/2021,0.672068204,0.867812668
02/01/2021,0.670645104,0.868243712
03/01/2021,0.669260344,0.868811979
04/01/2021,-0.059896505,0.868808496
05/01/2021,0.445701429,0.867242198
06/01/2021,0.304252156,0.865758386
07/01/2021,0.302990237,0.865615151
08/01/2021,0.014574997,0.865436476
09/01/2021,-0.487739736,0.864507007
10/01/2021,-0.134198227,0.863529447
11/01/2021,-0.093040566,0.863527328
12/01/2021,-0.098550805,0.863517023
13/01/2021,0.394714554,0.860929071
14/01/2021,0.39367456,0.855497518
15/01/2021,-0.83976781,0.852091302
16/01/2021,0.890919935,0.853438626
17/01/2021,-0.366631585,0.853463751
18/01/2021,0.367289327,0.853656203
19/01/2021,0.080183833,0.853617513
20/01/2021,0.42021639,0.853879921
21/01/2021,0.447055513,0.853942931
22/01/2021,1.035536852,0.852973702
23/01/2021,1.228869926,0.85467591
24/01/2021,1.228336412,0.855975022
25/01/2021,0.965793983,0.857241259
26/01/2021,1.103650225,0.857806207
27/01/2021,-0.041070257,0.857803975
28/01/2021,-0.041462048,0.856314415
29/01/2021,0.982788441,0.856732927
30/01/2021,0.710394399,0.857506181
31/01/2021,0.758631102,0.858171159
01/02/2021,-0.572175807,0.858621075
02/02/2021,-0.959553658,0.859884608
03/02/2021,0.570152425,0.859912126
04/02/2021,0.021472419,0.858399623
05/02/2021,-0.680101287,0.856921457
06/02/2021,-0.246858735,0.855265621
07/02/2021,0.800335257,0.856081437
08/02/2021,1.000998375,0.854193162
09/02/2021,1.022160731,0.855707479
10/02/2021,1.067585376,0.856022475
11/02/2021,0.264176916,0.854482692
12/02/2021,-0.648475169,0.855088201
13/02/2021,0.36076711,0.855302991
14/02/2021,1.168704231,0.856170471
15/02/2021,0.822322142,0.856685101
16/02/2021,-0.107601691,0.852194342
17/02/2021,-0.176327597,0.851708604
18/02/2021,-1.597447734,0.855797757
19/02/2021,-0.835520193,0.856879308
20/02/2021,-1.556766298,0.859582522
21/02/2021,-1.277217756,0.862077584
22/02/2021,-1.856920234,0.867174655
23/02/2021,-1.856127535,0.872290778
24/02/2021,0.595219058,0.872804637
25/02/2021,-0.937290656,0.873102797
26/02/2021,-2.41165256,0.88025748
27/02/2021,-0.07357447,0.879374801
28/02/2021,0.759855017,0.879487208
01/03/2021,0.242774168,0.879603515
02/03/2021,-0.282261871,0.878800961
03/03/2021,-0.281022346,0.877539979
04/03/2021,-0.279741274,0.876217834
05/03/2021,-0.075473446,0.876199943
06/03/2021,-0.140442624,0.876191132
07/03/2021,-1.432128264,0.878049438
08/03/2021,-1.830301962,0.882859823
09/03/2021,-0.529724394,0.882665332
10/03/2021,1.012014971,0.884273412
11/03/2021,0.719021054,0.885012727
12/03/2021,1.113556858,0.88604005
13/03/2021,0.75873838,0.886925508
14/03/2021,1.040957999,0.888742816
15/03/2021,0.84475989,0.888332724
16/03/2021,0.33538164,0.887855231
17/03/2021,0.516063194,0.888297022
18/03/2021,-0.860393827,0.883231781
19/03/2021,-1.12308527,0.885006342
20/03/2021,-0.393623764,0.882815934
21/03/2021,1.03276005,0.877560412
22/03/2021,1.300315714,0.876417827
23/03/2021,1.191839762,0.878703253
24/03/2021,0.895438181,0.878170801
25/03/2021,-0.020032167,0.877852504
26/03/2021,-0.716660533,0.878603852
27/03/2021,-0.714538485,0.878211255
28/03/2021,-0.712409819,0.878940959
29/03/2021,-0.710271308,0.875779363
30/03/2021,0.45877429,0.872240663
31/03/2021,-0.445305729,0.867621154
01/04/2021,-0.966302982,0.868863804
02/04/2021,0.216417945,0.867901862
03/04/2021,0.823197987,0.868427563
04/04/2021,0.802870516,0.868554743
05/04/2021,-0.408191815,0.867798367
06/04/2021,1.169910488,0.869524481
07/04/2021,0.640651039,0.869894381
08/04/2021,0.46470596,0.870021314
09/04/2021,-0.90688928,0.870523203
10/04/2021,-0.224973744,0.868820099
11/04/2021,-0.039109905,0.868668193
12/04/2021,0.223577049,0.867882182
13/04/2021,0.876683559,0.86409005
14/04/2021,0.478194289,0.864364601
15/04/2021,-0.954990155,0.86573772
16/04/2021,-0.702711705,0.866029061
17/04/2021,0.653715805,0.865436673
18/04/2021,-1.329385846,0.865720884
19/04/2021,-0.760803881,0.863017744
20/04/2021,-0.588641362,0.862044583
21/04/2021,-0.585839845,0.861230358
22/04/2021,-1.003244826,0.862673782
23/04/2021,0.108270138,0.862583729
24/04/2021,0.67178148,0.863189967
25/04/2021,-1.019124435,0.862469743
26/04/2021,-0.528851514,0.862778471
27/04/2021,-0.559652146,0.862601682
28/04/2021,-0.885318574,0.863398573
29/04/2021,-0.299627898,0.862874182
30/04/2021,-1.060616922,0.862981895
01/05/2021,0.850134626,0.863395443
02/05/2021,0.591598458,0.863293092
03/05/2021,0.206662534,0.862738558
04/05/2021,-0.565622829,0.863055105
05/05/2021,0.831470584,0.863976801
06/05/2021,0.996351697,0.865368887
07/05/2021,1.101699737,0.86709929
08/05/2021,0.42102426,0.866402811
09/05/2021,-1.00433847,0.867088676
10/05/2021,-0.806335703,0.867268882
11/05/2021,-0.065604882,0.866988507
12/05/2021,1.123302859,0.868694561
13/05/2021,1.156566708,0.870501646
14/05/2021,0.593754451,0.870760185
15/05/2021,0.357931699,0.870672194
16/05/2021,0.870532198,0.871021775
17/05/2021,1.070559243,0.872563175
18/05/2021,0.45461937,0.872332937
19/05/2021,1.165655611,0.874389702
20/05/2021,0.999635527,0.875477381
21/05/2021,0.1184432,0.875478162
22/05/2021,0.770157649,0.874457589
23/05/2021,0.428384817,0.873999879
24/05/2021,0.063981041,0.873995319
25/05/2021,0.45994739,0.874282341
26/05/2021,-0.82490897,0.874954044
27/05/2021,-0.411918003,0.874096449
28/05/2021,0.299419709,0.87279202
29/05/2021,-1.173485318,0.873546869
30/05/2021,0.419044291,0.873788894
31/05/2021,0.671946666,0.871901331
01/06/2021,0.675214232,0.871495545
02/06/2021,-1.634702916,0.875470959
03/06/2021,-1.313633963,0.878074279
04/06/2021,-1.522030096,0.881723651
05/06/2021,0.324455215,0.880417209
06/06/2021,0.34989325,0.879223145
07/06/2021,-0.733765129,0.879834336
08/06/2021,-0.535767862,0.879668505
09/06/2021,0.405257523,0.879516475
10/06/2021,0.528655177,0.879675064
11/06/2021,0.311325588,0.878473331
12/06/2021,0.338942209,0.877729974
13/06/2021,-0.404233979,0.877623311
14/06/2021,0.016540653,0.877478138
15/06/2021,0.019521791,0.876440821
16/06/2021,-0.895816468,0.876607134
17/06/2021,-1.365357815,0.878368425
18/06/2021,-0.860313251,0.878361859
19/06/2021,-0.213612381,0.876701319
20/06/2021,-0.261401523,0.876783952
21/06/2021,0.415381748,0.876879562
22/06/2021,0.135495399,0.875892076
23/06/2021,-0.826070838,0.874004329
24/06/2021,0.477145572,0.871780049
25/06/2021,0.488841504,0.872067405
26/06/2021,-0.395282772,0.868450578
27/06/2021,-1.283799755,0.866761762
28/06/2021,-0.545569241,0.864299719
29/06/2021,0.206907634,0.859765806
30/06/2021,0.653163521,0.860431396
01/07/2021,1.038554923,0.86213086
02/07/2021,0.161088687,0.862164371
03/07/2021,-0.399454658,0.861939195
04/07/2021,0.683499191,0.862639129
05/07/2021,0.745766684,0.863295088
06/07/2021,-0.349938654,0.861131732
07/07/2021,-1.059661311,0.861822599
08/07/2021,-1.012625466,0.861816398
09/07/2021,0.153109956,0.861575321
10/07/2021,-0.446831652,0.859844785
11/07/2021,-0.23853279,0.85529439
12/07/2021,-0.376453364,0.855271818
13/07/2021,0.484098958,0.853794697
14/07/2021,1.155142563,0.853941589
15/07/2021,1.109662446,0.855998352
16/07/2021,0.667274565,0.856399065
17/07/2021,-0.285716194,0.856354768
18/07/2021,0.59933133,0.856867143
19/07/2021,0.923457226,0.85796785
20/07/2021,0.753519121,0.858911563
21/07/2021,-0.02438731,0.858284338
22/07/2021,0.447591982,0.858569571
23/07/2021,-1.206981601,0.860704709
24/07/2021,-0.779472078,0.861238881
25/07/2021,0.390554637,0.861127756
26/07/2021,0.206110924,0.860747725
27/07/2021,-0.59803077,0.86113725
28/07/2021,0.145574295,0.861131474
29/07/2021,0.711709237,0.861152188
30/07/2021,0.226531784,0.858508386
31/07/2021,0.23768994,0.855688787
01/08/2021,1.175244396,0.857250168
02/08/2021,0.802338005,0.857903702
03/08/2021,0.908592559,0.859204117
04/08/2021,0.656940972,0.859074583
05/08/2021,1.457376599,0.860541951
06/08/2021,0.951575465,0.861756622
07/08/2021,-0.15809318,0.861589589
08/08/2021,0.706922631,0.860575997
09/08/2021,0.290939405,0.859347563
10/08/2021,0.100093169,0.858190656
11/08/2021,0.342339219,0.858372359
12/08/2021,0.242239033,0.855145885
13/08/2021,-0.727712866,0.853665816
14/08/2021,-0.272618531,0.852485214
15/08/2021,-0.968714724,0.853652423
16/08/2021,0.793752759,0.854436555
17/08/2021,0.686416945,0.853922603
18/08/2021,0.457215293,0.854232651
19/08/2021,0.117837494,0.853462537
20/08/2021,-0.39827776,0.853727029
21/08/2021,-0.073422833,0.853079537
22/08/2021,-0.720197202,0.852420677
23/08/2021,0.796398611,0.852716011
24/08/2021,-0.192333659,0.852675846
25/08/2021,-0.411850636,0.852900105
26/08/2021,-0.859278333,0.853566113
27/08/2021,1.142778869,0.855610053
28/08/2021,0.603774699,0.856098459
29/08/2021,0.472998589,0.856416163
30/08/2021,-0.719727385,0.856736572
31/08/2021,-0.419632116,0.856316749
01/09/2021,0.220277567,0.855986394
02/09/2021,0.724459749,0.856438043
03/09/2021,-0.700279058,0.854648167
04/09/2021,-1.198504811,0.8565676
05/09/2021,-1.200826017,0.857683199
06/09/2021,0.241975845,0.857751101
07/09/2021,-0.226929977,0.857577653
08/09/2021,-0.681688901,0.858018472
09/09/2021,-1.280288807,0.85994444
10/09/2021,-0.953424862,0.861322326
11/09/2021,-0.967306971,0.862608089
12/09/2021,-0.488373637,0.862949678
13/09/2021,-0.632156769,0.863548087
14/09/2021,-0.635490185,0.862821676
15/09/2021,-0.513081269,0.862658291
16/09/2021,0.242937743,0.862758972
17/09/2021,0.863840761,0.863972312
18/09/2021,0.452166317,0.862852226
19/09/2021,0.468491775,0.860125749
20/09/2021,0.876497529,0.861118294
21/09/2021,0.249823294,0.859229477
22/09/2021,0.815464355,0.859480821
23/09/2021,0.498890822,0.859883856
24/09/2021,-1.101009594,0.860658508
25/09/2021,-1.326948003,0.86226409
26/09/2021,-0.643809055,0.861742452
27/09/2021,-0.054058101,0.860598268
28/09/2021,0.430009535,0.859298056
29/09/2021,-1.055249683,0.859229813
30/09/2021,-0.162874001,0.859150656
01/10/2021,0.071882732,0.8573169
02/10/2021,-1.508161465,0.860788219
03/10/2021,-0.71721422,0.860862591
04/10/2021,-0.320165455,0.858347631
05/10/2021,0.724776904,0.858842724
06/10/2021,0.462281794,0.858789571
07/10/2021,-0.45874543,0.858744727
08/10/2021,-0.354259943,0.856522078
09/10/2021,1.086649804,0.855751233
10/10/2021,0.884525259,0.856829446
11/10/2021,0.542863785,0.857274874
12/10/2021,1.069959626,0.858675823
13/10/2021,1.066664538,0.860345074
14/10/2021,1.365865125,0.86303914
15/10/2021,1.491873822,0.865822197
16/10/2021,0.690516456,0.864038116
17/10/2021,-0.373449234,0.863020084
18/10/2021,-0.564548596,0.863353752
19/10/2021,-0.704126902,0.862212708
20/10/2021,-0.081616992,0.860821133
21/10/2021,1.014220631,0.859016
22/10/2021,0.345685841,0.855756441
23/10/2021,-0.236314346,0.852298503
24/10/2021,0.393099486,0.848994981
25/10/2021,0.024139226,0.845368775
26/10/2021,-1.211050985,0.844033055
27/10/2021,0.297342038,0.840483087
28/10/2021,-0.33541097,0.836907832
29/10/2021,-1.135214742,0.836954096
30/10/2021,-1.428642166,0.840054841
31/10/2021,-1.763724619,0.84464252
01/11/2021,0.490549354,0.844343578
02/11/2021,1.072650369,0.846177847
03/11/2021,0.964246723,0.846335331
04/11/2021,0.766644277,0.84488613
05/11/2021,-0.482269072,0.842303307
06/11/2021,0.00301431,0.842257286
07/11/2021,-0.917926114,0.84232024
08/11/2021,-0.281776538,0.842401761
09/11/2021,-0.356179345,0.842518522
10/11/2021,-0.523339096,0.842951372
11/11/2021,-1.276133622,0.845516998
12/11/2021,-2.010904789,0.849539997
13/11/2021,-1.286137042,0.848950683
14/11/2021,-0.954935032,0.843217425
15/11/2021,-0.71119777,0.837360127
16/11/2021,0.380179689,0.834796185
17/11/2021,-0.956047934,0.836283932
18/11/2021,-0.575428869,0.835633861
19/11/2021,0.858533598,0.83622317
20/11/2021,0.854180045,0.836089249
21/11/2021,-0.337435537,0.834915991
22/11/2021,-1.265261015,0.835498703
23/11/2021,-0.727294781,0.835771929
24/11/2021,-0.289431247,0.835506054
25/11/2021,-0.293803998,0.835239462
26/11/2021,0.923559006,0.835798246
27/11/2021,0.929293485,0.836343296
28/11/2021,1.002155173,0.831638201
29/11/2021,0.469972962,0.831952254
30/11/2021,0.942740323,0.832946315
01/12/2021,1.055161926,0.833143171
02/12/2021,0.9476543,0.834254734
03/12/2021,0.943315976,0.83480276
04/12/2021,0.93898767,0.836078668
05/12/2021,0.763233864,0.836450484
06/12/2021,0.547016505,0.83513623
07/12/2021,1.255936911,0.835257286
08/12/2021,0.765385014,0.833786178
09/12/2021,0.841972043,0.83251941
10/12/2021,0.710001502,0.83092713
11/12/2021,0.61326452,0.831100337
12/12/2021,1.25756746,0.832334231
13/12/2021,1.202988202,0.832248467
14/12/2021,1.026645434,0.831572954
15/12/2021,0.859009502,0.830215125
16/12/2021,0.693307088,0.830645383
17/12/2021,1.192201952,0.828604375
18/12/2021,1.126400285,0.815791854
19/12/2021,0.699524644,0.807911412
20/12/2021,0.368453063,0.797513929
21/12/2021,-1.214020923,0.797132905
22/12/2021,-1.866764105,0.799352796
23/12/2021,-0.659522231,0.799304003
24/12/2021,1.038813023,0.799988948
25/12/2021,0.848165913,0.799677566
26/12/2021,0.637859549,0.798932005
27/12/2021,-0.325199437,0.799098975
28/12/2021,-1.505850277,0.803208312
29/12/2021,0.179965064,0.800488848
30/12/2021,0.441321142,0.799172249
31/12/2021,-0.266120956,0.798578502
