Date,Energy
2015-01-03,23.3
2015-01-04,42.1
2015-01-05,39.7
2015-01-06,27.2
2015-01-07,4.5
2015-01-08,9.4
2015-01-09,26.6
2015-01-10,33.8
2015-01-11,49.9
2015-01-12,18.3
2015-01-13,14.5
2015-01-14,27.4
2015-01-15,25.1
2015-01-16,51.4
2015-01-17,48.3
2015-01-18,15.5
2015-01-19,9.0
2015-01-20,20.6
2015-01-21,34.9
2015-01-22,28.7
2015-01-23,67.3
2015-01-24,46.0
2015-01-25,57.9
2015-01-26,55.5
2015-01-27,17.7
2015-01-28,34.8
2015-01-29,49.8
2015-01-30,69.4
2015-01-31,28.5
2015-02-01,31.6
2015-02-02,24.3
2015-02-03,39.9
2015-02-04,62.7
2015-02-05,55.4
2015-02-06,58.0
2015-02-07,53.5
2015-02-08,33.4
2015-02-09,60.3
2015-02-10,36.5
2015-02-11,16.8
2015-02-12,6.5
2015-02-13,3.0
2015-02-14,22.3
2015-02-15,27.4
2015-02-16,56.8
2015-02-17,45.0
2015-02-18,62.5
2015-02-19,18.7
2015-02-20,5.2
2015-02-21,48.3
2015-02-22,37.0
2015-02-23,18.6
2015-02-24,29.0
2015-02-25,60.4
2015-02-26,48.3
2015-02-27,20.3
2015-02-28,7.0
2015-03-01,20.3
2015-03-02,62.6
2015-03-03,27.8
2015-03-04,30.5
2015-03-05,47.3
2015-03-06,69.1
2015-03-07,73.0
2015-03-08,52.1
2015-03-09,33.4
2015-03-10,14.3
2015-03-11,15.2
2015-03-12,55.7
2015-03-13,17.6
2015-03-14,6.7
2015-03-15,53.6
2015-03-16,51.2
2015-03-17,45.9
2015-03-18,18.9
2015-03-19,7.1
2015-03-20,16.8
2015-03-21,18.5
2015-03-22,41.4
2015-03-23,24.3
2015-03-24,23.4
2015-03-25,63.9
2015-03-26,25.8
2015-03-27,48.2
2015-03-28,53.6
2015-03-29,17.4
2015-03-30,50.4
2015-03-31,47.3
2015-04-01,43.7
2015-04-02,14.3
2015-04-03,15.5
2015-04-04,33.1
2015-04-05,56.7
2015-04-06,63.0
2015-04-07,49.5
2015-04-08,32.3
2015-04-09,15.9
2015-04-10,6.6
2015-04-11,13.4
2015-04-12,5.8
2015-04-13,9.1
2015-04-14,12.7
2015-04-15,5.9
2015-04-16,11.8
2015-04-17,31.7
2015-04-18,14.0
2015-04-19,42.8
2015-04-20,21.5
2015-04-21,19.7
2015-04-22,13.7
2015-04-23,22.1
2015-04-24,11.0
2015-04-25,3.6
2015-04-26,12.9
2015-04-27,43.9
2015-04-28,24.8
2015-04-29,13.3
2015-04-30,22.8
2015-05-01,34.4
2015-05-02,29.5
2015-05-03,16.1
2015-05-04,18.3
2015-05-05,35.1
2015-05-06,13.9
2015-05-07,24.5
2015-05-08,10.5
2015-05-09,15.9
2015-05-10,23.9
2015-05-11,17.5
2015-05-12,11.3
2015-05-13,14.8
2015-05-14,24.3
2015-05-15,35.1
2015-05-16,16.3
2015-05-17,45.0
2015-05-18,15.9
2015-05-19,8.2
2015-05-20,27.8
2015-05-21,22.3
2015-05-22,35.9
2015-05-23,14.0
2015-05-24,16.8
2015-05-25,7.4
2015-05-26,4.0
2015-05-27,27.5
2015-05-28,18.8
2015-05-29,8.1
2015-05-30,6.2
2015-05-31,3.2
2015-06-01,1.2
2015-06-02,4.3
2015-06-03,4.5
2015-06-04,5.4
2015-06-05,12.1
2015-06-06,6.1
2015-06-07,6.3
2015-06-08,5.1
2015-06-09,2.8
2015-06-10,3.5
2015-06-11,5.7
2015-06-12,18.1
2015-06-13,19.5
2015-06-14,24.3
2015-06-15,15.1
2015-06-16,7.3
2015-06-17,16.8
2015-06-18,20.0
2015-06-19,6.4
2015-06-20,8.4
2015-06-21,15.4
2015-06-22,8.6
2015-06-23,26.5
2015-06-24,17.0
2015-06-25,11.1
2015-06-26,15.5
2015-06-27,11.8
2015-06-28,7.2
2015-06-29,7.3
2015-06-30,5.0
2015-07-01,7.2
2015-07-02,4.2
2015-07-03,8.3
2015-07-04,8.9
2015-07-05,5.5
2015-07-06,4.8
2015-07-07,5.0
2015-07-08,13.1
2015-07-09,15.3
2015-07-10,28.5
2015-07-11,7.6
2015-07-12,6.4
2015-07-13,5.1
2015-07-14,3.8
2015-07-15,4.1
2015-07-16,4.5
2015-07-17,5.2
2015-07-18,4.7
2015-07-19,6.3
2015-07-20,5.0
2015-07-21,5.4
2015-07-22,4.6
2015-07-23,5.2
2015-07-24,5.7
2015-07-25,12.5
2015-07-26,18.1
2015-07-27,34.0
2015-07-28,21.6
2015-07-29,26.0
2015-07-30,14.7
2015-07-31,10.0
2015-08-01,10.5
2015-08-02,4.0
2015-08-03,7.0
2015-08-04,8.5
2015-08-05,7.3
2015-08-06,15.3
2015-08-07,15.9
2015-08-08,9.8
2015-08-09,8.4
2015-08-10,11.4
2015-08-11,20.1
2015-08-12,18.2
2015-08-13,20.7
2015-08-14,8.4
2015-08-15,13.3
2015-08-16,18.0
2015-08-17,26.4
2015-08-18,10.0
2015-08-19,13.5
2015-08-20,9.7
2015-08-21,12.9
2015-08-22,16.7
2015-08-23,10.6
2015-08-24,27.0
2015-08-25,19.1
2015-08-26,3.3
2015-08-27,3.5
2015-08-28,1.6
2015-08-29,3.5
2015-08-30,2.7
2015-08-31,1.6
2015-09-01,6.3
2015-09-02,18.3
2015-09-03,17.1
2015-09-04,17.0
2015-09-05,47.0
2015-09-06,18.9
2015-09-07,15.5
2015-09-08,36.5
2015-09-09,39.0
2015-09-10,32.0
2015-09-11,3.6
2015-09-12,6.5
2015-09-13,36.3
2015-09-14,53.2
2015-09-15,31.1
2015-09-16,47.3
2015-09-17,49.8
2015-09-18,26.3
2015-09-19,15.0
2015-09-20,34.0
2015-09-21,47.6
2015-09-22,19.3
2015-09-23,47.8
2015-09-24,31.4
2015-09-25,25.0
2015-09-26,36.0
2015-09-27,51.4
2015-09-28,61.4
2015-09-29,58.8
2015-09-30,54.4
2015-10-01,63.4
2015-10-02,51.6
2015-10-03,13.0
2015-10-04,47.8
2015-10-05,15.9
2015-10-06,14.1
2015-10-07,19.0
2015-10-08,6.5
2015-10-09,19.3
2015-10-10,76.0
2015-10-11,23.3
2015-10-12,8.5
2015-10-13,38.5
2015-10-14,28.3
2015-10-15,35.9
2015-10-16,35.0
2015-10-17,4.0
2015-10-18,6.3
2015-10-19,4.0
2015-10-20,42.4
2015-10-21,61.2
2015-10-22,70.2
2015-10-23,64.0
2015-10-24,26.5
2015-10-26,1.5
2015-10-27,11.3
2015-10-28,34.4
2015-10-29,18.1
2015-10-30,44.5
2015-10-31,52.6
2015-11-01,52.1
2015-11-02,27.0
2015-11-03,5.5
2015-11-04,3.0
2015-11-05,0.9
2015-11-06,6.7
2015-11-07,5.6
2015-11-08,3.0
2015-11-09,11.6
2015-11-10,8.0
2015-11-11,1.5
2015-11-12,0.0
2015-11-13,1.8
2015-11-14,2.5
2015-11-15,3.2
2015-11-16,0.6
2015-11-17,3.9
2015-11-18,5.7
2015-11-19,4.5
2015-11-20,44.3
2015-11-21,54.1
2015-11-22,21.6
2015-11-23,25.4
2015-11-24,33.2
2015-11-25,9.2
2015-11-26,58.7
2015-11-27,43.5
2015-11-28,12.8
2015-11-29,6.8
2015-11-30,19.4
2015-12-01,10.8
2015-12-02,1.3
2015-12-03,0.1
2015-12-04,0.1
2015-12-05,0.9
2015-12-06,2.4
2015-12-07,8.2
2015-12-08,5.5
2015-12-09,2.0
2015-12-10,33.5
2015-12-11,12.8
2015-12-12,27.8
2015-12-13,16.4
2015-12-14,1.5
2015-12-15,1.3
2015-12-16,8.0
2015-12-17,4.1
2015-12-18,2.9
2015-12-19,1.3
2015-12-20,2.8
2015-12-21,5.8
2015-12-22,9.6
2015-12-23,14.1
2015-12-24,13.5
2015-12-25,4.3
2015-12-26,2.3
2015-12-27,0.5
2015-12-28,2.8
2015-12-29,12.2
2015-12-30,20.0
2015-12-31,20.3
2016-01-01,3.6
2016-01-02,46.0
2016-01-03,33.0
2016-01-04,39.7
2016-01-05,25.8
2016-01-06,24.5
2016-01-07,22.6
2016-01-08,33.5
2016-01-09,49.2
2016-01-10,53.4
2016-01-11,61.0
2016-01-12,54.6
2016-01-13,43.4
2016-01-14,59.1
2016-01-15,24.3
2016-01-16,53.5
2016-01-17,28.3
2016-01-18,20.5
2016-01-19,13.0
2016-01-20,3.7
2016-01-21,2.4
2016-01-22,14.6
2016-01-23,3.5
2016-01-24,6.3
2016-01-25,14.3
2016-01-26,10.5
2016-01-27,20.3
2016-01-28,12.3
2016-01-29,6.4
2016-01-30,35.3
2016-01-31,45.2
2016-02-01,11.8
2016-02-02,34.8
2016-02-03,39.7
2016-02-04,31.0
2016-02-05,15.2
2016-02-06,26.9
2016-02-07,65.5
2016-02-08,42.4
2016-02-09,53.2
2016-02-10,47.9
2016-02-11,14.9
2016-02-12,53.4
2016-02-13,40.4
2016-02-14,50.8
2016-02-15,32.4
2016-02-16,29.2
2016-02-17,17.3
2016-02-18,22.0
2016-02-19,37.3
2016-02-20,11.9
2016-02-21,21.7
2016-02-22,27.2
2016-02-23,45.5
2016-02-24,14.3
2016-02-25,18.3
2016-02-26,8.7
2016-02-27,36.1
2016-02-28,54.5
2016-02-29,40.5
2016-03-01,7.6
2016-03-02,22.4
2016-03-03,52.5
2016-03-04,19.3
2016-03-05,66.6
2016-03-06,35.2
2016-03-07,16.1
2016-03-08,20.8
2016-03-09,38.5
2016-03-10,38.1
2016-03-11,49.0
2016-03-12,64.6
2016-03-13,66.3
2016-03-14,51.8
2016-03-15,21.1
2016-03-16,28.4
2016-03-17,49.3
2016-03-18,15.8
2016-03-19,5.3
2016-03-20,9.7
2016-03-21,12.8
2016-03-22,48.4
2016-03-23,57.4
2016-03-24,47.8
2016-03-25,13.4
2016-03-26,2.9
2016-03-27,12.7
2016-03-28,24.4
2016-03-29,17.0
2016-03-30,28.3
2016-03-31,44.0
2016-04-01,33.0
2016-04-02,18.3
2016-04-03,5.6
2016-04-04,23.8
2016-04-05,29.5
2016-04-06,2.8
2016-04-07,2.7
2016-04-08,8.8
2016-04-09,31.4
2016-04-10,9.1
2016-04-11,15.8
2016-04-12,29.2
2016-04-13,28.8
2016-04-14,35.0
2016-04-15,19.6
2016-04-16,50.5
2016-04-17,40.0
2016-04-18,17.2
2016-04-19,31.3
2016-04-20,28.0
2016-04-21,19.3
2016-04-22,8.1
2016-04-23,43.5
2016-04-24,24.0
2016-04-25,39.2
2016-04-26,39.0
2016-04-27,50.8
2016-04-28,15.0
2016-04-29,7.2
2016-04-30,6.0
2016-05-01,19.5
2016-05-02,28.5
2016-05-03,25.2
2016-05-04,31.0
2016-05-05,24.0
2016-05-06,21.1
2016-05-07,4.6
2016-05-08,4.2
2016-05-09,11.3
2016-05-10,34.0
2016-05-11,27.3
2016-05-12,36.1
2016-05-13,46.4
2016-05-14,22.1
2016-05-15,10.5
2016-05-16,11.2
2016-05-17,7.2
2016-05-18,8.4
2016-05-19,37.1
2016-05-20,46.3
2016-05-21,22.3
2016-05-22,7.8
2016-05-23,57.1
2016-05-24,33.6
2016-05-25,7.6
2016-05-26,4.7
2016-05-27,8.3
2016-05-28,6.8
2016-05-29,28.6
2016-05-30,47.1
2016-05-31,36.3
2016-06-01,20.3
2016-06-02,19.5
2016-06-03,9.3
2016-06-04,4.3
2016-06-05,3.0
2016-06-06,4.2
2016-06-07,5.3
2016-06-08,2.0
2016-06-09,8.0
2016-06-10,4.6
2016-06-11,18.3
2016-06-12,29.5
2016-06-13,11.8
2016-06-14,27.0
2016-06-15,44.3
2016-06-16,36.8
2016-06-17,39.8
2016-06-18,12.8
2016-06-19,8.0
2016-06-20,6.0
2016-06-21,6.4
2016-06-22,14.7
2016-06-23,22.1
2016-06-24,5.3
2016-06-25,6.2
2016-06-26,11.6
2016-06-27,17.6
2016-06-28,9.0
2016-06-29,3.2
2016-06-30,3.8
2016-07-01,1.9
2016-07-02,4.7
2016-07-03,9.1
2016-07-04,6.4
2016-07-05,4.9
2016-07-06,2.3
2016-07-07,2.3
2016-07-08,4.9
2016-07-09,5.0
2016-07-10,1.4
2016-07-11,1.6
2016-07-12,5.4
2016-07-13,24.9
2016-07-14,27.0
2016-07-15,54.7
2016-07-16,25.3
2016-07-17,9.2
2016-07-18,7.5
2016-07-19,14.7
2016-07-20,4.7
2016-07-21,6.3
2016-07-22,8.8
2016-07-23,24.3
2016-07-24,20.4
2016-07-25,5.4
2016-07-26,6.6
2016-07-27,2.6
2016-07-28,5.3
2016-07-29,2.0
2016-07-30,5.1
2016-07-31,11.7
2016-08-01,10.2
2016-08-02,12.6
2016-08-03,4.1
2016-08-04,3.7
2016-08-05,24.5
2016-08-06,37.6
2016-08-07,56.6
2016-08-08,33.5
2016-08-09,4.7
2016-08-10,21.9
2016-08-11,36.7
2016-08-12,34.1
2016-08-13,18.8
2016-08-14,3.9
2016-08-15,3.8
2016-08-16,8.4
2016-08-17,14.6
2016-08-18,8.4
2016-08-19,11.0
2016-08-20,3.0
2016-08-21,6.7
2016-08-22,46.4
2016-08-23,53.8
2016-08-24,49.3
2016-08-25,39.1
2016-08-26,26.8
2016-08-27,8.3
2016-08-28,2.9
2016-08-29,6.1
2016-08-30,3.9
2016-08-31,17.5
2016-09-01,6.8
2016-09-02,4.6
2016-09-03,4.5
2016-09-04,7.4
2016-09-05,15.8
2016-09-06,38.3
2016-09-07,60.3
2016-09-08,36.9
2016-09-09,27.1
2016-09-10,27.8
2016-09-11,17.4
2016-09-12,14.3
2016-09-13,6.1
2016-09-14,1.7
2016-09-15,24.1
2016-09-16,28.7
2016-09-17,37.2
2016-09-18,19.5
2016-09-19,10.7
2016-09-20,3.8
2016-09-21,5.7
2016-09-22,22.4
2016-09-23,2.0
2016-09-24,7.3
2016-09-25,11.0
2016-09-26,4.9
2016-09-27,8.6
2016-09-28,11.0
2016-09-29,1.6
2016-09-30,6.8
2016-10-01,21.1
2016-10-02,9.5
2016-10-03,38.8
2016-10-04,17.0
2016-10-05,14.0
2016-10-06,31.6
2016-10-07,36.0
2016-10-08,11.9
2016-10-09,19.2
2016-10-10,43.1
2016-10-11,45.4
2016-10-12,16.5
2016-10-13,51.5
2016-10-14,51.0
2016-10-15,4.5
2016-10-16,2.9
2016-10-17,0.7
2016-10-18,5.5
2016-10-19,21.1
2016-10-20,25.5
2016-10-21,2.9
2016-10-22,0.5
2016-10-23,23.7
2016-10-24,38.9
2016-10-25,37.7
2016-10-26,13.6
2016-10-27,102.1
2016-10-28,95.7
2016-10-29,36.9
2016-10-31,10.1
2016-11-01,8.7
2016-11-02,48.6
2016-11-03,26.2
2016-11-04,12.5
2016-11-05,65.1
2016-11-06,75.3
2016-11-07,37.5
2016-11-08,6.0
2016-11-09,20.3
2016-11-10,30.5
2016-11-11,53.5
2016-11-12,12.9
2016-11-13,12.8
2016-11-14,55.4
2016-11-15,42.3
2016-11-16,4.6
2016-11-17,16.5
2016-11-18,53.5
2016-11-19,59.6
2016-11-20,14.5
2016-11-21,40.3
2016-11-22,45.3
2016-11-23,44.7
2016-11-24,63.3
2016-11-25,18.1
2016-11-26,5.2
2016-11-27,0.8
2016-11-28,42.6
2016-11-29,68.3
2016-11-30,26.8
2016-12-01,45.6
2016-12-02,33.1
2016-12-03,11.8
2016-12-04,19.2
2016-12-05,14.0
2016-12-06,9.1
2016-12-07,35.8
2016-12-08,9.0
2016-12-09,9.2
2016-12-10,10.6
2016-12-11,17.3
2016-12-12,15.9
2016-12-13,9.7
2016-12-14,10.2
2016-12-15,3.9
2016-12-16,52.8
2016-12-17,50.1
2016-12-18,2.0
2016-12-19,51.2
2016-12-20,68.3
2016-12-21,43.6
2016-12-22,11.2
2016-12-23,11.8
2016-12-24,8.0
2016-12-25,11.2
2016-12-26,8.5
2016-12-27,17.0
2016-12-28,29.5
2016-12-29,64.3
2016-12-30,65.4
2016-12-31,25.3
2017-01-01,9.9
2017-01-02,56.3
2017-01-03,59.0
2017-01-04,27.8
2017-01-05,71.5
2017-01-06,56.0
2017-01-07,27.9
2017-01-08,23.2
2017-01-09,11.5
2017-01-10,46.4
2017-01-11,32.4
2017-01-12,47.8
2017-01-13,70.7
2017-01-14,22.5
2017-01-15,74.6
2017-01-16,94.9
2017-01-17,50.2
2017-01-18,37.6
2017-01-19,56.8
2017-01-20,45.4
2017-01-21,50.6
2017-01-22,60.7
2017-01-23,57.2
2017-01-24,39.9
2017-01-25,45.4
2017-01-26,13.4
2017-01-27,14.8
2017-01-28,24.0
2017-01-29,3.9
2017-01-30,10.8
2017-01-31,56.6
2017-02-01,52.8
2017-02-02,58.6
2017-02-03,68.4
2017-02-04,67.7
2017-02-05,65.4
2017-02-06,43.0
2017-02-07,41.4
2017-02-08,51.0
2017-02-09,80.4
2017-02-10,31.7
2017-02-11,4.8
2017-02-12,17.0
2017-02-13,12.9
2017-02-14,18.8
2017-02-15,2.3
2017-02-16,11.2
2017-02-17,32.7
2017-02-18,27.3
2017-02-19,8.5
2017-02-20,1.0
2017-02-21,17.5
2017-02-22,21.7
2017-02-23,36.9
2017-02-24,58.6
2017-02-25,71.6
2017-02-26,21.9
2017-02-27,11.5
2017-02-28,82.6
2017-03-01,70.3
2017-03-02,38.1
2017-03-03,7.8
2017-03-04,72.5
2017-03-05,53.2
2017-03-06,72.8
2017-03-07,45.8
2017-03-08,62.0
2017-03-09,10.9
2017-03-10,36.6
2017-03-11,40.0
2017-03-12,2.0
2017-03-13,23.7
2017-03-14,13.2
2017-03-15,12.2
2017-03-16,8.6
2017-03-17,36.0
2017-03-18,42.1
2017-03-19,21.8
2017-03-20,5.6
2017-03-21,1.7
2017-03-22,14.3
2017-03-23,32.0
2017-03-24,9.2
2017-03-25,21.1
2017-03-26,31.7
2017-03-27,69.5
2017-03-28,29.1
2017-03-29,13.4
2017-03-30,13.2
2017-03-31,2.3
2017-04-01,20.6
2017-04-02,17.8
2017-04-03,52.0
2017-04-04,7.6
2017-04-05,15.1
2017-04-06,3.0
2017-04-07,10.1
2017-04-08,3.5
2017-04-09,6.5
2017-04-10,16.6
2017-04-11,8.7
2017-04-12,7.6
2017-04-13,22.4
2017-04-14,23.3
2017-04-15,8.3
2017-04-16,13.3
2017-04-17,26.0
2017-04-18,39.2
2017-04-19,30.7
2017-04-20,19.9
2017-04-21,16.5
2017-04-22,49.3
2017-04-23,26.0
2017-04-24,17.0
2017-04-25,50.5
2017-04-26,86.8
2017-04-27,63.0
2017-04-28,58.7
2017-04-29,21.4
2017-04-30,16.4
2017-05-01,40.3
2017-05-02,34.8
2017-05-03,11.8
2017-05-04,11.1
2017-05-05,3.3
2017-05-06,42.8
2017-05-07,42.5
2017-05-08,3.8
2017-05-09,4.4
2017-05-10,15.0
2017-05-11,36.9
2017-05-12,11.6
2017-05-13,14.9
2017-05-14,13.1
2017-05-15,9.8
2017-05-16,59.2
2017-05-17,36.1
2017-05-18,26.5
2017-05-19,33.7
2017-05-20,34.0
2017-05-21,25.6
2017-05-22,8.6
2017-05-23,8.5
2017-05-24,7.7
2017-05-25,16.7
2017-05-26,23.6
2017-05-27,19.6
2017-05-28,11.7
2017-05-29,6.7
2017-05-30,11.1
2017-05-31,14.7
2017-06-01,9.6
2017-06-02,6.9
2017-06-03,7.0
2017-06-04,12.3
2017-06-05,8.5
2017-06-06,20.0
2017-06-07,29.8
2017-06-08,19.7
2017-06-09,9.4
2017-06-10,2.0
2017-06-11,8.3
2017-06-12,7.8
2017-06-13,8.4
2017-06-14,8.3
2017-06-15,3.5
2017-06-16,3.1
2017-06-17,11.0
2017-06-18,44.8
2017-06-19,22.6
2017-06-20,9.9
2017-06-21,7.4
2017-06-22,9.3
2017-06-23,18.6
2017-06-24,12.7
2017-06-25,22.7
2017-06-26,7.8
2017-06-27,30.3
2017-06-28,58.1
2017-06-29,72.7
2017-06-30,26.8
2017-07-01,40.3
2017-07-02,16.5
2017-07-03,14.5
2017-07-04,7.7
2017-07-05,10.3
2017-07-06,9.1
2017-07-07,8.9
2017-07-08,6.3
2017-07-09,17.6
2017-07-10,27.2
2017-07-11,20.3
2017-07-12,27.6
2017-07-13,11.8
2017-07-14,5.4
2017-07-15,27.8
2017-07-16,69.8
2017-07-17,38.6
2017-07-18,17.8
2017-07-19,9.0
2017-07-20,15.1
2017-07-21,24.2
2017-07-22,18.5
2017-07-23,13.6
2017-07-24,47.9
2017-07-25,17.9
2017-07-26,11.8
2017-07-27,9.7
2017-07-28,19.4
2017-07-29,10.3
2017-07-30,7.8
2017-07-31,3.3
2017-08-01,8.4
2017-08-02,7.0
2017-08-03,8.5
2017-08-04,10.8
2017-08-05,8.5
2017-08-06,13.8
2017-08-07,11.8
2017-08-08,23.3
2017-08-09,40.4
2017-08-10,34.9
2017-08-11,59.9
2017-08-12,17.2
2017-08-13,15.4
2017-08-14,10.2
2017-08-15,6.7
2017-08-16,8.8
2017-08-17,10.4
2017-08-18,8.3
2017-08-19,18.6
2017-08-20,30.3
2017-08-21,50.4
2017-08-22,26.2
2017-08-23,8.3
2017-08-24,8.0
2017-08-25,5.1
2017-08-26,4.0
2017-08-27,9.3
2017-08-28,15.8
2017-08-29,15.3
2017-08-30,8.0
2017-08-31,17.9
2017-09-01,37.8
2017-09-02,55.3
2017-09-03,10.5
2017-09-04,6.4
2017-09-05,7.2
2017-09-06,12.3
2017-09-07,16.9
2017-09-08,8.8
2017-09-09,36.7
2017-09-10,34.3
2017-09-11,29.5
2017-09-12,62.9
2017-09-13,19.4
2017-09-14,50.8
2017-09-15,34.8
2017-09-16,23.0
2017-09-17,59.3
2017-09-18,25.6
2017-09-19,9.4
2017-09-20,12.3
2017-09-21,3.4
2017-09-22,4.7
2017-09-23,6.3
2017-09-24,4.0
2017-09-25,11.5
2017-09-26,31.0
2017-09-27,33.2
2017-09-28,30.8
2017-09-29,46.5
2017-09-30,23.8
2017-10-01,1.0
2017-10-02,2.8
2017-10-03,13.8
2017-10-04,2.5
2017-10-05,14.5
2017-10-06,27.0
2017-10-07,27.0
2017-10-08,27.5
2017-10-09,13.1
2017-10-10,3.3
2017-10-11,2.0
2017-10-12,6.0
2017-10-13,4.2
2017-10-14,1.4
2017-10-15,1.4
2017-10-16,1.4
2017-10-17,2.4
2017-10-18,6.0
2017-10-19,4.5
2017-10-20,5.2
2017-10-21,12.8
2017-10-22,54.2
2017-10-23,30.3
2017-10-24,22.9
2017-10-25,31.6
2017-10-26,7.8
2017-10-27,20.4
2017-10-28,28.5
2017-10-30,14.3
2017-10-31,28.9
2017-11-01,3.1
2017-11-02,24.1
2017-11-03,14.1
2017-11-04,7.5
2017-11-05,66.2
2017-11-06,25.0
2017-11-07,15.5
2017-11-08,13.8
2017-11-10,28.0
2017-11-11,5.7
2017-11-12,36.6
2017-11-13,60.6
2017-11-14,77.1
2017-11-15,77.3
2017-11-16,57.6
2017-11-17,49.6
2017-11-18,46.2
2017-11-19,14.7
2017-11-20,13.8
2017-11-21,18.2
2017-11-22,13.1
2017-11-23,15.2
2017-11-24,9.5
2017-11-25,57.0
2017-11-26,62.7
2017-11-27,32.8
2017-11-28,31.2
2017-11-29,31.8
2017-11-30,14.9
2017-12-01,10.7
2017-12-02,59.9
2017-12-03,51.8
2017-12-04,23.8
2017-12-05,11.0
2017-12-06,12.0
2017-12-07,32.7
2017-12-08,76.2
2017-12-09,29.3
2017-12-10,60.2
2017-12-11,55.9
2017-12-12,34.0
2017-12-13,49.2
2017-12-14,72.3
2017-12-15,66.9
2017-12-16,48.9
2017-12-17,34.1
2017-12-18,4.0
2017-12-19,22.9
2017-12-20,33.7
2017-12-21,30.6
2017-12-22,33.1
2017-12-23,19.7
2017-12-24,32.7
2017-12-25,24.0
2017-12-26,58.1
2017-12-27,81.0
2017-12-28,30.0
2017-12-29,15.9
2017-12-30,20.4
2017-12-31,28.5
2018-01-01,26.7
2018-01-02,36.7
2018-01-03,38.8
2018-01-04,62.2
2018-01-05,41.2
2018-01-06,45.1
2018-01-07,52.5
2018-01-08,50.7
2018-01-09,22.0
2018-01-10,5.8
2018-01-11,29.0
2018-01-12,74.8
2018-01-13,63.6
2018-01-14,19.9
2018-01-15,12.1
2018-01-16,54.0
2018-01-17,44.8
2018-01-18,35.8
2018-01-19,51.9
2018-01-20,26.6
2018-01-21,30.6
2018-01-22,10.6
2018-01-23,11.2
2018-01-24,9.0
2018-01-25,11.0
2018-01-26,39.0
2018-01-27,12.3
2018-01-28,4.3
2018-01-29,14.3
2018-01-30,10.4
2018-01-31,24.0
2018-02-01,61.0
2018-02-02,34.9
2018-02-03,32.0
2018-02-04,14.0
2018-02-05,30.3
2018-02-06,20.3
2018-02-07,28.7
2018-02-08,29.0
2018-02-09,5.4
2018-02-10,49.3
2018-02-11,26.1
2018-02-12,37.3
2018-02-13,33.9
2018-02-14,19.2
2018-02-15,13.0
2018-02-16,4.5
2018-02-17,22.2
2018-02-18,45.2
2018-02-19,53.4
2018-02-20,47.8
2018-02-21,65.1
2018-02-22,58.7
2018-02-23,68.3
2018-02-24,68.9
2018-02-25,52.0
2018-02-26,60.3
2018-02-27,40.7
2018-02-28,42.0
2018-03-01,47.5
2018-03-02,70.7
2018-03-03,57.7
2018-03-04,16.2
2018-03-05,19.4
2018-03-06,22.7
2018-03-07,45.0
2018-03-08,36.1
2018-03-09,23.3
2018-03-10,40.1
2018-03-11,56.0
2018-03-12,64.1
2018-03-13,64.6
2018-03-14,24.1
2018-03-15,66.5
2018-03-16,31.4
2018-03-17,35.0
2018-03-18,40.6
2018-03-19,8.8
2018-03-20,42.2
2018-03-21,69.7
2018-03-22,80.2
2018-03-23,51.0
2018-03-24,13.7
2018-03-25,39.7
2018-03-26,25.3
2018-03-27,7.0
2018-03-28,25.7
2018-03-29,61.3
2018-03-30,63.0
2018-03-31,75.4
2018-04-01,53.1
2018-04-02,16.5
2018-04-03,43.6
2018-04-04,56.8
2018-04-05,31.7
2018-04-06,4.8
2018-04-07,18.0
2018-04-08,19.2
2018-04-09,28.3
2018-04-10,22.9
2018-04-11,26.5
2018-04-12,19.4
2018-04-13,13.5
2018-04-14,40.3
2018-04-15,48.1
2018-04-16,10.9
2018-04-17,17.1
2018-04-18,66.3
2018-04-19,42.6
2018-04-20,40.1
2018-04-21,26.3
2018-04-22,8.3
2018-04-23,18.0
2018-04-24,12.9
2018-04-25,16.6
2018-04-26,15.3
2018-04-27,3.2
2018-04-28,7.7
2018-04-29,27.9
2018-04-30,38.0
2018-05-01,14.1
2018-05-02,34.4
2018-05-03,67.2
2018-05-04,57.4
2018-05-05,11.3
2018-05-06,11.7
2018-05-07,6.2
2018-05-08,4.6
2018-05-09,2.5
2018-05-10,6.7
2018-05-11,6.9
2018-05-12,8.2
2018-05-13,24.9
2018-05-14,24.5
2018-05-15,15.4
2018-05-16,10.8
2018-05-17,4.0
2018-05-18,5.9
2018-05-19,14.3
2018-05-20,24.8
2018-05-21,26.2
2018-05-22,14.0
2018-05-23,9.5
2018-05-24,12.4
2018-05-25,3.7
2018-05-26,3.2
2018-05-27,5.8
2018-05-28,9.3
2018-05-29,2.8
2018-05-30,18.7
2018-05-31,7.6
2018-06-01,15.0
2018-06-02,6.7
2018-06-03,5.0
2018-06-04,17.0
2018-06-05,14.0
2018-06-06,6.5
2018-06-07,3.9
2018-06-08,13.5
2018-06-09,33.0
2018-06-10,12.9
2018-06-11,7.4
2018-06-12,30.5
2018-06-13,17.3
2018-06-14,24.2
2018-06-15,44.0
2018-06-16,26.9
2018-06-17,9.8
2018-06-18,20.9
2018-06-19,20.0
2018-06-20,13.0
2018-06-21,7.0
2018-06-22,17.6
2018-06-23,32.8
2018-06-24,13.8
2018-06-25,21.5
2018-06-26,57.8
2018-06-27,20.3
2018-06-28,10.0
2018-06-29,7.9
2018-06-30,7.2
2018-07-01,13.8
2018-07-02,16.4
2018-07-03,8.9
2018-07-04,10.1
2018-07-05,12.4
2018-07-06,10.5
2018-07-07,5.5
2018-07-08,3.3
2018-07-09,12.2
2018-07-10,9.5
2018-07-11,30.5
2018-07-12,11.6
2018-07-13,4.0
2018-07-14,3.7
2018-07-15,10.8
2018-07-16,23.4
2018-07-17,10.9
2018-07-18,6.3
2018-07-19,8.7
2018-07-20,11.0
2018-07-21,33.8
2018-07-22,25.0
2018-07-23,22.3
2018-07-24,21.3
2018-07-25,9.8
2018-07-26,3.4
2018-07-27,5.6
2018-07-28,16.0
2018-07-29,8.3
2018-07-30,7.6
2018-07-31,10.3
2018-08-01,7.1
2018-08-02,12.5
2018-08-03,52.3
2018-08-04,25.0
2018-08-05,16.5
2018-08-06,4.8
2018-08-07,5.0
2018-08-08,5.0
2018-08-09,6.3
2018-08-10,15.0
2018-08-11,15.1
2018-08-12,5.6
2018-08-13,13.7
2018-08-14,11.4
2018-08-15,44.5
2018-08-16,35.6
2018-08-17,10.8
2018-08-18,4.6
2018-08-19,18.0
2018-08-20,25.5
2018-08-21,20.4
2018-08-22,18.3
2018-08-23,4.0
2018-08-24,7.3
2018-08-25,29.1
2018-08-26,38.8
2018-08-27,31.3
2018-08-28,11.8
2018-08-29,6.7
2018-08-30,9.2
2018-08-31,29.5
2018-09-01,18.6
2018-09-02,7.5
2018-09-03,5.1
2018-09-04,6.8
2018-09-05,3.3
2018-09-06,4.7
2018-09-07,8.5
2018-09-08,4.2
2018-09-09,3.8
2018-09-10,2.1
2018-09-11,2.8
2018-09-12,4.2
2018-09-13,5.8
2018-09-14,4.5
2018-09-15,3.1
2018-09-16,2.7
2018-09-17,2.8
2018-09-18,2.8
2018-09-19,4.2
2018-09-20,23.4
2018-09-21,8.7
2018-09-22,10.8
2018-09-23,30.2
2018-09-24,37.5
2018-09-25,82.4
2018-09-26,60.7
2018-09-27,29.4
2018-09-28,17.5
2018-09-29,32.7
2018-09-30,17.8
2018-10-01,31.0
2018-10-02,65.5
2018-10-03,31.0
2018-10-04,57.8
2018-10-05,51.2
2018-10-06,33.6
2018-10-07,4.0
2018-10-08,6.2
2018-10-09,20.6
2018-10-10,17.3
2018-10-11,17.5
2018-10-12,16.0
2018-10-13,23.4
2018-10-14,8.5
2018-10-15,14.2
2018-10-16,38.2
2018-10-17,24.8
2018-10-18,34.0
2018-10-19,19.0
2018-10-20,13.2
2018-10-21,26.2
2018-10-22,91.8
2018-10-23,54.3
2018-10-24,34.5
2018-10-25,18.4
2018-10-26,29.7
2018-10-27,81.3
2018-10-28,64.9
2018-10-29,64.0
2018-10-30,50.6
2018-10-31,44.9
2018-11-01,31.4
2018-11-02,38.8
2018-11-03,42.4
2018-11-04,46.6
2018-11-05,43.5
2018-11-06,32.2
2018-11-07,14.1
2018-11-08,4.3
2018-11-09,7.3
2018-11-10,5.8
2018-11-11,11.3
2018-11-12,4.6
2018-11-13,5.5
2018-11-14,11.3
2018-11-15,38.8
2018-11-16,75.0
2018-11-17,83.9
2018-11-18,70.4
2018-11-19,52.4
2018-11-20,49.2
2018-11-21,15.3
2018-11-22,5.2
2018-11-23,51.4
2018-11-24,42.3
2018-11-25,15.8
2018-11-26,24.8
2018-11-27,50.2
2018-11-28,74.6
2018-11-29,36.4
2018-11-30,13.0
2018-12-01,21.3
2018-12-02,17.9
2018-12-03,51.2
2018-12-04,21.2
2018-12-05,6.8
2018-12-06,24.7
2018-12-07,33.0
2018-12-08,67.2
2018-12-09,82.3
2018-12-10,42.1
2018-12-11,19.2
2018-12-12,13.4
2018-12-13,50.7
2018-12-14,64.4
2018-12-15,58.5
2018-12-16,22.7
2018-12-18,27.5
2018-12-19,21.0
2018-12-20,27.3
2018-12-21,59.4
2018-12-22,77.7
2018-12-23,25.7
2018-12-24,47.1
2018-12-25,25.2
2018-12-26,5.9
2018-12-27,6.3
2018-12-28,4.8
2018-12-29,9.9
2018-12-30,36.9
2018-12-31,7.3
2019-01-01,24.3
2019-01-02,57.2
2019-01-03,24.8
2019-01-04,13.6
2019-01-05,20.7
2019-01-06,8.5
2019-01-07,3.3
2019-01-08,23.9
2019-01-09,30.7
2019-01-10,47.3
2019-01-11,45.7
2019-01-12,19.8
2019-01-13,29.9
2019-01-14,49.6
2019-01-15,29.6
2019-01-16,63.3
2019-01-17,60.5
2019-01-18,38.8
2019-01-19,21.9
2019-01-20,9.8
2019-01-21,53.3
2019-01-22,30.5
2019-01-23,31.9
2019-01-24,74.0
2019-01-25,80.8
2019-01-26,29.5
2019-01-27,69.0
2019-01-28,44.5
2019-01-29,18.2
2019-01-30,19.2
2019-01-31,36.8
2019-02-01,84.5
2019-02-02,44.5
2019-02-03,27.8
2019-02-04,75.1
2019-02-05,67.0
2019-02-06,83.2
2019-02-07,15.5
2019-02-08,6.5
2019-02-09,30.0
2019-02-10,70.8
2019-02-11,62.2
2019-02-12,28.1
2019-02-13,23.0
2019-02-14,17.0
2019-02-15,27.8
2019-02-16,27.0
2019-02-17,4.1
2019-02-18,11.2
2019-02-19,13.2
2019-02-20,5.5
2019-02-21,9.3
2019-02-22,21.0
2019-02-23,88.1
2019-02-24,91.3
2019-02-25,93.8
2019-02-26,37.1
2019-02-27,14.0
2019-02-28,27.7
2019-03-01,17.6
2019-03-02,9.5
2019-03-03,14.1
2019-03-04,64.5
2019-03-05,69.6
2019-03-06,38.0
2019-03-07,73.1
2019-03-08,50.1
2019-03-09,39.8
2019-03-10,61.0
2019-03-11,64.7
2019-03-12,30.5
2019-03-13,49.0
2019-03-14,43.1
2019-03-15,49.6
2019-03-16,45.0
2019-03-17,45.4
2019-03-18,51.5
2019-03-19,79.4
2019-03-20,90.8
2019-03-21,78.5
2019-03-22,47.1
2019-03-23,37.5
2019-03-24,17.4
2019-03-25,30.5
2019-03-26,83.4
2019-03-27,88.6
2019-03-28,88.5
2019-03-29,65.0
2019-03-30,14.9
2019-03-31,4.2
2019-04-01,8.6
2019-04-02,11.0
2019-04-03,54.8
2019-04-04,81.3
2019-04-05,39.4
2019-04-06,4.0
2019-04-07,15.8
2019-04-08,35.1
2019-04-09,25.0
2019-04-10,13.7
2019-04-11,7.2
2019-04-12,22.9
2019-04-13,34.6
2019-04-14,34.5
2019-04-15,62.2
2019-04-16,10.1
2019-04-17,4.3
2019-04-18,29.6
2019-04-19,25.4
2019-04-20,22.0
2019-04-21,18.2
2019-04-22,46.5
2019-04-23,67.8
2019-04-24,52.9
2019-04-25,16.1
2019-04-26,47.0
2019-04-27,59.5
2019-04-28,39.6
2019-04-29,26.2
2019-04-30,18.8
2019-05-01,9.6
2019-05-02,25.3
2019-05-03,58.2
2019-05-04,17.2
2019-05-05,45.0
2019-05-06,39.0
2019-05-07,12.9
2019-05-08,51.5
2019-05-09,70.9
2019-05-10,42.7
2019-05-11,38.2
2019-05-12,50.0
2019-05-13,103.8
2019-05-14,78.8
2019-05-15,55.0
2019-05-16,28.5
2019-05-17,15.4
2019-05-18,33.8
2019-05-19,29.6
2019-05-20,51.9
2019-05-21,42.3
2019-05-22,19.3
2019-05-23,8.2
2019-05-24,7.0
2019-05-25,5.5
2019-05-26,34.1
2019-05-27,30.0
2019-05-28,23.2
2019-05-29,14.0
2019-05-30,36.3
2019-05-31,30.6
2019-06-01,20.8
2019-06-02,21.9
2019-06-03,27.4
2019-06-04,17.7
2019-06-05,21.0
2019-06-06,41.2
2019-06-07,32.7
2019-06-08,26.0
2019-06-09,25.0
2019-06-10,46.7
2019-06-11,26.8
2019-06-12,28.5
2019-06-13,12.1
2019-06-14,37.5
2019-06-15,28.2
2019-06-16,13.2
2019-06-17,8.3
2019-06-18,9.6
2019-06-19,9.0
2019-06-20,15.8
2019-06-21,14.3
2019-06-22,27.0
2019-06-23,5.3
2019-06-24,12.0
2019-06-25,33.1
2019-06-26,42.5
2019-06-28,7.6
2019-06-29,17.3
2019-06-30,16.3
2019-07-01,6.5
2019-07-02,29.3
2019-07-04,38.0
2019-07-05,24.5
2019-07-06,39.1
2019-07-07,49.2
2019-07-08,47.7
2019-07-09,52.6
2019-07-10,62.9
2019-07-12,17.8
2019-07-13,29.5
2019-07-14,37.4
2019-07-15,68.2
2019-07-16,65.3
2019-07-17,23.0
2019-07-18,20.1
2019-07-19,29.8
2019-07-20,32.2
2019-07-21,31.8
2019-07-22,14.8
2019-07-23,36.0
2019-07-24,28.5
2019-07-25,12.8
2019-07-26,38.5
2019-07-27,43.7
2019-07-28,39.6
2019-07-29,63.3
2019-07-30,25.9
2019-07-31,50.9
2019-08-01,19.7
2019-08-02,61.0
2019-08-03,25.9
2019-08-04,24.5
2019-08-05,28.6
2019-08-06,28.9
2019-08-07,74.1
2019-08-08,16.9
2019-08-09,8.9
2019-08-10,11.7
2019-08-11,7.7
2019-08-12,13.7
2019-08-13,31.7
2019-08-14,28.8
2019-08-15,15.9
2019-08-16,11.5
2019-08-19,9.6
2019-08-20,7.3
2019-08-21,3.7
2019-08-22,21.2
2019-08-23,34.5
2019-08-24,22.7
2019-08-25,14.3
2019-08-26,22.3
2019-08-27,6.5
2019-08-28,6.5
2019-08-29,6.5
2019-08-30,11.5
2019-08-31,11.7
2019-09-01,4.3
2019-09-02,4.4
2019-09-03,47.8
2019-09-04,52.8
2019-09-05,3.8
2019-09-06,41.5
2019-09-07,11.8
2019-09-08,74.7
2019-09-09,36.8
2019-09-10,19.2
2019-09-11,31.8
2019-09-12,44.1
2019-09-13,39.3
2019-09-14,36.3
2019-09-15,18.7
2019-09-16,6.7
2019-09-17,15.0
2019-09-18,9.8
2019-09-19,22.9
2019-09-20,56.5
2019-09-21,24.6
2019-09-22,37.9
2019-09-23,42.4
2019-09-24,24.6
2019-09-25,46.4
2019-09-26,23.3
2019-09-27,14.6
2019-09-28,26.2
2019-09-29,20.5
2019-09-30,38.7
2019-10-01,19.8
2019-10-02,42.5
2019-10-03,54.0
2019-10-04,21.1
2019-10-05,18.6
2019-10-06,5.7
2019-10-07,69.7
2019-10-08,20.7
2019-10-09,54.8
2019-10-10,51.5
2019-10-11,5.1
2019-10-12,17.0
2019-10-13,7.5
2019-10-14,28.5
2019-10-15,86.6
2019-10-16,52.3
2019-10-17,5.9
2019-10-18,16.9
2019-10-19,62.3
2019-10-20,78.8
2019-10-21,72.9
2019-10-22,9.2
2019-10-23,39.7
2019-10-24,53.6
2019-10-25,45.4
2019-10-26,18.7
2019-10-27,7.3
2019-10-28,8.3
2019-10-29,29.3
2019-10-30,3.6
2019-10-31,13.6
2019-11-01,38.9
2019-11-02,51.3
2019-11-03,98.8
2019-11-04,80.6
2019-11-05,99.5
2019-11-06,49.0
2019-11-07,42.2
2019-11-08,54.1
2019-11-09,14.5
2019-11-10,24.7
2019-11-11,70.1
2019-11-12,44.8
2019-11-13,17.8
2019-11-14,35.5
2019-11-15,69.8
2019-11-16,53.3
2019-11-17,57.9
2019-11-18,49.5
2019-11-19,61.0
2019-11-20,9.2
2019-11-21,34.0
2019-11-22,44.0
2019-11-24,62.1
2019-11-25,53.1
2019-11-26,16.1
2019-11-27,73.5
2019-11-28,80.9
2019-11-30,15.7
2019-12-01,57.6
2019-12-02,67.8
2019-12-03,70.5
2019-12-04,73.2
2019-12-05,30.2
2019-12-06,10.2
2019-12-07,33.6
2019-12-08,22.5
2019-12-09,65.4
2019-12-10,79.8
2019-12-11,40.2
2019-12-12,28.9
2019-12-13,88.2
2019-12-14,79.8
2019-12-15,51.7
2019-12-16,54.1
2019-12-17,83.8
2019-12-18,32.2
2019-12-19,31.8
2019-12-20,96.7
2019-12-21,102.6
2019-12-23,77.8
2019-12-24,52.1
2019-12-25,27.4
2019-12-26,21.8
2019-12-27,5.4
2019-12-28,42.8
2019-12-29,50.8
2019-12-30,57.6
2019-12-31,15.7
2020-01-02,15.4
2020-01-03,21.0
2020-01-04,13.0
2020-01-05,24.0
2020-01-06,15.3
2020-01-07,12.8
2020-01-08,36.2
2020-01-09,12.1
2020-01-10,16.5
2020-01-11,28.9
2020-01-12,34.3
2020-01-13,5.5
2020-01-14,10.3
2020-01-15,8.5
2020-01-16,5.4
2020-01-17,19.0
2020-01-18,33.8
2020-01-19,78.0
2020-01-20,105.8
2020-01-21,49.7
2020-01-22,8.6
2020-01-23,2.9
2020-01-24,29.9
2020-01-25,27.2
2020-01-26,6.1
2020-01-27,25.3
2020-01-28,80.4
2020-01-29,90.7
2020-01-30,30.0
2020-01-31,50.8
2020-02-01,54.8
2020-02-02,44.5
2020-02-03,46.3
2020-02-04,97.6
2020-02-05,103.0
2020-02-06,62.7
2020-02-07,8.7
2020-02-08,3.8
2020-02-09,39.8
2020-02-10,81.8
2020-02-11,106.4
2020-02-12,48.0
2020-02-13,44.3
2020-02-14,50.8
2020-02-15,4.9
2020-02-16,9.9
2020-02-17,30.6
2020-02-18,14.1
2020-02-19,24.4
2020-02-20,18.4
2020-02-21,11.3
2020-02-22,8.2
2020-02-23,42.6
2020-02-24,29.5
2020-02-25,80.3
2020-02-26,107.0
2020-02-27,77.4
2020-02-29,71.0
2020-03-01,103.3
2020-03-02,105.5
2020-03-03,71.3
2020-03-04,14.2
2020-03-05,47.4
2020-03-06,80.6
2020-03-07,53.3
2020-03-08,37.8
2020-03-09,28.3
2020-03-10,29.8
2020-03-11,21.0
2020-03-12,43.2
2020-03-13,22.2
2020-03-14,17.4
2020-03-15,67.5
2020-03-16,16.3
2020-03-17,4.5
2020-03-18,18.0
2020-03-19,17.1
2020-03-20,5.8
2020-03-21,4.3
2020-03-22,47.3
2020-03-23,79.4
2020-03-24,77.2
2020-03-25,102.4
2020-03-26,100.9
2020-03-27,96.0
2020-03-28,34.8
2020-03-29,6.3
2020-03-30,5.7
2020-03-31,70.3
2020-04-01,71.1
2020-04-02,21.3
2020-04-03,17.5
2020-04-04,77.3
2020-04-05,85.4
2020-04-06,52.9
2020-04-07,35.8
2020-04-08,25.0
2020-04-09,14.9
2020-04-10,12.5
2020-04-11,21.9
2020-04-12,19.8
2020-04-13,37.6
2020-04-14,24.1
2020-04-15,50.5
2020-04-16,14.6
2020-04-17,16.6
2020-04-18,14.7
2020-04-19,10.3
2020-04-20,39.9
2020-04-21,93.8
2020-04-22,94.5
2020-04-23,47.5
2020-04-24,15.7
2020-04-25,27.5
2020-04-26,15.4
2020-04-27,18.9
2020-04-28,64.3
2020-04-29,83.5
2020-04-30,51.8
2020-05-01,77.8
2020-05-02,70.2
2020-05-03,29.7
2020-05-04,28.4
2020-05-05,44.0
2020-05-06,23.0
2020-05-07,32.2
2020-05-08,15.3
2020-05-09,37.0
2020-05-10,43.5
2020-05-11,62.0
2020-05-12,55.1
2020-05-15,56.7
2020-05-16,30.5
2020-05-17,33.1
2020-05-18,60.8
2020-05-19,46.2
2020-05-20,83.6
2020-05-21,64.7
2020-05-22,16.2
2020-05-23,31.6
2020-05-24,20.8
2020-05-25,25.3
2020-05-26,27.4
2020-05-27,42.5
2020-05-28,17.5
2020-05-29,31.0
2020-05-30,26.2
2020-05-31,8.8
2020-06-01,18.4
2020-06-02,21.3
2020-06-03,30.7
2020-06-04,115.1
2020-06-05,62.7
2020-06-06,40.0
2020-06-07,68.3
2020-06-08,30.5
2020-06-09,19.9
2020-06-10,21.9
2020-06-11,18.4
2020-06-12,28.2
2020-06-13,41.5
2020-06-14,37.9
2020-06-17,38.3
2020-06-18,25.0
2020-06-19,18.3
2020-06-20,26.7
2020-06-21,16.5
2020-06-22,12.8
2020-06-23,11.7
2020-06-24,12.4
2020-06-25,14.0
2020-06-26,9.3
2020-06-27,8.3
2020-06-28,5.8
2020-06-29,29.3
2020-06-30,21.4
2020-07-01,18.0
2020-07-02,14.5
2020-07-03,21.3
2020-07-04,44.8
2020-07-05,30.3
2020-07-06,22.1
2020-07-07,47.0
2020-07-08,20.1
2020-07-09,6.4
2020-07-10,11.2
2020-07-11,15.6
2020-07-12,42.9
2020-07-13,61.1
2020-07-14,48.8
2020-07-15,8.4
2020-07-16,8.0
2020-07-17,8.3
2020-07-18,20.0
2020-07-19,10.8
2020-07-20,13.2
2020-07-21,13.3
2020-07-22,13.1
2020-07-23,12.5
2020-07-24,21.2
2020-07-25,13.8
2020-07-26,14.6
2020-07-27,5.5
2020-07-28,7.1
2020-07-29,9.8
2020-07-30,7.1
2020-07-31,11.2
2020-08-01,12.6
2020-08-02,12.5
2020-08-03,50.2
2020-08-04,39.2
2020-08-05,50.9
2020-08-06,52.0
2020-08-07,41.4
2020-08-08,54.8
2020-08-09,24.4
2020-08-10,12.3
2020-08-11,7.8
2020-08-12,4.3
2020-08-13,17.8
2020-08-14,17.4
2020-08-15,11.0
2020-08-16,8.0
2020-08-17,20.6
2020-08-18,30.4
2020-08-19,12.8
2020-08-20,4.0
2020-08-21,4.8
2020-08-22,12.6
2020-08-23,12.1
2020-08-24,21.2
2020-08-25,16.7
2020-08-26,17.2
2020-08-27,12.8
2020-08-28,31.5
2020-08-29,98.9
2020-08-30,78.6
2020-08-31,24.5
2020-09-01,5.6
2020-09-02,4.5
2020-09-03,5.0
2020-09-04,8.4
2020-09-05,7.1
2020-09-06,9.6
2020-09-07,15.0
2020-09-08,36.7
2020-09-09,13.2
2020-09-10,5.4
2020-09-11,18.0
2020-09-12,33.2
2020-09-13,30.5
2020-09-14,49.0
2020-09-15,29.9
2020-09-16,12.0
2020-09-17,30.2
2020-09-18,47.0
2020-09-19,15.4
2020-09-20,14.2
2020-09-21,5.8
2020-09-22,9.0
2020-09-23,26.7
2020-09-25,92.1
2020-09-26,58.5
2020-09-27,42.8
2020-09-28,14.4
2020-09-29,10.8
2020-09-30,6.8
2020-10-01,24.6
2020-10-02,113.6
2020-10-03,73.0
2020-10-04,91.3
2020-10-05,64.2
2020-10-06,53.2
2020-10-07,61.2
2020-10-08,4.2
2020-10-09,2.8
2020-10-10,21.9
2020-10-11,36.8
2020-10-12,76.4
2020-10-13,16.0
2020-10-14,30.3
2020-10-15,31.4
2020-10-16,11.3
2020-10-17,2.9
2020-10-18,3.3
2020-10-19,1.0
2020-10-20,5.2
2020-10-21,35.6
2020-10-22,43.6
2020-10-27,46.2
2020-10-28,10.7
2020-10-29,26.6
2020-10-30,7.6
2020-10-31,7.8
2020-11-01,18.8
2020-11-02,12.3
2020-11-03,9.6
2020-11-04,3.2
2020-11-05,35.4
2020-11-06,47.5
2020-11-07,8.8
2020-11-08,3.0
2020-11-09,2.5
2020-11-10,2.2
2020-11-11,3.4
2020-11-12,10.1
2020-11-13,4.5
2020-11-14,6.2
2020-11-15,12.0
2020-11-16,37.4
2020-11-17,90.9
2020-11-18,32.9
2020-11-19,6.9
2020-11-21,105.9
2020-11-22,64.2
2020-11-23,4.5
2020-11-25,7.5
2020-11-27,19.4
2020-11-28,47.0
2020-11-29,72.4
2020-11-30,35.2
2020-12-01,20.4
2020-12-02,36.1
2020-12-03,10.3
2020-12-04,89.3
2020-12-05,73.0
2020-12-06,41.4
2020-12-10,10.2
2020-12-11,8.9
2020-12-12,27.4
2020-12-13,24.3
2020-12-14,6.3
2020-12-15,13.5
2020-12-16,28.5
2020-12-17,12.0
2020-12-18,2.5
2020-12-19,10.5
2020-12-20,4.0
2020-12-21,4.9
2020-12-22,19.8
2020-12-24,88.4
2020-12-25,79.7
2020-12-26,91.0
2020-12-28,99.7
2020-12-29,69.1
2020-12-30,18.9
2020-12-31,25.9
2021-01-04,28.7
2021-01-05,32.0
2021-01-06,34.4
2021-01-08,24.0
2021-01-09,74.7
2021-01-10,69.0
2021-01-11,65.7
2021-01-12,29.3
2021-01-13,27.3
2021-01-15,52.3
2021-01-16,37.8
2021-01-17,21.2
2021-01-18,13.8
2021-01-19,27.2
2021-01-20,73.6
2021-01-21,88.2
2021-01-22,114.3
2021-01-23,100.3
2021-01-25,81.3
2021-01-26,19.3
2021-01-27,4.3
2021-01-29,79.7
2021-01-30,74.5
2021-01-31,34.4
2021-02-01,14.4
2021-02-02,9.8
2021-02-03,67.2
2021-02-04,60.1
2021-02-05,33.8
2021-02-06,56.3
2021-02-07,80.1
2021-02-08,88.2
2021-02-09,74.4
2021-02-10,90.9
2021-02-11,40.3
2021-02-12,36.2
2021-02-13,94.3
2021-02-14,91.7
2021-02-15,18.7
2021-02-16,37.2
2021-02-17,31.0
2021-02-18,16.9
2021-02-19,35.5
2021-02-20,19.7
2021-02-21,16.8
2021-02-22,28.3
2021-02-24,15.5
2021-02-25,11.8
2021-02-26,5.4
2021-02-27,22.9
2021-02-28,65.3
2021-03-01,38.5
2021-03-02,25.2
2021-03-05,19.5
2021-03-06,36.3
2021-03-07,18.5
2021-03-08,22.3
2021-03-09,44.2
2021-03-10,42.3
2021-03-11,42.7
2021-03-12,77.0
2021-03-13,62.6
2021-03-14,86.5
2021-03-15,42.2
2021-03-16,30.0
2021-03-17,8.9
2021-03-18,25.4
2021-03-19,42.8
2021-03-20,82.7
2021-03-21,95.8
2021-03-22,79.3
2021-03-23,46.4
2021-03-24,17.3
2021-03-25,17.9
2021-03-26,14.8
2021-03-30,9.8
2021-03-31,13.1
2021-04-01,16.9
2021-04-02,28.9
2021-04-03,34.0
2021-04-04,72.5
2021-04-05,38.9
2021-04-06,75.0
2021-04-07,40.7
2021-04-08,23.8
2021-04-09,36.9
2021-04-10,74.5
2021-04-11,103.0
2021-04-12,85.0
2021-04-13,32.5
2021-04-14,26.8
2021-04-15,10.6
2021-04-16,35.5
2021-04-17,68.9
2021-04-18,34.5
2021-04-19,24.4
2021-04-20,16.8
2021-04-22,10.9
2021-04-23,43.0
2021-04-24,33.4
2021-04-25,8.9
2021-04-26,29.8
2021-04-27,34.6
2021-04-28,20.8
2021-04-29,60.0
2021-04-30,24.0
2021-05-01,44.0
2021-05-02,79.0
2021-05-03,19.3
2021-05-04,34.7
2021-05-05,80.7
2021-05-06,74.4
2021-05-07,83.9
2021-05-08,8.7
2021-05-09,13.9
2021-05-10,66.6
2021-05-11,60.0
2021-05-12,78.2
2021-05-13,60.8
2021-05-14,53.7
2021-05-15,34.3
2021-05-16,67.0
2021-05-17,92.4
2021-05-18,47.7
2021-05-19,41.4
2021-05-20,9.8
2021-05-21,52.5
2021-05-22,97.0
2021-05-23,52.8
2021-05-24,34.5
2021-05-25,63.9
2021-05-26,14.3
2021-05-27,16.7
2021-05-28,8.9
2021-05-29,7.3
2021-05-30,38.2
2021-05-31,27.2
2021-06-02,6.8
2021-06-03,6.3
2021-06-04,12.5
2021-06-05,27.4
2021-06-06,18.5
2021-06-07,10.6
2021-06-08,15.7
2021-06-09,22.6
2021-06-10,20.4
2021-06-11,12.8
2021-06-12,11.8
2021-06-13,14.5
2021-06-14,14.2
2021-06-16,5.0
2021-06-17,11.2
2021-06-18,21.6
2021-06-19,14.0
2021-06-20,28.4
2021-06-21,32.7
2021-06-22,14.4
2021-06-23,15.0
2021-06-24,20.3
2021-06-25,20.1
2021-06-26,11.8
2021-06-27,8.7
2021-06-28,9.7
2021-06-29,22.6
2021-06-30,61.1
2021-07-01,49.2
2021-07-02,18.3
2021-07-03,13.1
2021-07-04,17.0
2021-07-05,27.5
2021-07-06,9.6
2021-07-07,23.8
2021-07-08,32.2
2021-07-09,31.9
2021-07-10,21.6
2021-07-11,26.2
2021-07-12,28.0
2021-07-13,78.6
2021-07-14,61.1
2021-07-15,18.9
2021-07-16,15.9
2021-07-17,37.0
2021-07-18,55.8
2021-07-19,54.2
2021-07-20,11.6
2021-07-21,11.1
2021-07-22,17.2
2021-07-23,9.5
2021-07-24,26.3
2021-07-25,85.8
2021-07-26,69.3
2021-07-27,56.7
2021-07-28,52.8
2021-07-29,19.1
2021-07-30,15.0
2021-07-31,31.0
2021-08-01,86.5
2021-08-02,56.3
2021-08-03,21.3
2021-08-04,21.7
2021-08-05,79.7
2021-08-06,50.2
2021-08-07,61.5
2021-08-08,54.7
2021-08-09,16.6
2021-08-10,14.2
2021-08-11,11.9
2021-08-12,8.3
2021-08-13,7.3
2021-08-14,6.7
2021-08-15,12.2
2021-08-16,44.7
2021-08-17,19.4
2021-08-18,15.6
2021-08-19,14.0
2021-08-20,10.5
2021-08-21,11.2
2021-08-22,20.2
2021-08-23,24.6
2021-08-24,29.5
2021-08-25,32.8
2021-08-26,23.8
2021-08-27,26.2
2021-08-28,39.0
2021-08-29,27.0
2021-08-30,10.4
2021-08-31,6.4
2021-09-01,10.4
2021-09-02,16.5
2021-09-03,13.3
2021-09-04,9.5
2021-09-06,50.5
2021-09-07,32.9
2021-09-08,20.2
2021-09-09,7.1
2021-09-10,7.7
2021-09-11,11.5
2021-09-12,14.1
2021-09-13,15.4
2021-09-14,7.7
2021-09-15,35.4
2021-09-16,69.0
2021-09-17,47.4
2021-09-18,27.3
2021-09-19,50.0
2021-09-20,39.3
2021-09-21,19.4
2021-09-22,12.2
2021-09-23,21.6
2021-09-24,25.5
2021-09-25,13.3
2021-09-26,36.2
2021-09-27,15.6
2021-09-28,14.6
2021-09-29,15.8
2021-09-30,33.3
2021-10-01,18.9
2021-10-02,12.8
2021-10-03,48.3
2021-10-04,74.8
2021-10-05,63.7
2021-10-06,60.5
2021-10-07,107.2
2021-10-08,104.3
2021-10-09,89.6
2021-10-10,85.5
2021-10-11,56.4
2021-10-12,13.8
2021-10-14,74.3
2021-10-15,48.0
2021-10-16,57.8
2021-10-17,22.5
2021-10-18,6.8
2021-10-19,6.5
2021-10-20,29.2
2021-10-21,80.3
2021-10-22,32.1
2021-10-23,30.5
2021-10-24,76.4
2021-10-25,48.7
2021-10-26,21.1
2021-10-27,57.9
2021-10-28,33.0
2021-10-29,3.6
2021-10-30,5.6
2021-10-31,21.4
2021-11-01,61.3
2021-11-02,74.4
2021-11-03,66.6
2021-11-04,65.1
2021-11-05,33.4
2021-11-06,80.8
2021-11-07,61.0
2021-11-08,36.6
2021-11-09,77.8
2021-11-10,53.5
2021-11-11,20.1
2021-11-12,17.3
2021-11-13,21.8
2021-11-14,42.8
2021-11-15,63.3
2021-11-16,66.3
2021-11-17,25.2
2021-11-18,34.2
2021-11-19,14.0
2021-11-21,20.6
2021-11-22,24.9
2021-11-23,75.3
2021-11-24,41.5
2021-11-26,25.3
2021-11-27,79.7
2021-11-28,77.6
2021-11-30,22.0
2021-12-01,66.6
2021-12-05,71.3
2021-12-08,73.7
2021-12-10,30.8
2021-12-11,78.0
2021-12-13,17.3
2021-12-14,6.0
2021-12-15,17.9
2021-12-16,39.7
2021-12-19,15.0
2021-12-20,60.2
2021-12-21,2.8
2021-12-22,10.2
2021-12-23,25.9
2021-12-24,70.6
2021-12-25,79.7
2021-12-27,29.7
2021-12-28,27.9
2021-12-29,34.3
2021-12-31,13.2
2022-01-10,95.0
2022-01-11,94.9
2022-01-12,90.8
2022-01-13,67.3
2022-01-15,16.9
2022-01-16,35.3
2022-01-17,13.8
2022-01-18,7.1
2022-01-19,21.3
2022-01-20,31.7
2022-01-21,26.5
2022-01-22,29.5
2022-01-23,7.5
2022-01-24,14.3
2022-01-26,27.8
2022-01-27,31.4
2022-01-28,34.5
2022-01-29,21.2
2022-01-30,42.4
2022-01-31,34.5
2022-02-01,48.2
2022-02-02,40.0
2022-02-03,23.5
2022-02-04,34.7
2022-02-05,8.8
2022-02-06,25.6
2022-02-07,68.6
2022-02-08,14.5
2022-02-09,38.1
2022-02-10,27.6
2022-02-11,14.5
2022-02-12,61.3
2022-02-13,19.0
2022-02-14,46.8
2022-02-15,56.4
2022-02-16,8.3
2022-02-17,34.0
2022-02-18,36.7
2022-02-19,46.5
2022-02-20,13.7
2022-02-21,59.0
2022-02-22,51.8
2022-02-23,7.2
2022-02-24,15.6
2022-02-25,21.6
2022-02-26,104.1
2022-02-27,100.0
2022-02-28,36.3
2022-03-01,55.9
2022-03-02,13.6
2022-03-03,9.0
2022-03-04,16.0
2022-03-05,88.8
2022-03-06,57.4
2022-03-07,39.3
2022-03-08,66.9
2022-03-09,31.3
2022-03-10,12.4
2022-03-11,18.3
2022-03-12,27.8
2022-03-13,18.4
2022-03-14,22.0
2022-03-15,36.9
2022-03-16,36.8
2022-03-17,35.0
2022-03-18,76.5
2022-03-19,57.9
2022-03-20,34.7
2022-03-21,44.4
2022-03-22,36.5
2022-03-23,23.7
2022-03-24,6.9
2022-03-25,8.1
2022-03-26,7.3
2022-03-27,23.6
2022-03-28,21.6
2022-03-29,27.3
2022-03-30,52.6
2022-03-31,35.1
2022-04-01,70.3
2022-04-02,49.1
2022-04-03,9.4
2022-04-04,8.7
2022-04-05,8.0
2022-04-06,15.6
2022-04-07,50.4
2022-04-08,79.4
2022-04-09,85.9
2022-04-10,32.8
2022-04-11,24.8
2022-04-12,24.8
2022-04-13,9.3
2022-04-14,17.5
2022-04-15,9.6
2022-04-16,46.5
2022-04-17,96.8
2022-04-18,49.5
2022-04-19,26.3
2022-04-20,22.4
2022-04-21,33.6
2022-04-22,32.5
2022-04-23,55.9
2022-04-24,69.3
2022-04-26,26.7
2022-04-28,48.0
2022-04-29,68.2
2022-04-30,27.8
2022-05-01,5.4
2022-05-02,14.5
2022-05-03,9.0
2022-05-04,9.0
2022-05-13,20.2
2022-05-14,12.9
2022-05-15,6.5
2022-05-16,12.0
2022-05-17,10.5
2022-05-18,13.5
2022-05-19,24.9
2022-05-20,18.0
2022-05-21,27.5
2022-05-22,16.2
2022-05-24,50.4
2022-05-25,26.2
2022-05-30,20.0
2022-05-31,11.4
2022-06-01,11.2
2022-06-02,8.3
2022-06-03,18.3
2022-06-04,24.7
2022-06-05,43.3
2022-06-06,17.8
2022-06-07,32.2
2022-06-08,18.4
2022-06-09,47.3
2022-06-10,74.5
2022-06-11,37.0
2022-06-12,25.2
2022-06-13,12.0
2022-06-14,5.3
2022-06-15,6.7
2022-06-16,7.5
2022-06-17,7.5
2022-06-18,19.5
2022-06-19,27.5
2022-06-22,32.8
2022-06-23,18.0
2022-06-24,29.7
2022-06-25,22.5
2022-06-26,17.9
2022-06-29,35.5
2022-07-02,14.8
2022-07-03,13.3
2022-07-04,12.9
2022-07-05,17.1
2022-07-06,9.3
2022-07-07,15.4
2022-07-08,47.6
2022-07-09,22.8
2022-07-10,17.1
2022-07-11,8.3
2022-07-12,6.6
2022-07-13,12.0
2022-07-14,6.9
2022-07-15,13.7
2022-07-16,11.0
2022-07-18,11.9
2022-07-19,14.9
2022-07-20,10.1
2022-07-21,10.1
2022-07-22,11.3
2022-07-23,19.5
2022-07-24,14.5
2022-07-25,15.8
2022-07-26,16.5
2022-07-27,15.7
2022-07-29,12.2
2022-07-30,19.7
2022-07-31,12.4
2022-08-01,10.6
2022-08-02,10.3
2022-08-03,15.7
2022-08-04,7.3
2022-08-15,26.9
2022-08-18,30.4
2022-08-21,8.5
2022-08-22,6.0
2022-08-24,36.1
2022-08-25,29.7
2022-08-26,8.4
2022-08-27,7.1
2022-08-28,12.5
2022-08-29,3.6
2022-08-30,5.1
2022-08-31,4.0
2022-09-02,11.1
2022-09-03,15.2
2022-09-04,4.9
2022-09-08,39.1
2022-09-09,42.6
2022-09-11,12.8
2022-09-12,1.8
2022-09-13,7.3
2022-09-14,44.3
2022-09-16,60.8
2022-09-17,44.8
2022-09-18,8.6
2022-09-19,14.2
2022-10-07,10.8
2022-10-08,5.9
2022-10-09,3.3
2022-10-13,21.7
2022-10-15,4.0
2022-10-16,1.6
2022-10-17,1.8
2022-10-18,2.0
2022-10-22,98.7
2022-10-23,71.7
2022-10-24,76.6
2022-10-26,7.4
